app_id,title,category,current_version,avg_rating,is_free,price,currency,contains_ads,dev_id,dev_name,dev_email,company_name,dev_key,version_tag,release_notes,upload_date,review_author,review_comment,review_stars
38c0d0f9-b4ec-4790-b6d0-5878866aa6ac,Digitized object-oriented infrastructure,Education,8.9,1.2,True,0.0,,False,ab4f304f-1631-432e-b48b-37802541c28a,Zachary Ortiz,robert06@mckinney-dennis.biz,Figueroa PLC,75fa9368f962a4ac,v1,Writer hour agreement season herself sport.,2026-03-01,lmartinez,One determine father hope but everybody scene people. Mission participant rock model claim others.,3
012e6fa4-87d9-4c71-b999-353c29284d71,Intuitive optimal contingency,Social,2.0,1.4,False,37.88,USD,True,309f8bd1-1dde-4dcd-bec6-59b41d586c3b,Angela Lane,rwilson@barber-khan.biz,Moody-Young,da084e6497700364,v2,Gun news apply seem can fast.,2026-01-22,mitchelljason,Education claim tell. Subject against guess. Keep option common final national push.,1
4a5c13d2-d755-464d-9fd5-a6b654b39764,Synchronized intermediate encoding,Education,10.2,2.6,True,0.0,,False,81f19c7a-bb68-4120-a545-8e4675626d01,Mrs. Hailey Patel,adkinsamanda@jones.com,Castro PLC,95427e1213aed287,v3,Grow operation nature next camera.,2026-01-21,maxwelltammy,West speech only source firm sometimes. Peace community ready agency above.,2
21b2dc2d-5b53-402f-a030-eea487518606,Grass-roots foreground data-warehouse,Productivity,11.0,1.9,True,0.0,,False,4be2eff1-4899-4c06-8eb7-a0efa8c4071f,Brittney Perry,harrismichael@garcia.org,Chen-Barrett,ffc27fe3857d7225,v5,Adult tax before turn line however.,2026-01-03,annawest,Attack guy author hand share leader food. Group better example high.,1
a26ca8e1-419a-46f1-939d-64e5d7dca7ec,Decentralized 4thgeneration middleware,Productivity,9.5,1.0,True,0.0,,False,86c2535c-2e6a-4dca-adf7-f24fd16f7869,Lisa Johnson,shirleymeyers@gordon.com,Estes-Carey,34c9f851c2be6f77,v3,One soldier mention.,2026-03-01,amandastewart,Local hand section side race by standard. Against plant success stage difficult.,5
03ba8a66-0eab-4478-b394-fb5c13f4a029,Proactive holistic Internet solution,Productivity,10.8,2.5,True,0.0,,False,7ba42bdb-4551-4627-b619-3e8b66a1b528,Amy Smith,brownjustin@anderson.org,"Williams, Clarke and West",14c884e80a47240b,v1,Ability off purpose discover great American.,2026-02-20,wendyerickson,In player authority where. Research green manage join big just.,1
1bbfcd4c-c2ad-4f3e-93ef-614e82f43057,Monitored asynchronous productivity,Productivity,4.0,1.5,True,0.0,,False,081b9b73-f76e-406e-8bac-52aee69c459d,Justin Silva,laurenstuart@kirby-williams.com,"Kelly, Norton and Brown",2de2731eb36a8333,v3,Energy including alone name onto follow couple.,2026-01-28,hendersondonna,Thank institution inside coach red.,2
eb784159-6654-4e11-8087-dee4c8681c6f,Future-proofed zero administration Graphical User Interface,Social,8.0,1.3,False,7.07,USD,False,1cfc99c0-b7d0-40a0-93af-9ec6b6dffa5d,James Jones,mirandacindy@owen.net,"Salinas, Lin and Klein",013a4e3912deb8d3,v2,Add opportunity one young forward then.,2026-02-20,navarropatricia,All marriage different writer human per. Tonight can box laugh just exist.,1
270eb578-7519-4caa-ba56-94cf65e86756,Multi-layered incremental policy,Finance,11.3,2.2,False,1.26,USD,False,6fb6ee21-b67a-4e89-bca5-a5b410c1cb41,John James,rebeccajones@padilla.com,Smith-Mcdaniel,3f546a7ca6f7e357,v3,Carry mind series political officer computer.,2026-02-25,greenmichael,Success star four. Mr fund according high area perhaps method choice.,2
9445c372-271f-45dc-9b51-112c0edb3cf6,Persevering fault-tolerant challenge,Productivity,9.5,1.4,True,0.0,,True,0e2dbbb2-bf32-4cb4-8c54-23f10ec8e4f4,Danielle Lewis,wendy10@johnson.biz,Schroeder-King,f5ef11c099b4a3fc,v5,Member church country choose sing itself.,2026-02-02,hooperjanet,Tax specific hand two bed. Computer including view student manage surface front he.,1
283d656e-0148-46f3-a8aa-4191b7a553d0,Intuitive regional data-warehouse,Social,2.0,1.9,False,38.12,USD,True,f3e20dd4-5e90-4762-82aa-9ff24720d600,Rachael Lee,michaelbrowning@greer.info,Gentry Inc,d84dcb7833e42f99,v2,Eat case develop yourself main.,2026-01-27,george47,Behavior pass note head bit team seek. Low weight let Congress strong.,1
0463be4b-2a83-4bb7-9123-f70f63be846e,Grass-roots high-level concept,Social,12.1,4.3,True,0.0,,False,08ff419c-8aa6-4b8e-a54f-869ccb08452d,Louis Parsons,robertsmichelle@hubbard.com,Barton-Gonzalez,4b83a8f79b17b8c7,v5,Begin gun season source seven available.,2026-02-15,stephanie36,"Cup smile heart price attack talk.
Economy serve conference new effort.",3
64784df3-354e-4c9e-a233-708e2cd2f1b9,Synergistic needs-based adapter,Tools,12.3,2.0,False,17.7,USD,False,883f5733-90a4-45d5-ab5d-64e1fa2c4305,Jason Larson,denise07@walker.com,Hunt PLC,7d5cdc1ca88311e3,v5,Training certain structure my carry.,2026-01-23,josephsalinas,Build movement machine eye mind receive. Us rich reflect go before sure seven parent.,2
b63bb039-e226-4e63-8791-c847fb83bb70,Configurable upward-trending toolset,Social,2.4,3.6,False,28.17,USD,True,9dd6021e-6dc0-4689-9159-836c5c25dbf7,Mr. Marcus Watson Jr.,clarkjeremy@russell.com,Ramirez PLC,bbd25ac0b06870f0,v4,Lose American shoulder among personal old.,2026-03-01,kevin62,Board next window smile serious political time. Pick mouth campaign.,2
c1582ea5-40ac-4afa-91b9-f05af5a2b3b5,Seamless fresh-thinking moderator,Finance,3.4,3.1,True,0.0,,False,def75948-e35a-4ee8-83fb-098d55c6b3d1,Joseph Murphy,abigail53@jenkins-rogers.com,"Parker, Tate and Jones",91c0e5fc330fa669,v5,Special feel another determine husband public continue together.,2026-02-25,april87,Identify pass would occur agent former. Identify within collection tell.,4
11fb8a61-8237-4332-b273-56eb6ffd379e,Re-contextualized mission-critical project,Tools,3.3,1.9,False,20.2,USD,False,c850baa0-14c3-49f8-9982-f9f1090ff6bf,Daniel Martinez,owheeler@zhang.com,"West, Smith and Greene",7863f4e2ba3019c1,v4,Three late school door beyond.,2026-02-17,jeffrey23,Oil against heavy animal term serious. Then magazine fear into.,2
17b3b6a2-fff6-444d-a57b-481e9968bfec,Optional optimal moderator,Education,10.0,1.7,False,20.78,USD,True,8d337c0e-494c-47ae-9753-652841636472,Jessica Whitehead,fshepherd@west.com,"Davis, Burns and Jordan",ce5e4d4bbf6a886b,v2,Available improve two Mrs.,2026-01-09,patricia92,View others because thing watch save. Few indeed stock training stand two crime.,5
1f3e1622-e96f-4644-8863-861018b728e4,Quality-focused explicit hardware,Social,7.5,4.2,True,0.0,,False,603a9bea-6253-4de6-be10-fe5a0d23a22e,William Velasquez,erodriguez@powell-shea.com,"Miles, Castro and Schneider",81a3c64b8ff5d8ed,v3,Customer again speech spend skill author.,2026-02-04,twilliams,Where degree audience early. Into here career sound voice could challenge move.,4
374f1c14-8e20-410d-a17c-e1f987cc3bd8,Stand-alone high-level orchestration,Tools,6.6,3.7,False,21.73,USD,False,7e6a0266-64bf-44c4-b836-fe8e9163b583,Erica Jones,david11@morrison.com,"Austin, Hill and Jackson",d1ddd65faf7e0558,v5,Lot line political official follow huge beyond.,2026-02-10,joebrown,Writer save factor security finish chair. Current in bag agency hotel administration note.,5
ffb38d3c-9601-4dcb-8681-f24400cadc01,Automated exuding extranet,Social,11.8,3.1,False,35.01,USD,True,fb6b3bcc-aac9-45dc-8ab8-847f7d1d8be1,Matthew Tucker,andrea06@hartman.com,Becker-Hughes,1d78f920eff27742,v2,Speak off environmental speak management executive citizen.,2026-01-04,nguyenrobert,Dinner drug girl grow.,5
b54aa643-00bf-4d41-98a5-a755269d75a5,Future-proofed mission-critical implementation,Tools,8.4,3.8,True,0.0,,False,992418c0-0238-42ae-ae68-8ee4671c20cb,Penny Russell,brandondelgado@campbell.com,"Hines, Jennings and Leonard",f527190ea81cfc69,v3,Everything voice hospital board town challenge bring.,2026-01-18,wayne99,Attack best center responsibility deal improve case describe.,5
56174b95-d0f4-42d5-952f-34ec5f3431cb,Customizable coherent framework,Games,4.2,1.1,False,36.01,USD,True,37566110-9ef7-451b-8c28-56b10588fb31,Carolyn Todd,jenna35@simpson.com,Carpenter LLC,d1aaaf622a575d5d,v5,Sign pick try yard.,2026-02-17,angela76,Focus kind area play born.,1
97654afc-0fd5-4000-8c8b-a3887d131938,Secured optimal success,Games,6.0,1.4,True,0.0,,False,dfa5ab1a-59bc-4854-aa64-a8a03f099648,Kathryn Mitchell,snelson@stafford-ferguson.biz,Rose-Gamble,159b41a2cc6557ab,v2,Bit because protect.,2026-01-17,zelliott,Turn hold give visit. Quite candidate police then.,2
bacd0a33-ef9e-4838-96ab-028145c63d33,De-engineered composite intranet,Productivity,12.9,4.7,False,18.57,USD,True,807cc253-a72e-4392-8b56-e389bfedfd64,Paul Jones,cristina62@love.com,Barker PLC,cfa185f4e61f74b4,v1,Head might manager like.,2026-01-14,juan57,Employee scientist upon trade offer time tax central. Strategy more stop I road forget think.,1
14b8f697-d575-4534-9cc7-ad8eefa65f00,Pre-emptive bandwidth-monitored customer loyalty,Productivity,2.6,4.3,True,0.0,,False,031775ce-fe0f-42be-bece-315876289cdb,Wayne Ford,armstrongnicole@duffy.com,"Bailey, Silva and Cox",9b7c3c96973a8aae,v1,Charge still soon style.,2026-01-28,martinterry,Ago direction quality military person. Wait production action.,4
22ee9480-cfd2-4cbb-b16b-5fcadf76cac6,Multi-layered content-based approach,Productivity,2.7,3.5,True,0.0,,False,34e225bc-2c40-4631-9c10-92f6b395a93b,Matthew Collins,melissa59@smith-krueger.com,"Miller, Burns and Diaz",b84a9f732bb83a70,v3,Job professor item news do crime.,2026-01-05,pkennedy,Yard well matter blue us program send. Experience major measure station tree theory.,2
1c4fb8f3-7b90-4374-b7dc-ff31f91f6b58,Synergized fault-tolerant leverage,Tools,5.1,1.6,False,46.37,USD,True,94370146-a430-4bc4-a435-6e1511e38859,Darren Patel,eric81@sloan-garcia.com,"Weaver, Black and Martinez",80d8ef58982d0a7c,v2,Factor life against after up.,2026-02-10,harriszachary,Ago represent traditional write. Truth big citizen enough couple policy.,5
f9fbf226-a889-489f-995f-50c584f72140,De-engineered exuding algorithm,Tools,11.2,4.5,True,0.0,,True,8219a152-8271-4ab5-903b-d8ee81ecb5f3,Jodi Blake,alexandradavis@chambers-anderson.com,Blackwell and Sons,c3d8663800ab1dd9,v5,Eat cold section expect.,2026-03-01,lchang,Surface listen attention per provide. No great amount door race middle. Official thus agree media.,1
dc6d8004-e611-4007-a623-b43c1a76e03f,Phased intermediate utilization,Education,7.2,1.4,True,0.0,,False,b2f7da14-8ce6-4170-a1f6-6b4b49d95062,Robert Chen,kenneth88@crosby-guzman.com,"Allison, Martin and Brown",202907c548fc56fd,v1,Add claim which edge computer.,2026-02-26,sotomichael,Want worker woman west leader interesting. Mission religious citizen bill how cell produce reality.,1
9f36e732-81c0-4700-9671-8a0951716b73,Focused tertiary groupware,Games,2.1,1.2,True,0.0,,True,3d1ae0c1-1e4d-47b3-84db-582e65f96392,Tara Wood,davischristopher@cox.org,"Morse, Bird and Boyd",95f7ae0381e0db43,v2,Dog total see marriage listen strategy.,2026-01-22,nelsonandrew,Your through address beat hot color economic. Dream put want bring wait.,5
d185b138-467d-43e6-a61e-1ed2e4a80342,Public-key fault-tolerant process improvement,Finance,7.2,1.8,True,0.0,,True,fa133765-b991-45d0-82c0-e658bb96e360,Jessica Chase,kevinrojas@moore-simmons.biz,"Kennedy, Mcmahon and Cameron",ae6b82115876d115,v1,Red bring end expert.,2026-01-08,jeffreymcclain,Simply back organization.,4
dd6c9d1c-f784-4c61-96d9-d397ad5d9f27,Balanced hybrid Internet solution,Finance,2.1,4.5,False,43.87,USD,True,c0218bea-16dd-4111-9f61-4f1fb530d16f,Jenny Davis,rebecca32@wells-stafford.com,"Myers, Willis and Burgess",f0c4bbdea1f0d48a,v3,Great peace on whose.,2026-01-05,sonya48,Into central main.,4
9bfc5745-bb68-4fb5-ae9f-1190ec2865f4,Visionary eco-centric orchestration,Productivity,10.3,3.6,False,10.72,USD,False,9bd17308-cb70-425f-ba01-67bbf9b9c64e,Melissa Velasquez,bondfrank@ayers.biz,Carter-Roach,4dcc5b6ebdf65d6c,v5,Contain piece we same.,2026-02-03,ukelly,People and seek what what race. Action as somebody ask along phone.,4
23be122f-85ce-40f4-b21a-f1de3c205a04,Cross-platform intangible toolset,Education,8.2,1.5,True,0.0,,True,f9315926-cc09-423f-8022-e6ab99cc1010,Dale Brown,martinezbrandon@boyer.com,Bennett Inc,cfbf2b0dd7a69314,v5,Hand position past ok wonder big.,2026-01-19,katherine19,With we official very where. Fact woman both success lot unit.,1
a73f352a-ed52-4765-8283-5ed4eb896a7a,Networked 6thgeneration architecture,Education,5.2,3.8,False,44.97,USD,False,143bd350-ed67-47b1-b540-988e446e7db6,Jonathan Thomas,jennifer79@costa.com,White-Rice,a666031a297b4b34,v4,Control real pressure paper nearly issue my.,2026-01-27,marvingolden,Road group business when discover bit because. Half have notice environmental.,5
fdbac133-633d-4cb7-9e27-b3913a10371d,Robust contextually-based attitude,Social,9.2,3.5,False,35.92,USD,False,db31fc96-e5b3-4466-bd49-208b52b7e5ee,Kelly Thompson,esteele@peck-rose.net,"Waters, Rivera and Bowman",e339b0115852fa05,v5,Wall modern catch effort bad.,2026-01-10,michael65,Crime control something change act offer detail by. Join where read.,1
15c46441-38cc-4628-9349-e2c21c17623f,Enterprise-wide mobile methodology,Social,4.2,1.9,True,0.0,,True,94c4118b-a2ff-4393-be73-6029d849ff0a,Maria Thomas,luis39@martinez.com,"Cobb, Norris and Ramos",4652d5d6ec90c4c4,v4,Get sport ground east plan table.,2026-01-03,austinomar,Happen event Congress. Amount gas throughout fine.,1
39e771b2-b92f-4699-9aac-67369e53034a,Focused fault-tolerant superstructure,Productivity,11.8,4.1,True,0.0,,False,c146646e-ddd2-4d2a-bb6b-84c066a3f23c,Sonya Brown,sthomas@henry.info,"Hill, Cisneros and Owens",58718fa927b5a413,v2,Also improve only whole book player physical.,2026-02-11,tina38,Above like five difficult clearly join. Next cost first worker. Of both citizen wrong.,1
53b04451-433a-49a7-ba28-8c752e696073,Automated heuristic synergy,Social,11.7,1.8,True,0.0,,False,2e047d1e-e12f-4b60-b674-17ddd80bc40d,Natalie Anderson,padillawilliam@copeland-wood.com,Cherry-Guerrero,8140bd83064eb439,v2,Data pattern though look.,2026-01-01,melissa48,Husband determine pick describe position you use. Care system grow actually far page yard.,1
d6a0d5a4-792b-4057-b208-79982f31c4ba,Compatible mobile model,Education,4.4,3.9,True,0.0,,False,c7f0335d-c156-49b1-89e9-f3a78d748470,Kimberly Reed,princesarah@roberts.org,Nguyen PLC,766d37c2dc82b5a0,v2,Wonder particular character side despite.,2026-02-22,andersonalbert,Line carry indicate stock similar something. Common different right say official hot area.,5
8040f233-076a-4c66-b315-cc7442497321,Diverse composite adapter,Productivity,5.6,2.1,False,15.16,USD,False,effe45d7-5df1-44ed-9920-e6f03d605613,Thomas Clark,dawn70@romero.com,Weber-Gray,409dd9731ff529fd,v2,Official condition risk set many great decide.,2026-01-29,turnerjennifer,"Green low throw toward western beautiful physical.
Care a window. Military ball follow sister bit.",3
b496537a-df35-4d86-bdc7-ee10b2aa8397,Synchronized fresh-thinking analyzer,Productivity,6.0,3.7,False,3.53,USD,False,2ce99ff4-a970-40f2-9d17-7c62d57e052b,Laura Sullivan,paigefry@sanchez-huynh.info,"West, Coleman and Mills",17416c20d9a98da3,v2,Common recent performance.,2026-02-10,dennis40,Firm name series very. Exactly difference born surface issue yourself figure.,4
7ec8976b-5167-4be3-8fea-6a796390b7d6,Profit-focused fresh-thinking application,Social,3.9,2.1,False,34.86,USD,False,c5e0fcff-b3fb-4066-82c2-fbc1a7c5ee72,Kelsey Perez,mason76@bolton.com,Christian and Sons,af24c724a84ec25a,v2,Kitchen effort physical process trip current.,2026-01-10,isaacjohnston,Control resource first. Near bar group live role nice say.,2
103b4437-dbc3-40c9-b298-69ebdba65cf2,Customizable transitional superstructure,Tools,1.7,2.2,True,0.0,,True,070c4045-6b7e-4bb8-b7ca-d413bb9aaa8a,John Riley,lisa37@boyle.com,Galloway-Briggs,a9ba56bcf83527e5,v3,Teach when age red team.,2026-01-05,brittanycampbell,Share in relationship worker opportunity federal. Grow line price past.,5
2f64508d-a011-4dba-b2a7-de178d91ba9a,Re-contextualized tertiary encryption,Tools,7.9,3.3,True,0.0,,True,da4e6c26-6c27-4b05-a659-b3e04d8d18f7,Whitney Taylor,nicolas62@nelson-erickson.com,"Peterson, Walter and Nichols",b1ec632b903baa23,v1,Need instead people key statement deal ask.,2026-02-25,sonyagarcia,There far financial course.,3
a9919a57-f473-494e-90e6-f40ec8007971,Adaptive optimizing secured line,Education,10.1,2.1,True,0.0,,True,96748cff-6864-4e18-86cc-00397a259003,Whitney Suarez,xhicks@herrera.com,Kidd Ltd,3895a5efce43d8ed,v1,Wall fly live along reveal.,2026-01-09,patrickwilson,Recent Mr such his in.,3
ef37c55a-af09-42b7-b55e-e5328479f848,De-engineered systemic Graphic Interface,Productivity,8.9,4.2,False,20.83,USD,True,6eee04fd-29bb-4f32-b595-6927e4e50a95,Maria Parker,michaelbriggs@adams.org,Hubbard-Best,1a04257eaa946340,v1,Experience month everything cultural hope especially concern.,2026-01-13,caindaniel,Course per toward movie long moment. Store very ok everybody. Sport true professional remember.,1
ee338dfe-6169-4a49-8af7-42b58ed2758f,Open-source coherent open system,Productivity,3.5,4.7,True,0.0,,True,076fda88-bf21-40fb-b56d-8959336bc754,Brian Cisneros,martin14@hanson-miller.com,Flores and Sons,8863f4e183dff4e2,v2,Relationship data research.,2026-02-12,leslie60,Book book argue military fear look man. For marriage speak interview commercial.,1
132ed3ee-f338-4d80-a8a7-96eae70ce043,Sharable 5thgeneration hardware,Tools,10.7,2.4,True,0.0,,True,2044aa43-aa22-4761-8292-40e8828cd1d5,Robert Jackson,fgriffin@peterson-taylor.com,"Shaw, Green and Anderson",cf4581b9d66e7dbf,v2,Or before at attorney second mouth thousand.,2026-01-15,maria26,Himself process maybe draw. Game bag impact maybe public away.,1
c6138d15-38fd-4254-84b7-7e0a52d0a606,Horizontal user-facing migration,Education,1.0,4.9,True,0.0,,False,7c6eb4cd-2353-45ff-abb2-896fa51a8acf,Jacqueline Cummings,jacob30@daniels.net,Miles and Sons,78b87902d57835bf,v3,Back article certain one spend.,2026-02-02,djackson,Read budget dog there. Include fight compare fast degree couple visit.,2
efb5891c-4502-4bb1-8619-c572301d756f,Configurable exuding synergy,Finance,12.6,4.8,True,0.0,,True,a4bb91c2-2d41-4a74-b12b-150811f9cc0a,Kevin Golden,jonathanpayne@west-christensen.biz,House-Chandler,4a4a7a1a578f59b1,v1,Born stock I final cost.,2026-02-21,juliecastro,Just change she phone. Investment these population street alone drive lawyer.,2
be098c2e-c521-482c-b44b-88773b30b255,Face-to-face cohesive website,Games,5.5,3.7,False,38.92,USD,False,df7b8d11-90ce-4113-b0b4-c75d126cf4da,Seth Smith DDS,wharvey@garcia.org,Sanchez Inc,f6adffce83c6d393,v1,Manage keep could adult character story notice.,2026-01-21,elizabethmcbride,Concern if front phone. Computer soon energy blue machine history suggest.,3
2ea587fa-4852-4572-8da1-4c6aeb599455,Triple-buffered static monitoring,Games,4.7,4.2,False,35.27,USD,False,efdcfa95-ecbd-4d5d-8ea9-72d73b550f80,Rhonda Johnson,john39@ayala.com,Gordon-Dickson,f77c56b8480222f8,v2,Specific huge including sense program run situation.,2026-01-06,hwilliams,Relate those soon note theory. Officer cell price amount it understand.,1
84071677-95e3-490b-ae12-11e482b6212c,Advanced client-server paradigm,Finance,9.1,3.5,False,13.95,USD,True,6ee56c19-c8a7-4fcc-b56a-3eb3a78b7379,Brandi Powell,markwilliams@arnold-owens.biz,Brown-Wright,6546b7fb866be0f5,v5,North manage throughout federal anyone.,2026-02-18,sarahmartinez,Reality no myself mission local be manager huge. Assume article oil. Along young leader must.,5
dec03175-3a1e-448f-976f-4df878029333,Automated foreground encoding,Games,1.5,2.0,False,15.95,USD,True,bc720e2f-fc7f-449c-adca-7f5f23ffc82c,Casey Knight,sbishop@shaffer.org,Oliver-Sloan,ebfb376b88879b7b,v5,College right agent those remember red place.,2026-01-03,sarah38,Pay city several capital pattern health culture. Not expert father standard marriage.,1
a5df2003-da07-41b8-99cc-0373ed8628a9,Horizontal directional groupware,Productivity,1.0,4.7,False,1.97,USD,True,4878ef22-ad48-4fe8-915d-46d1769d8714,Gary Decker,joshua46@williams.com,Smith Group,a4089f23b5466cdc,v3,Sign democratic practice end part voice line even.,2026-02-25,unguyen,Arrive especially enjoy explain anyone standard. Important enter trip true similar this fire.,3
3281b188-26ce-4bbd-90da-8ea9193cc705,Profound radical artificial intelligence,Games,10.1,3.5,True,0.0,,True,575c5f2f-25a8-480b-afde-34e47dc0f4e6,Michelle King,deannamitchell@price.net,Hayden-Jenkins,114d970302ba20a6,v1,Feeling street lead effort decision before hundred.,2026-02-08,faithbyrd,Wonder few perform where. Later set style leader.,5
6eddbd9e-eebc-4682-b918-d2f15e816551,Inverse homogeneous alliance,Tools,1.4,4.7,False,45.69,USD,True,795cfea4-f494-484b-88e8-16f3bad6e3b6,Jessica Pearson,hmoyer@cuevas.org,Stevenson Group,886e4f2064d531d0,v4,Provide market office try term seat.,2026-02-01,rogersmelanie,Note quite bill. High fast blue house commercial husband beautiful.,3
1f42c5a4-0aff-46a5-bbba-bb2558d4ac25,Sharable bifurcated workforce,Productivity,7.1,4.0,False,8.77,USD,True,56a503e5-039d-486e-982f-044906a55bbe,Kelly Shaffer,jdalton@waters.com,Perkins Inc,fe9ff5171fc54a24,v1,Yet second job others father protect community.,2026-02-05,storres,Billion quality others left couple happen away. Then discuss decision.,3
434272fe-a28a-4093-bff3-713222bdacaa,Visionary bandwidth-monitored array,Productivity,12.1,3.0,False,24.69,USD,False,b16f950b-7da4-4327-9c6e-20848a02cde1,Carrie Adams,kramerglenn@murray-merritt.com,"Watson, Rivera and Roberts",649923abb364a52d,v3,Financial off garden charge least happen.,2026-01-04,paulaglover,Feel score Mrs become skin north thing many. Your which call thus same spring avoid entire.,3
c0a4b234-bfbc-49c2-82c0-7ece919f91dc,Organized uniform standardization,Education,7.1,4.2,False,41.92,USD,False,38ac6643-2206-4268-88fb-1f0fb1536a76,Wanda Garcia,jeffrey09@olson.info,Aguilar-Hamilton,e10b338a3a38b829,v3,Blood action skill other role.,2026-02-03,beth64,Western dark west range summer decade. After certain number culture different.,5
14e06fe9-52b5-4829-9639-0d4beddd53ea,Upgradable local instruction set,Finance,4.8,5.0,True,0.0,,True,27e41897-b6d0-47c8-9459-890ba420e7d7,Seth Ortega,gloriasmith@wagner.com,Rodriguez Ltd,b0606ba158af8177,v4,High resource bad woman television radio benefit.,2026-01-11,fpitts,During international some structure. His worry this.,1
be78355d-ed2b-4f1c-aef3-7701ce0cb7e5,Business-focused client-driven artificial intelligence,Tools,5.9,3.6,False,34.03,USD,False,e2a7eabe-857c-4dae-8cc1-1a3fbe814ee8,Ian Martin,kellycathy@walters.com,"Maxwell, Burke and Day",d765187962a63457,v2,Box several career point.,2026-02-14,wilsonemily,Recent set contain others message put chance. So field conference pretty goal pressure.,2
d8d485ae-c57f-4d8c-a332-765cf4a2803e,Fully-configurable optimal data-warehouse,Games,3.8,4.7,True,0.0,,False,78238658-0498-4995-8399-761c6772a888,Jeremy Mann,youngkelly@spencer.com,Cook-Collins,55208a3a2a7a6b40,v5,Country either break receive heavy onto.,2026-02-28,whitakermatthew,Father artist politics happen into debate. Create response sort president organization common.,2
8dc9570f-3e5f-4983-9f8c-1c8a6bc06457,Inverse intermediate definition,Social,10.0,4.3,True,0.0,,False,205c7184-dccb-4827-a3ec-6c520d2d3e62,Adriana Brown,angelaweaver@camacho.net,Johnson LLC,29fadd0582d07845,v3,Husband these indeed feeling.,2026-01-09,williamsalexis,Later west decision final east future work to. Child own their. Rock international list someone.,2
4105b316-b185-48c5-a595-b2c831e6b21d,Multi-lateral static frame,Productivity,2.2,2.2,False,40.49,USD,False,9861b12e-2fe6-484d-955e-3f0193e3dffc,Christopher Gomez,fferguson@white-campbell.com,Tran-Robles,6152e82b1edc9038,v5,Military picture middle purpose.,2026-01-26,oscar08,"Despite candidate ever vote.
Seem against sport get source. Receive peace speak administration.",3
93e89f73-503a-4cbd-8341-075d566bd18d,Innovative client-server process improvement,Education,3.8,1.1,False,5.3,USD,False,1672b008-3a34-4ef3-9d25-d7b218bf80e0,Stephanie Ibarra,tavila@phillips.net,Jackson-Frost,ab695d9e530b90ac,v4,Agreement board people window.,2026-01-26,andrewtaylor,Evidence front nation but test energy. Plan fill moment thing run.,1
49a5d5d6-add0-4fb7-aced-02e869724926,Business-focused 24/7 solution,Education,1.9,4.1,True,0.0,,True,62cd9805-033f-4b7b-830b-acf0a0aaef84,Robert Baldwin,tammyanderson@bryant-sanchez.biz,"Bailey, Kennedy and Higgins",92a79a4a7bc39dd5,v3,Type parent control pressure hour.,2026-02-22,amanda64,Course space picture piece. System actually weight never.,3
76c88590-05f5-4dbf-8cf7-5628540b180d,Phased optimal architecture,Education,4.4,3.6,False,21.83,USD,False,077a0350-4267-4df2-8ba1-10a8d3084bc3,Diamond Young,brettanderson@parker.com,"Jones, Phillips and Mcintyre",700920e94ee3d77e,v2,Film year laugh industry or large democratic.,2026-02-27,donald27,Contain evidence get girl property center. Field forward however draw new process.,1
8d8ea040-e1e9-45aa-8f4c-b1e77ae9e338,Down-sized bifurcated methodology,Finance,5.8,2.5,True,0.0,,True,2658f723-eab3-4df2-a5de-a8469b1ac205,Kim Terrell,derrickcarroll@wells.com,"Chen, Moran and Hill",e896f9512dfdfdd3,v5,Rock blood sort wear myself.,2026-03-05,jenniferwong,"Power maintain compare. Beautiful direction put wide large owner catch.
Modern certainly while.",2
22782a8c-5f4a-4dbd-afa5-dc80af8c0816,Face-to-face user-facing encryption,Productivity,10.2,4.4,True,0.0,,True,d8731c85-1987-4734-9bb8-96b8d6cb5d45,Caleb Peterson,osampson@peterson-carr.com,"Hayes, Daniel and Lawson",76ade74b366426ac,v4,Enough north either candidate trade social.,2026-02-22,andrew93,Member production visit themselves. Establish a street hospital page economy hit.,3
91c14909-340a-4ff0-b659-a796170ccc01,Visionary mobile architecture,Tools,2.7,1.3,True,0.0,,True,1250d71b-1aca-4201-bdb0-b8e8a82b303d,Jeffrey Johnson,jasonstephenson@rubio.com,"Crawford, Watson and Jones",1bd61b256ee87c5d,v1,Remember experience discover well present after professor.,2026-02-21,kelsey65,Me than own address. Store ever possible. Surface southern those enter week.,3
c69f60cc-16d6-4575-bcab-1b555fd34ebe,Profound foreground initiative,Games,9.8,2.6,True,0.0,,False,8f5742b7-1bcf-4faf-82d1-b378a28ecec2,Angela Nelson,lowerydarrell@francis.com,"Stanley, Phillips and Waters",331f3bb189f6ee44,v1,Part this ground red police three again north.,2026-02-25,timothy11,Leader act school product. Thus finish car question plant. City half real.,1
81beb373-1cde-4ae1-994e-7bbe94146b1a,Compatible system-worthy toolset,Education,11.2,2.3,True,0.0,,True,ef66d208-8f5e-4165-8453-f3a3f99b2db1,Bob Myers,william47@hunt-martin.biz,Horn-Baldwin,ef5b2819353fe277,v3,Three deal quite former.,2026-01-17,jprice,Admit above four. Garden tree everything skin some avoid yard news.,4
892d188a-80c8-4aa8-9778-444dbc1e6338,Profit-focused bi-directional data-warehouse,Tools,4.7,4.5,False,14.71,USD,False,63aa2229-4aa7-4b1f-a0cf-8548019b6ed0,Michael Bailey,samantha72@rowe.com,"Ramos, Sherman and Friedman",5759caa85f9d85b5,v1,Pattern social difficult data listen commercial.,2026-02-15,amber43,Board old method. Form much cause make cup. Pick team your ability begin.,1
05e75f2a-6887-4a88-8e48-5384564929b8,Triple-buffered asymmetric support,Games,5.4,3.4,False,21.37,USD,True,1b7bff9b-0e67-4217-9be2-ec37897ad175,Steven Reynolds,dawnpatrick@williams-mercer.com,Thompson Inc,84f64c1f11a5a896,v2,Left half future employee hand.,2026-02-14,lkelley,Go strategy where history. Project cut group finish first economic.,3
458d3cba-1d0a-4eee-b55f-78fd06cb10d0,Robust foreground core,Games,7.9,1.9,True,0.0,,True,716516f3-bb03-4a1c-a3f4-329cc3a2bb84,Matthew Barker,acarroll@dunn.com,Martin Ltd,5b5d07edc559a57e,v3,Seek ready model military bad let interview.,2026-02-24,fishercandace,Hand until buy whole available move. Particular draw team individual under do those.,5
4346d862-a656-4c38-b860-f79f380c0d27,Enterprise-wide even-keeled leverage,Games,3.8,2.1,False,35.8,USD,True,84989808-5534-4b84-827a-846b352d2f38,Valerie Reid,julie33@bruce.com,Myers-Cross,c5fb2c02755b4872,v3,Hotel statement list spend sing term.,2026-01-28,ocopeland,Have some force page writer administration. Very night simply since.,5
0a9a4a8e-c081-402a-b410-a831962607e2,Re-contextualized high-level customer loyalty,Games,9.3,4.2,True,0.0,,True,6819c512-7720-41d1-97c9-8541d59dc185,Alexandra Williams,vcooke@robertson.biz,"Olson, Key and Ellis",308327ab0b00b2d0,v4,Mr against court interview.,2026-02-28,robertowatkins,Food although recently join answer within. Let you something I.,2
f05575ed-b5d2-4604-b089-c97742fcc4f5,Decentralized motivating leverage,Games,7.9,4.3,True,0.0,,False,d24f6e6f-3d38-47f0-853e-76151de1fc96,Marcus Sellers,brianbennett@fowler.org,"Wheeler, Wright and Rubio",00544489733cdb27,v1,By safe mission because friend future get.,2026-01-02,lawrencemartin,Plan approach go attorney industry heavy. Leave expect ask floor public agency while.,1
d14d0460-c44a-4ebb-9e1b-f5452b47ca79,Organized multimedia workforce,Social,4.7,4.7,True,0.0,,False,d434087c-5055-42f2-a5fb-0a25fd45fc92,Brian Sweeney,timothymarshall@ramsey.com,Collins-Carlson,5d4e076bbf2ab92a,v2,Quickly fire economy develop century rock.,2026-01-26,davidbenton,Brother form since investment color no. Break travel state move medical leave.,4
f1ca513c-6517-4f51-bc34-8d777932699a,Distributed modular migration,Education,11.5,3.6,False,21.95,USD,True,81466fab-6195-44a5-a257-7fe0d4040745,Matthew Harris,richard53@woodward.biz,Peterson-Hudson,3deb0a5fb8ea5b37,v1,Market beat edge suddenly structure thank himself.,2026-03-05,tayloranna,Pm husband day poor. Debate cup community thing.,3
abad61a6-a421-46d4-b1ab-331cf1eca4f6,Mandatory eco-centric neural-net,Games,9.2,1.1,True,0.0,,True,29dd68ca-48c7-4295-ac63-b7c1b15d90b6,Michele May,calvinalexander@chavez.com,"Hernandez, Petty and Anderson",2a49e0c4866e88b8,v5,Follow model at today knowledge radio idea establish.,2026-02-02,christiankathleen,Fast laugh response must standard writer behind. Fly adult professional thought run.,3
ba6a2afb-694a-4453-80c6-ca688fe22430,Optional modular challenge,Education,12.3,3.5,True,0.0,,True,d8185d88-16fe-4778-a4ed-5a406b4f6f6e,Sue Rios,hartsabrina@shields.com,"Price, Mitchell and Russell",494278c053d117ab,v4,Remain treatment back outside with.,2026-02-24,leonardnicole,Suffer make big him. Improve important trip trip.,4
ee2ac3ed-f661-4b86-88ce-7658072799f5,Centralized user-facing approach,Tools,11.8,4.2,True,0.0,,False,3f5fc63c-f0e0-48fd-80a4-23bade3c7813,Robert Larson,christine88@smith-johnson.net,Hood-Colon,c5ff28d469da6bc2,v1,Kind artist great leg.,2026-01-27,james71,Do every save ground growth charge. Deep include least speak success.,3
9da94b05-441b-4023-a914-6a7b63b7cdde,Customizable bottom-line budgetary management,Productivity,6.2,3.7,False,44.45,USD,False,827c56fd-2b63-4d31-b73a-16f16ac933d6,Betty Williams,stephanie64@steele.com,"Wright, Maldonado and Velez",852cc11b6e1eb6e6,v4,Available size day point no contain.,2026-02-06,kimdoyle,Couple shake like side leader might man.,2
3a70c69f-4121-4277-9de0-51fd7b116923,Adaptive object-oriented hierarchy,Productivity,11.0,3.5,False,45.96,USD,False,3c55041e-5c5c-4970-987e-9908c98852dd,Kathleen Gordon,evanwilson@mitchell-wilson.com,Ortiz PLC,d7845441d84d2e00,v2,Support beyond pretty than factor individual base.,2026-01-27,williamcox,Including space way few manager. Tonight modern system will evening week.,2
e12ab2eb-d021-468e-bdab-4fee3d2fd6de,Assimilated zero tolerance hub,Productivity,9.6,4.5,False,46.9,USD,False,1ff7f7fb-3060-4526-8607-7edbddea73ad,Daniel Welch,xschultz@donovan.com,"Reilly, Brock and Jones",718256cf01e155d7,v5,Place participant executive just.,2026-01-25,fishereric,Onto red understand piece population. Decision war phone go how itself.,3
58b98fed-cba0-4ddd-bc45-ca4bb2531150,Assimilated mobile utilization,Games,3.4,3.0,True,0.0,,True,668274f1-0b39-438b-a136-1696edaa6d43,Kathleen Sutton,hallconnor@morgan.info,Mendoza-Adkins,bd1ab9c582dc61c7,v5,College strategy major side.,2026-02-11,destinywells,Smile education technology quite within five mean. Easy stand foot thus walk interest.,4
e75defb8-0f7d-4536-85b4-8c93e65d8316,Focused secondary workforce,Games,8.0,4.1,True,0.0,,False,f0fd593d-59eb-4779-9e0f-fedf3f4b22f5,Carol Farmer,qwilliams@peterson.biz,"Freeman, Swanson and Pierce",5c4c5c100d18e51b,v3,Huge happy force technology where right.,2026-01-16,molly89,Decade if general adult. Under audience need project my cold it.,1
36d8e507-4976-4129-8516-45176b5a43cb,Networked value-added solution,Education,4.0,3.3,True,0.0,,True,15a93b81-9d96-4ffc-b372-af382b9c9a58,Karen Howard,suesmith@gonzalez.com,Conley Inc,4bc3288a6dd62b54,v4,Weight price lose remember candidate usually.,2026-01-11,lauracox,List itself pass interesting inside.,2
b4ec7715-b62a-44e5-be65-f0cabb9afd12,Vision-oriented optimal superstructure,Games,7.7,4.8,True,0.0,,False,5d33dabd-0775-463b-b9d0-8d3a474c9711,Rodney Wall,rpadilla@craig.com,Carter-Smith,266cd4283b0bc92c,v4,Hotel air or full drop.,2026-02-22,vanessahester,Same hospital today research ever. Head character age front brother resource space.,1
59af0b46-8f77-4d29-9fc1-4fa1835f194a,Pre-emptive regional Internet solution,Social,11.1,1.4,False,38.33,USD,False,6d780201-1727-46eb-ac7e-7e6fe6af3cd8,Richard Wade,fmyers@ross.com,Newton Ltd,5838439b9203d396,v2,Family ahead mouth its.,2026-02-09,wandaedwards,Skill drug black interest. Inside receive choice education. College quite available ahead enjoy.,2
193ed9d9-efdb-42e6-b435-bb2c2c7e17a3,Self-enabling zero-defect task-force,Productivity,7.0,3.2,True,0.0,,False,f7854471-4ddc-415b-a368-376021bf11cd,William Castro,thomasharrington@jacobs.com,"Cook, Smith and Williams",b9c7bc6fe74bfa3a,v3,Type partner production third face black.,2026-02-25,valdezthomas,Letter another character stock more scientist player. Real pressure age move child west wait.,5
171ae2dc-f358-4a3c-997c-ae838259c8f3,Organized exuding task-force,Finance,4.3,1.8,True,0.0,,False,ea42c8a6-3260-4791-8bd4-4efcd781450e,Daniel Hill,nicolelopez@newton.com,Dillon-Jones,a2c229fe22da29d9,v2,Father itself stop yet.,2026-02-14,wray,Budget loss man phone newspaper well question. Threat others full stop cold.,2
b06eb7f6-75eb-4f8f-9f84-b8762b4b4c24,Balanced mobile projection,Games,5.0,1.9,False,1.55,USD,False,61ef2030-3f08-4501-bea5-dd6fb16d7c26,Kevin Wolfe,mindywashington@chandler.org,Cummings PLC,f14e62f5c562598b,v1,Pretty various law protect.,2026-02-12,gellis,Sense smile consumer paper. Official market its dark.,3
1b93eae8-0fe5-4f05-94fd-26ecb3051095,Polarized homogeneous database,Finance,11.6,4.2,False,17.6,USD,True,4255dd7e-3218-4c3a-8679-97c2f286577c,Hannah Sanders,brussell@barry-ramirez.biz,Martinez-Brown,f12adf1d038eba93,v3,Energy cause with evidence hot most.,2026-02-06,michellestanton,Others next begin would. Eat member everyone. Former drive country property southern type allow.,4
f9344ece-1466-44d6-94be-7618564bf42a,Versatile maximized groupware,Finance,4.7,2.6,True,0.0,,False,a4e0da4a-4321-4d7b-be61-3fc1a9382ff8,Monique Harrison,piercestephen@kelly-baldwin.com,Lin Ltd,0e74053525d1d7f3,v4,Section soldier subject while cost.,2026-02-12,burnettpamela,About out forward. Appear imagine friend. Key hospital section interview difference.,3
77f88ba9-9299-4d7b-b94e-4fce410b4b4e,Enhanced intangible parallelism,Finance,8.5,1.9,False,14.02,USD,True,39a874d6-88eb-4703-a52e-d37c230088b8,Brittany Lynch,guerrerokatherine@cantrell.com,"Hammond, King and Sloan",c443e080b3901f6c,v2,Other decide woman role rise seem staff.,2026-02-09,tbenson,Form ok agent upon role. Most measure different community mission.,1
d9c94b8e-9ffb-498f-8c1e-183b54fb5cec,Universal tertiary leverage,Social,3.8,1.3,False,35.86,USD,True,f9488c7a-6cd5-4999-b106-1212648c2bb7,Adam Lopez,pcline@meyer-vasquez.net,"Howard, Schmitt and Reyes",2b3f7cc49ff112e7,v1,Court magazine sea.,2026-02-23,ctran,Without move individual listen design might detail. Mission technology senior.,2
f79c68cc-59e1-455a-961c-d0febec83af0,Cross-group system-worthy forecast,Education,8.5,3.2,False,24.0,USD,False,f117d2e9-6dff-4f73-9e0f-dcc1e2e56597,Peter Ponce,dlopez@davis.biz,Bradley-Hamilton,961a8d65c53476aa,v3,Step after view network important left tonight.,2026-02-03,lori73,Mr television past opportunity trouble whole. How cultural analysis author here.,3
5b78b941-5921-46cf-a8b0-20d81d33ad8f,Total client-driven structure,Productivity,5.6,2.5,False,1.83,USD,False,9bd0608d-a975-413a-b1a1-c31641f79997,Clayton Liu,isaacdavis@cunningham.com,Hurley Ltd,44c98f2c7f4d36dd,v3,Interview himself history position dog your.,2026-01-23,shannon18,Perhaps most level try family. Agent important consider wrong.,4
b97f54a3-0796-4526-8bb1-657d7f763760,Fundamental fault-tolerant encryption,Social,4.3,3.9,False,29.79,USD,False,8ac27b38-4a89-47e8-ab41-04fe63042914,Brittany Smith,laura97@rodriguez.com,Campbell-Morgan,1582a93d81beec9e,v5,Question move as lose hospital.,2026-01-12,hamptonjeff,Player appear participant discuss reach.,2
250a6164-5f5f-4df3-9074-88d8afba58a6,Balanced hybrid encoding,Finance,11.5,2.9,True,0.0,,False,59b0f974-126c-4410-b3b0-4253b776c42d,Hannah Wagner,qhowell@brown-houston.org,Washington LLC,c18464829ee104d0,v1,Beyond particular wall help subject.,2026-01-27,smithkevin,Institution road peace suffer two traditional month. Parent central fly case heavy.,4
e203abb4-e6f9-466a-9a16-7799fab7be87,Centralized bi-directional pricing structure,Tools,10.9,2.8,False,31.91,USD,True,34b39e5d-6742-45f6-9ceb-4616068114dc,Regina Lynch,colonanna@bond.com,Harrison-Brown,e9b27dbae8d84660,v1,Appear culture today appear most everyone less song.,2026-02-21,gabrielleallison,Pass and property argue pass his. Herself feeling rise management factor boy.,3
1822efc4-275a-4e86-a108-53dd6cf57b65,Assimilated eco-centric matrices,Social,12.6,4.1,True,0.0,,True,3055e6ae-969c-4613-807e-81ed24a1ffee,Douglas Ortiz,vincent55@brown.com,Howe-Brooks,d2378caa590af65a,v5,Prevent live tell.,2026-02-17,heatherlawrence,Board program name on matter.,1
9e58cac9-324b-4fd1-8971-fe94a5b54955,Automated client-driven data-warehouse,Social,8.3,1.1,False,13.53,USD,False,854fbe95-f7f8-41ca-83de-32287e1e3285,Amy Diaz,ftaylor@jefferson-santiago.info,"Fox, Gill and Flores",a8646b1800ce0f75,v2,Team author work college really company.,2026-02-05,johnwilliams,Fact see someone response very nearly administration.,4
5cf66966-ff47-4678-af42-dd53ad3f1418,Reactive clear-thinking time-frame,Education,11.4,4.8,True,0.0,,True,a458a989-fafb-442b-a308-d8e01d18a379,Nicholas Richard,johngilbert@rodriguez.com,Williams Group,b2242a964d82b409,v4,Law skill worker act each.,2026-02-01,nnolan,Base big me. Office material include prepare page administration camera.,5
eaf95ca7-4d7c-4964-a263-f88e78dd120d,Persevering bi-directional implementation,Social,1.5,3.3,False,39.3,USD,True,e395c701-5c05-42a0-883d-de5e242a8408,Joseph Alexander,gmurray@hanson.org,Williamson LLC,a33341eb2baa8362,v2,Meeting provide audience.,2026-02-22,jeanettevalenzuela,Street threat plan car. Piece alone challenge job ten on save.,1
0e26cfcf-9c8e-45b9-bf52-2a200e618b74,Expanded national open system,Education,12.7,2.2,False,39.4,USD,False,673bda09-16fa-43fc-a588-204a772f3f2d,James Lopez,michael51@sheppard.org,Martinez-Vazquez,a1eea180cbb5dddf,v3,Politics ground difficult side.,2026-02-16,lauren40,Forward everybody share nice. Kind the live mother consumer stop.,1
61b8bcce-8728-4496-b217-04b3a3a1556e,Polarized background middleware,Social,8.1,4.3,True,0.0,,False,0ab505b8-3a1e-4582-af94-f3ca3ff6bb5f,Melvin Thompson,peter49@flowers-hunt.net,Riddle Group,fc949138b2493a97,v2,Happen discussion stop able movement.,2026-01-28,corey10,Whose lot ball. Part while maybe American. Spend old ever above.,3
a145f566-74b9-4576-abc9-6b853e0262d6,Monitored 5thgeneration Graphical User Interface,Finance,3.4,2.8,False,29.71,USD,True,2cf5c56f-c9ac-4c41-8130-30bcf5a0a301,Mr. Robert Friedman,thomasmatthew@roman.net,Martin Inc,805ea1f9ca146cf8,v1,Able develop ask discover very herself candidate.,2026-02-21,catherineowens,Want generation road seat defense unit. Board two present.,5
8e616df4-9903-4927-a706-ec7cd6459737,Secured impactful utilization,Tools,8.2,4.2,True,0.0,,False,84cf5030-de7e-4fec-89ca-dff4465fc614,Stephanie Kelley,teresa98@santos.com,Cooley Ltd,633ad3c254753fe9,v3,Debate life one hear worry quality price.,2026-01-01,marcus30,Court money local least receive every floor his. Reason between let approach help spend.,5
8a4e52ad-bcfc-427a-8430-e6ac45e39a69,Mandatory radical success,Games,5.5,4.8,False,20.54,USD,True,30fb16f8-1a40-4fbc-8eb8-b7592b623941,Christopher Peterson,williamsjoshua@jenkins-jackson.com,Hunter and Sons,afd867a87b8ef46a,v5,Ten just spring if high wait he.,2026-01-04,jennifercollier,Range public out pretty set stage rock. Physical money director mission shoulder whom.,3
3a7c8fdb-4ad8-4aae-9a60-9988e5ef77f0,Multi-layered 24hour hardware,Education,2.1,3.4,False,48.09,USD,True,70d39571-a6e5-4e26-ae7c-00e8daab9528,James Brown,noblejames@mclaughlin.com,Richardson-Hull,db2143099e06ff2b,v4,Structure trouble road star heavy sell you.,2026-01-08,david89,Or condition red around trip. Police coach consider store last set. Sort recent century.,2
ee69f1fe-73d0-422c-942c-40e47b814d4d,Secured system-worthy neural-net,Tools,7.8,3.4,False,12.02,USD,False,b9d65286-cf72-4b9b-a70b-12bbd52b411e,Aaron Roberts,michelemitchell@tucker.com,Martin-Foster,de85edba780f06ed,v5,Return serve move.,2026-02-17,maria83,Task claim easy. Media much country customer Democrat say fill. Language become imagine upon late.,5
eae86703-2bc6-48b9-a8fe-c4c02bf2a2d6,Optimized radical instruction set,Education,5.8,4.9,True,0.0,,False,130e0105-afd5-4d7d-9ae9-bd997832aa65,Brandon Reid,daniel97@hill.com,Miller-Cruz,9c228042e3d8dfb9,v3,Seem or interview present step well once.,2026-01-21,zavalaandrew,Project do everything. Manage identify yard control.,5
0257dce3-52c7-4563-93a6-6f9ebb80dc86,Adaptive dedicated migration,Finance,12.2,4.7,False,37.29,USD,False,e6d754ed-54d7-4376-a501-ef61ac5f9f26,Daniel Martin,hamiltonkurt@howell-palmer.net,"Anderson, Glenn and Griffin",44163d183512e77b,v3,Information local government hit Mr available memory case.,2026-01-14,vwhite,Strong social white. Interview rule out forget party pressure.,1
e2c1a128-e782-4918-8398-62f45a3e711e,Synergized actuating migration,Tools,12.0,1.6,False,22.47,USD,True,0523dabb-efa6-420d-b6b1-2b3ea3023a0f,Justin Oneill,stephenhansen@matthews.com,Solis-Armstrong,94706df9929825ce,v2,Music throw back team.,2026-01-12,ricardo35,Never indicate four television relate thank. Listen control skill. Race style measure determine.,4
a83cce5f-945b-49fc-8597-574bce3597c8,Down-sized mobile data-warehouse,Games,9.5,3.9,False,21.81,USD,False,40f15842-4a83-4c38-bd4c-11adc5b7c459,Margaret Smith,coxamanda@gibson.com,Watkins Group,56e1a18bde785f5d,v3,Weight sign college.,2026-01-02,haneynicole,Letter career make wind. Real thought unit pay.,1
900ba6a1-c8af-4ddd-beaf-ebbe0e566d88,Seamless maximized application,Social,12.6,1.1,True,0.0,,False,e093ef57-0c4a-4f90-adfb-64b77c574f1f,Joseph Taylor,johnwells@clark-colon.com,Medina-Ferguson,f566111d5711964c,v4,Street paper whether section executive behind culture.,2026-02-01,hooverjennifer,Life today win. Third above yourself turn. Brother provide yes our culture difference.,1
37970fc4-69d0-48ea-8409-3a3c9e1c08ea,Customer-focused intangible knowledge user,Education,7.3,2.2,False,40.82,USD,False,ff689ef9-a866-4b19-9079-ad41934c1981,David Snow,ocervantes@saunders.info,Davenport-Morgan,47862674e73690d9,v1,Job industry treatment can.,2026-01-11,amanda08,Put kind around reason chance help. Couple middle play future street south Mrs.,1
2b658367-0b0b-4add-8bb1-92535fe58a9c,Down-sized fault-tolerant migration,Education,12.8,4.5,False,28.39,USD,False,63516e11-42d2-4bc2-8630-653ba52097a8,Ryan Nelson,flam@payne.com,Barton LLC,6dc98baa615ed394,v3,Result simply pattern beyond present clearly compare.,2026-01-21,robert13,Region concern early. Character race process early water under hour.,1
0356ebce-100f-4347-a7d4-4e73002bdc17,Progressive 24hour knowledge user,Finance,7.4,4.4,True,0.0,,False,f6103263-6afd-443f-8514-f9dd6c26e674,Joshua Carney,cassie57@berry.info,Clark-Parker,b34ab25a27ef2252,v5,Doctor tell everything statement official determine every.,2026-03-02,marie58,Especially send present little great. History beat call case. White office note third course.,5
a908bbf0-8da2-4a33-a000-f79990df349b,Pre-emptive optimizing benchmark,Productivity,6.1,3.1,True,0.0,,True,8323d5ce-0f5e-4758-828c-a2b00e6ebe9d,Catherine Goodman,amandaduncan@young.com,"Flores, Sparks and King",536413bd6531314b,v2,Season professor believe since century near.,2026-02-16,wilsonchelsea,Present personal carry attorney quality Mrs feeling run.,5
53f20efc-58dc-42ca-8f5a-374e30de6423,Total contextually-based middleware,Productivity,11.7,3.5,True,0.0,,True,9a229bbe-0062-4f0d-b8b5-bfddbb09af87,Jeanette Smith,brandon04@johnson.com,"Martinez, Blanchard and Gould",79273cc8438688af,v1,Too actually lead nation ask.,2026-01-31,kimberly55,Nation model herself order budget less. Seat build production federal issue street.,1
d2a2c040-8107-4751-8c92-cffa9ba82930,Configurable tertiary projection,Productivity,10.5,1.5,True,0.0,,False,987c725c-d600-409f-bec6-b5f348664f89,Peter Riley,robersonjeffrey@navarro-brown.org,"Wells, Randolph and Mitchell",9da6a49ddac1fad0,v1,Visit couple cultural according.,2026-02-02,dwilson,Could process guy bank boy. Indeed say painting set.,3
96afce31-7c7e-4777-a94f-cc3e2959a2f9,Distributed well-modulated parallelism,Finance,3.7,2.5,False,11.12,USD,True,78d4ddc3-51c6-4fe8-8424-0072cbe789c4,Wendy Clark,desireeholloway@cuevas.com,"Ayers, Thomas and Hines",205d17f25f708caf,v5,Method student for occur.,2026-01-27,wfisher,Risk move however go anyone either. Safe science minute there spend fish speech.,5
0686363f-4e96-4a56-9c51-e121f9c88012,Front-line stable installation,Education,7.3,1.1,True,0.0,,True,2eabdb8c-8cd3-4ddd-9f67-78df995c2281,Peter Ashley,ortizwilliam@harrison.net,Martin-Soto,c5f3793a28bf6766,v3,Prevent power huge evidence worry because newspaper.,2026-02-21,ubartlett,Like reach song decade third bad reveal until. Theory place pass government common Democrat act.,1
8d3e74d9-8a25-448d-adc7-0486863c6411,Public-key foreground budgetary management,Tools,3.2,2.0,True,0.0,,False,75e8167d-a1bc-4884-9da1-da158fecb4fe,Jordan Bennett,ronaldacosta@freeman.com,"Johnson, Campbell and Heath",06d2191f09270fa5,v4,Suffer glass economic yet.,2026-02-01,katherinesmith,Just animal hair still. High available home. Play when item become hard.,1
cde10a4f-6f82-4747-a08a-b2c91252b6be,Monitored transitional process improvement,Tools,12.7,4.9,False,37.93,USD,False,07ff280d-6c79-4980-9e97-80a4ddd8f6f4,Melanie Fletcher,zhill@shields-wood.com,Roach Group,2afe65682e3916f9,v4,Feeling design future fill.,2026-02-13,thayes,Single marriage they new. Though action network prepare never store.,1
bc5b8b8f-ae4f-4632-8a89-7b993ab660f6,Vision-oriented asynchronous application,Tools,11.3,1.1,False,49.38,USD,False,6ccb8a56-9090-4a95-aa43-f19794973861,Veronica Gonzalez,rfischer@davis.com,"Copeland, Trujillo and Williams",2e9bf47dc5ead51f,v4,Teach matter without relate including maybe.,2026-01-27,obrienkenneth,Itself loss here research white. Authority organization career must after impact.,4
3ee5f2df-c91a-40a1-9d4c-265f2f4fa2b9,Versatile background data-warehouse,Tools,8.5,1.6,True,0.0,,True,ce2da677-1683-4aae-a809-74df573d7e4a,Austin Williams,rubenfisher@weber-lambert.com,Morgan-Davis,067003b6315f7af1,v1,Lay admit live officer ask recently miss.,2026-02-11,cunninghamchristy,Hair expert town purpose. Knowledge final black such remain ten student worker.,2
5cb28bbd-3f2a-495c-9c24-dd1a7b86b73f,Organized next generation challenge,Social,8.5,4.9,False,27.62,USD,False,e44fb660-c940-4d9c-aada-5346c0a7a96c,Christian Garrett,aorr@le.com,Patterson-Jones,1c668239e9c2f192,v4,Professor actually would general fast.,2026-01-31,briggsmark,Lot somebody market ever. Somebody energy out. Find assume question degree machine reduce.,4
91959852-bdd2-4793-94f7-571bdcc5dbfb,Optimized foreground circuit,Finance,8.5,1.1,False,44.01,USD,False,093b4e60-70b9-4fbf-935e-bb4334614b94,Mark Frazier,christophermcbride@brooks.org,Lambert PLC,0c252beddaab329c,v2,Painting government see human civil would field.,2026-01-07,buchanansarah,Role west analysis place sport. International fund research. Statement down market college wide.,4
2d74267b-977e-481b-bcaa-4d04603a2d20,Organized 4thgeneration task-force,Finance,9.7,3.6,True,0.0,,True,c8eaba17-d226-421c-b69e-40300e1e3de7,Dawn Hudson,robert71@gordon-fletcher.net,"Jones, Brown and Shea",3ea14f0ee014a1af,v4,Hot after spring people activity.,2026-02-09,lopezandrea,War culture little act rest media break. Cold small how.,5
20239427-21b3-44ea-b4e2-36db4f04502d,Seamless 3rdgeneration forecast,Education,9.4,3.3,False,49.41,USD,False,bd41f147-3f94-488c-97dd-bead5c9894df,Cynthia Edwards,amanda82@payne.com,"Bennett, Rogers and Ochoa",64a32f1eb31a90e1,v3,Money religious fast.,2026-01-21,herringjulie,Garden style put put. Great notice break Mrs authority two large.,3
78b8bd43-21af-4d1f-b962-dfb2c2e01677,Function-based empowering adapter,Tools,8.2,1.2,True,0.0,,True,d6cb9725-c570-4951-b5d8-6bde18a347b5,Rebecca Myers,ekelly@butler-walters.com,Adams-Bush,0b1c8e60c6f37fa2,v3,True per sit knowledge room door.,2026-01-29,laurarivera,Three or cold loss standard five explain. Claim help north. Site take follow nor page which.,5
d4426810-7a9a-41e1-8dc2-b36856f4aa17,Devolved fresh-thinking encryption,Productivity,11.3,4.4,False,33.95,USD,True,35ef45df-323c-46b3-892f-d978b8f5fc7a,Erica May,richardbaldwin@wiggins.com,"Dunlap, Smith and Daniels",581d73d6a30839d6,v1,Analysis statement light better financial economy.,2026-03-04,cheryl61,Rather military member threat image.,3
042d03d9-37ba-4acb-a3e0-b44263f0879f,Progressive web-enabled task-force,Social,12.1,2.3,True,0.0,,False,64090508-c1e8-4a9b-ae14-9e4177685bf1,Adam Ortiz,jenkinsmary@cochran.org,Brown Group,db9d39505882a8e8,v1,Life environmental great sister entire success.,2026-01-10,amandalee,Right parent affect. Best act suffer live. Scientist wrong believe.,3
69587f77-3a27-4661-a8c7-645127c1c2d9,User-friendly well-modulated functionalities,Finance,2.2,2.4,True,0.0,,True,3b28dbed-9ff6-4f24-867e-e543bf865f77,Erik Flowers,tiffanywatkins@powers.net,"Parker, Ruiz and Jefferson",eaaff3c4af3766f8,v3,Individual far debate every offer minute cost already.,2026-01-31,robertallen,Think you network article turn scientist. Building newspaper book foreign southern use.,5
329c0321-3398-4dad-9fcf-c49322a60d82,Inverse local initiative,Games,2.9,4.7,True,0.0,,True,68ed6ca3-9cd4-4635-b59e-4b4947b917fa,Dean Diaz,georgemegan@trevino.com,Harris Ltd,abac115ad4956df2,v4,Early perhaps next summer care bar full after.,2026-02-13,lindsayclark,Develop we player human to fight. Skin positive involve now interest before include.,3
24e0760b-eae0-4425-aec7-3b0af6ffa9d0,Managed clear-thinking standardization,Tools,1.4,2.0,False,12.18,USD,True,456eefe0-2339-4b38-bfe6-09486ec1c165,Alison Nelson,joyjones@moore.com,Wood and Sons,f3b616b78303c840,v5,Deal never than truth wife talk even.,2026-01-07,erica35,Peace find economic around. Reduce federal draw into whatever be fine.,1
9bd15729-58f0-4ae1-bb39-408a094c245c,Front-line intermediate hardware,Productivity,6.2,4.9,True,0.0,,False,8cd0a9af-6a70-4954-85fe-1e8697a1d0e7,Robert Wilkins,ryantorres@hall-stewart.com,Hinton Inc,835c9695edbecbf5,v4,Campaign reduce surface accept religious listen focus national.,2026-02-25,roger78,Want push others data through guess. Red oil despite.,2
01655f42-8f34-4ae8-8d3c-5f780297e1f5,Cross-group didactic forecast,Education,9.0,5.0,True,0.0,,False,8c25a97a-0816-4dec-9619-53fb7606a2c0,Sean Martinez,brian28@smith-camacho.com,Miranda-Wilson,bcf08c7286082165,v4,Itself financial sing reduce personal and.,2026-02-03,reedpeggy,Employee strong also article reduce. Either campaign little keep.,4
a88af6f2-c937-4b4e-a716-4e98957e001f,Balanced impactful solution,Social,11.9,1.1,True,0.0,,True,5a534cd4-acff-4d0b-a966-e4e8a872609d,Terri Cruz,nicholas60@brown.info,Harper Ltd,7005597a3ae0097a,v5,Only to old treatment citizen whole resource physical.,2026-01-08,hollowayjason,Reveal city someone day value wall this admit.,4
e953c4a8-da51-4ece-be94-54082aefe02e,Proactive systematic superstructure,Finance,9.1,2.9,True,0.0,,False,9f981db2-bace-44f9-8bf6-37783e73f71e,Paul Brown,mary24@young-wilcox.biz,Morgan LLC,3a5726b831400f9b,v5,Account quality different economic would edge.,2026-01-31,saundersangela,"Bit police future cultural candidate behavior education.
Activity move she determine.",5
4801af88-6a2c-4773-9dae-815252134a7c,Stand-alone even-keeled architecture,Education,4.4,4.0,False,29.82,USD,True,f9bdbf69-e968-4a37-bfa9-7ff6dc1c8a51,Sheena Rodgers,gcraig@conner.info,Lopez-Davis,486349d5dae8ba4e,v5,Own avoid attorney middle other she.,2026-02-09,joshua77,She stay item money until. College risk cultural loss.,3
194b1e0b-2a5a-48ab-9780-ad2d7fe7bab5,Re-contextualized eco-centric complexity,Education,9.5,4.9,False,5.0,USD,False,5280c43c-ca5d-4f95-966f-cabb1e3d9aec,Sarah Peterson,jay34@gonzalez.com,"Phillips, Clark and Olson",a5e1d3c68ec9eca2,v1,Lot all century seem of ahead.,2026-02-04,howardalec,Without floor rule service. For sure memory hotel.,5
49f2f65f-28d3-4fb8-874c-4202f3284645,Exclusive zero-defect installation,Productivity,12.8,4.4,True,0.0,,True,ad8133da-2dbf-44e4-8247-504a53834faf,Dr. Victoria Martinez,brian83@martin.com,Cantu Inc,100eb6e05d507777,v1,Decide trouble happy style.,2026-02-04,erin06,Surface car country pressure require full. Himself if force skin itself executive.,2
10ed82d2-7d63-4f65-9fa6-740e0ef05b2d,Expanded client-driven attitude,Games,8.3,2.9,False,33.34,USD,False,e76c3fed-7780-447b-9325-ea84b1bd70f5,Sergio Leon,jhill@martinez.net,Anderson Ltd,67239d1340b5d4b1,v5,Land rate prevent.,2026-02-17,smithjennifer,Myself fine last other drive fire many house. However professor institution.,3
325a72a3-968a-46b3-871b-277b2f48bd72,Intuitive well-modulated application,Social,1.2,2.1,False,47.24,USD,False,fe844bcb-c611-4863-9c1b-c9d09bb5c264,John Love,aunderwood@kramer.biz,Hammond PLC,edd77a0e2ea71f9e,v4,Crime despite continue public.,2026-01-10,grantjose,Voice nearly memory. Responsibility less left wind able affect.,4
0a850ac3-d214-4d01-9c48-daff7d10faad,Open-architected full-range protocol,Social,10.6,2.4,True,0.0,,True,cfc1555c-d350-4fe7-a352-e4cf37d98e4a,Tamara Moran,michelle25@hendricks-oconnor.com,Gonzalez-Gamble,d2e00bca5460a81b,v3,Take loss tell simple help assume.,2026-01-25,elizabeth35,Make any serve star government rest point right. Conference pull area their.,2
d99c8736-61eb-4911-a7fc-00f3ffb0da58,Networked 3rdgeneration definition,Education,6.4,3.4,True,0.0,,False,0a28f805-8c60-4323-b902-dfdcdea99ad1,Yolanda Stein,johnsonvanessa@cardenas-molina.info,"Warner, Barnes and Walsh",ee4a9849b0f4319c,v3,Human hope computer.,2026-01-31,brian15,Quickly leg deal. Contain wear agree able quite nature somebody.,2
63d703aa-3a6d-4cc2-9aad-7b39e51f108a,Public-key fault-tolerant product,Games,5.1,4.6,False,29.52,USD,True,a268b460-199a-4b4b-ac15-9a22d54001a5,Linda Holmes,frankreeves@cunningham.com,"Proctor, Cook and Davis",f46dcade0bc892ff,v4,World attention land field.,2026-01-09,karenharris,Laugh share study bit agent seem. Certain news send team.,5
7f187d1d-6c88-4cbd-81a3-c6d93c9e9618,Ergonomic full-range task-force,Productivity,1.6,4.4,True,0.0,,True,9ba500af-a002-42bc-9e26-9fbaf13055f0,Jessica Jackson,gwallace@bryant-bell.net,"Lee, Zimmerman and Carter",5c99d421c2220adf,v1,Husband under challenge radio.,2026-01-23,edward23,Determine say little central candidate dinner reflect. Off should enter.,4
4739eb3c-6a68-46ab-9327-c70112b3b0d5,Cross-group coherent conglomeration,Social,11.2,2.7,True,0.0,,True,c9f94651-a419-4069-8a7d-a2ff4339f5d8,Juan Griffin,ogarcia@porter.biz,"Wade, Allen and Hughes",b3926f009e6247e2,v2,Health unit nearly never.,2026-01-18,ohall,Western hold cold than. Toward degree again Mr shake old.,2
f8c1f151-e057-450c-81ec-488802dbe792,Virtual high-level moratorium,Social,7.6,4.2,True,0.0,,True,badbd54c-5e97-4df3-a562-5972d4aa1ebd,Timothy Mack,hayesdonald@walker.net,"Davenport, Whitehead and Estrada",180db2cdfb7f5eb3,v4,Eye country dark social toward apply north of.,2026-01-04,annpeters,Seem likely hear plant such.,4
a8dee8cd-5181-48bd-9dc3-af3a4b88bc5d,Switchable logistical algorithm,Games,6.2,3.4,False,13.36,USD,False,64ba2639-dfde-4bae-97dc-b7ce8748e96e,Jacob Yu,thompsoncourtney@mann.com,Pierce-Roach,4d34080318503826,v1,Activity day where culture identify produce past democratic.,2026-02-26,tblankenship,Ago name break over east run doctor fire. Another accept its specific amount.,4
18e8af3d-5457-4d1f-a031-ae9a63e17d7d,Fully-configurable 5thgeneration capacity,Productivity,10.5,1.6,False,47.44,USD,False,f44f44e2-32d1-4294-a501-74d1cab4f71f,Rebecca Long,acampbell@rice-williams.biz,Nguyen-Morales,b394dddf38da0122,v1,Allow suffer protect miss unit open.,2026-02-08,ghamilton,Network result they star long street. Worry build family although case. Score ask usually.,1
9371bedf-ddbc-45e1-a4da-053400b320bf,Switchable explicit productivity,Tools,5.4,3.4,True,0.0,,True,f8fd6ec2-f23c-456d-8b6c-6640b217a813,Sarah Garcia,angelanorris@choi-smith.biz,"Brooks, Henry and Melendez",8f0487db9eb73c74,v2,Difficult cultural policy challenge marriage way training.,2026-01-07,john76,Often themselves moment resource usually media own. Turn power huge call film.,3
bf834ac6-fab9-45fe-b239-17f779abe62c,Operative web-enabled flexibility,Social,6.1,3.8,False,42.65,USD,False,20af3e2b-1f10-40df-8203-5bd5cdfa61d3,Dustin Patterson,sparksjonathan@edwards.com,Dunlap-Jackson,2ec766063525804e,v3,Reduce star help star happy indicate training resource.,2026-02-24,summersralph,Step court design collection within change could skin. Develop show heart identify.,5
8083788b-185a-47b5-8e6b-6b4885672ceb,Expanded context-sensitive concept,Finance,10.3,3.6,False,17.22,USD,True,6ce5ea29-5e31-4f56-bc8a-af671eff1476,Anna Thompson,carrieadams@lee.net,Dean-Smith,4519c24f0b9105fb,v2,Them house house group.,2026-01-27,tiffanysexton,Administration big listen. Note ten industry. Stuff actually view thousand.,1
ead940df-26f5-4466-a7ae-ede7d6758e9d,Enterprise-wide hybrid ability,Education,9.9,2.4,False,13.65,USD,False,7af8dbdc-9c41-4a63-89cf-3490a1942c74,Rebecca Reynolds,greendustin@nixon.com,"Hobbs, Cross and Obrien",046eda3d5c8aa44f,v1,Enter direction you true.,2026-01-24,martinjustin,Green minute former occur. Suddenly new very type election choice.,1
51724e96-da68-4110-8682-fc11c90e2b4c,Mandatory zero-defect framework,Productivity,9.6,2.3,True,0.0,,True,ccc41c64-d0aa-4a34-8f33-84456b77065b,Jake Harding,jason20@smith.net,"Kent, Blair and Cook",d37d82ba83fbdf09,v4,Bit free recognize society wide clearly father.,2026-01-08,gordonrachel,Ask couple good scientist note method always. If Republican your.,4
c7fc59dd-e7bc-47f6-b432-2b379f624f20,Multi-lateral static protocol,Productivity,11.7,3.8,False,19.48,USD,True,c83e4213-dcb3-4d91-9158-add0f870ef7a,Cindy Garrison,charlesglover@ross.com,Steele-Love,3c355ec3c39ee440,v4,Week provide or clear believe.,2026-02-01,danielhall,Evening long outside use must. From traditional east born eight throw speech. Same teacher but end.,1
d5816ff1-34aa-49c7-8218-8cc7b3e217d4,De-engineered intangible core,Education,2.7,1.5,False,13.39,USD,True,fbfc49a1-c9b2-4828-a3d6-8193b2036fe0,William Vincent,francismichael@thomas.net,Bradley Ltd,3b7a74278223141e,v3,However professor follow guess hope think place.,2026-01-16,jennifer93,Among food program appear read. Mention every method continue contain rock.,4
b0d49655-671a-402b-b529-afaa21a9edce,Sharable transitional throughput,Tools,1.3,1.1,False,22.26,USD,True,f4ad2227-6b1c-43db-97a5-b685f2349ab3,Monica Montoya,johnfox@galloway.com,Wilson Group,17d93f5bafefcd2a,v3,Fact share good garden country conference.,2026-02-22,pfowler,Brother a per place common force. Which name prepare parent shake evening price.,1
089b218d-0054-4d8f-bfc1-a9473ae6ca13,Stand-alone interactive infrastructure,Finance,1.7,4.4,False,42.95,USD,False,8330add0-b30d-49c2-b75a-aff0422189c6,Kenneth Boyd,jose14@harrison-jackson.org,Huynh-Wright,fa2ba1dfe2010e3d,v2,Message pressure teacher office.,2026-01-27,traceycarter,Attorney future chair able. Civil Republican staff build for agreement how.,1
ad08e3f6-1736-4c06-b33c-565dbe59bb1c,Versatile background circuit,Education,3.1,3.2,True,0.0,,True,7569ae6c-e034-4357-9815-478ece17c965,Travis Mcgee,marissa65@miller.com,Washington-Fisher,fb48d9f1555a2473,v2,Either production right whom baby education light commercial.,2026-01-08,scott65,Area cell tell commercial nearly. Air both fall reason. Difficult law until lay glass my company.,2
c8cedda0-b97a-496e-9e73-d36ff2a2a13e,Multi-lateral web-enabled synergy,Productivity,10.6,2.6,False,35.95,USD,False,32d7c862-dc7d-4ce1-bccd-d69039a27934,Heather Blair,morganelizabeth@davis-thomas.com,Wright-Clark,d143596dfaab5d57,v2,Open current according share without.,2026-02-03,jonesdouglas,Hundred manager serious while after benefit else. Table traditional draw strategy.,4
e0eae989-58b4-4a24-8caa-f500121d8d76,Implemented bottom-line architecture,Productivity,9.0,1.4,False,30.64,USD,False,722ebd8f-fd1d-410a-bd7f-f3e708be0ab7,Scott Powell,mrangel@coleman.com,Hopkins LLC,e7acdcee963e67a7,v5,Kitchen project smile hair certainly employee.,2026-01-15,marywhite,Down woman material of across ok. Stay strategy hard central compare item let rise.,5
4d7c6cf0-caec-4675-8fd9-c9402dadcfbc,Multi-layered holistic ability,Social,4.0,4.8,True,0.0,,False,480f2108-e5ce-4491-a368-f37bc64bbe56,Jessica Wilson,chouston@yoder.com,Ponce PLC,08666d99cde80cb9,v2,Fine so identify TV might serious officer.,2026-01-07,collinsteresa,High skin able color yes question. Last bring poor player type.,3
1bc29975-bff6-4015-92a7-a00726b4a67d,Organic transitional functionalities,Education,5.5,1.9,False,33.57,USD,False,ec03e28c-d03c-4c94-b51e-23ce23ec78fa,Kathryn Payne,yharris@payne.biz,"Park, Medina and Gilmore",b96ab56118521c65,v5,Again seven natural though.,2026-02-28,colemanwesley,Stay draw loss just nor official particularly. Word such ago set guess.,3
28801931-0635-42ab-93c3-1c15c710c1a9,Phased global time-frame,Social,9.0,3.8,False,8.53,USD,True,92a3b811-576e-439e-8723-c5744e31c846,John Leon,davidgonzalez@peterson.net,"Hicks, Vasquez and Vaughn",590bf03804bd90d4,v2,Power despite whom respond community.,2026-02-14,rodriguezvictor,Add able yourself room team.,4
b1816557-ac98-4793-a26e-5e79dfeac069,Devolved full-range secured line,Productivity,2.2,2.1,False,14.45,USD,True,4300b551-9e2a-41f5-8dd6-e853af89a039,Gregory Burton,dhines@jones-holmes.biz,"Reynolds, Greene and Smith",9e12042eaf9373c0,v4,Rate represent leave answer from tree.,2026-03-03,veronica99,Stage involve next feeling pull current.,4
a9fc481e-646d-4a1f-9338-38f4039f950b,Multi-layered attitude-oriented benchmark,Productivity,8.4,2.6,True,0.0,,True,40ccf408-fa90-4757-ae73-7160530a140c,Brittany Bishop,froststacy@valdez.org,Huang PLC,032203b0dc96713d,v3,As kind hundred project call agreement.,2026-01-30,cassandra32,Mention attention home have. Green best sound team high report staff parent.,3
8ab495b1-7817-4a6d-abd0-53c1e3266c05,Digitized multimedia circuit,Education,6.1,3.4,True,0.0,,False,51a359eb-0f63-4951-9ce6-25df32f0aee0,Amber Graham,cford@fuller-wright.com,Montes-Johnson,6964a979d405797a,v2,Positive matter nice cover ball despite show.,2026-02-14,fcarrillo,Prevent knowledge rise vote door tonight. Figure also Republican.,3
8af54108-25bb-4cb7-aaf8-92f41908b42c,Diverse methodical installation,Games,6.3,1.0,True,0.0,,True,c88196a5-27ea-489d-a7bd-1a02447ce839,Elizabeth Perez,reedmichelle@miller.com,Ramsey Inc,d36ecc4cd6b0e3bb,v2,Fall amount close nearly attorney not.,2026-01-16,crodriguez,Oil local media speech. Different star enter follow. Player man Congress world determine across.,4
41712707-6060-43d0-8ff1-60d4791ba912,Public-key tertiary archive,Finance,7.5,1.9,True,0.0,,True,97630369-18e4-43ad-8dbc-7869ff6d3f2d,Lynn Tran,kendramacias@johnson.org,"Simmons, Young and Thomas",5154cc910072de0f,v3,Garden continue conference with American hair.,2026-02-18,strongtyler,Catch nation actually affect. Industry must son now. Say second citizen deal toward.,5
c5781d30-3fe4-407f-9ec0-e5dcebe87638,Pre-emptive holistic pricing structure,Productivity,4.5,2.9,True,0.0,,False,c6700925-9ed9-4df0-915a-7930ec3a1d75,Kimberly Newton,awilson@campos.biz,Rodriguez-Mcmillan,71b9534232eabcdc,v5,Next behavior start return before attack.,2026-03-05,cherylramsey,Human computer local television. Which study assume away.,5
1cea4971-a0f0-459b-9d04-5fff2f1551a4,Optional eco-centric groupware,Finance,3.0,1.7,False,34.76,USD,True,fe7b232f-bf5e-4fb1-aca8-7e047ef4d23b,Bryan Cox,biancacarter@good.com,"Robbins, Turner and Lane",a947ff6c3e57cb59,v2,Senior chance blue season.,2026-01-21,icalderon,Glass change more nice. Wait arrive can support whom sport management.,3
5aad4438-00cd-429e-a9e7-9350140c7626,Up-sized foreground protocol,Productivity,8.7,2.6,False,14.39,USD,False,a8fe1488-d85e-4a90-b67d-7455b018d066,Rebecca Craig,alec89@wilson.com,Howell Inc,080dc36a535817c8,v1,Too protect quality.,2026-02-05,zacharycummings,Condition during involve true article eat. Environment individual describe risk ago since ten.,5
4dda059f-f751-47d3-8153-782f49b40adc,Public-key impactful capability,Education,6.3,4.1,True,0.0,,False,8eec944b-19ca-4abe-8ce8-84196ca2d3bd,Gregory Mckee,oclayton@anderson.com,Perez-Lee,bc233d5cf0510200,v2,Argue piece throughout look plant community.,2026-01-05,lsnyder,Tonight bit later central. Likely order interview responsibility evening.,5
573f44a9-39fb-4acf-a4c3-19120d62a3e7,Customer-focused regional structure,Productivity,11.8,1.9,False,19.73,USD,False,0161e754-4edb-492c-a71b-faf6091f73cb,Brittany Pugh,dpatel@golden-wells.info,Lawrence Ltd,e848256023a90b8b,v5,Customer however source theory easy institution system.,2026-01-29,zmoore,Stop think case affect himself rather soon art.,4
47f36e81-ecde-4bee-8888-fc41d68070cc,Centralized non-volatile time-frame,Finance,7.2,3.5,False,37.84,USD,True,79c7f9fd-7363-4f46-b57e-1d6fce423ffd,Brian Haney,richardsimmons@sandoval-neal.com,Miller-Mcdonald,7b7cdea1dfa382b3,v3,Skill nice positive son.,2026-01-25,ubenson,Administration range prove keep. Great but sport upon.,4
07a96fff-8ed5-46f3-8e93-e5e2da6fda72,Customer-focused modular moratorium,Finance,5.2,4.3,True,0.0,,True,08703bc9-2ff0-49f0-876d-f0c727d47919,Nicole Black,davisadrian@caldwell.com,Thomas PLC,d4833dd043104ca8,v1,What concern we cost PM.,2026-02-23,djohnson,Everyone economy detail us. Admit chance about order food someone.,2
10b1f50c-09ab-4410-9c4c-82d7663fc2c8,Public-key intermediate info-mediaries,Finance,7.5,4.7,False,7.54,USD,False,81ad866d-b15e-4cc0-aecf-712db04d146a,Elizabeth Jones,jennifer93@roberts-bennett.com,Roberts-Ford,71955949bfffcb21,v2,Big source because perform politics before care.,2026-01-31,bucknicholas,Kid letter simple well growth left list. Car dream learn certain official along.,4
c96cc170-0d75-4d18-bcbe-6346fd497ddc,Innovative optimal matrix,Games,7.1,4.0,False,4.91,USD,True,26bf1e0d-90b3-4988-8ffa-f3edc5d7c857,Michael Robinson,robin84@moran.com,Campbell Group,677383fc4947070d,v1,Heavy event within bed near.,2026-01-01,paynejesse,Contain finish plan. Couple kid officer go. Whom hour culture care training time.,5
65e761de-9edd-48e4-a0e0-558042466c9a,Expanded optimizing circuit,Tools,7.4,1.9,True,0.0,,True,cd202c78-63cc-405a-b345-668650decd6a,Kristen Gray,uspence@ellis.org,Holt-Turner,cec0f1ff15f713f1,v4,Fall share century door.,2026-02-01,mccarthyjonathan,Star thank fall rule. Resource attorney wish cause show administration often.,4
d1fcc645-63c8-45d3-901a-27a3ce7ef2e0,Fundamental zero tolerance Graphical User Interface,Productivity,2.5,2.2,False,22.33,USD,True,dee49d82-6eee-455c-9475-0c8d058db699,Julie Gallegos,theresa20@sellers.net,Hunt Ltd,5a240fcf3a7802a9,v4,Wide citizen believe.,2026-01-13,dmeyers,List middle should truth agency. Become throw listen. International way single.,4
8839475c-fcd4-4dbc-9ba9-70d400bf7868,Adaptive context-sensitive leverage,Finance,6.7,4.5,True,0.0,,True,0c7b435e-045b-430f-8491-129f7136ff9d,Daniel Morrow,qdouglas@porter.com,Colon-Blankenship,3938c6c0371df30f,v4,Other teach information involve.,2026-01-17,burnettcharles,Tend already politics school fill. Heavy else defense as.,1
d78b7648-9eca-4ed1-80a8-23f7f09f2a82,Managed responsive project,Education,10.8,1.1,False,37.87,USD,True,f2a43382-5ea2-4a14-a125-121c585ffacb,Brian Escobar,jeffburton@jones.net,"White, Richardson and Robinson",d4066b0b442533ec,v5,Before sport travel.,2026-03-03,simsdarryl,Do politics which arm right. Necessary bag determine final long like.,2
d4ef8120-0685-4800-9a3a-24405f782cb2,Versatile context-sensitive hardware,Education,6.6,2.1,False,26.58,USD,False,8c3b5417-8939-4aab-8ef4-729278926848,Joseph Duke,nmartin@beck.info,Hall-White,842fe3f0fd992ff6,v5,Claim forward enter director.,2026-01-07,melissabutler,Lose success sell exactly professor throw. Can democratic here.,3
14d44af1-4fa4-4978-ad9b-ac00fd54a99c,Intuitive bandwidth-monitored installation,Games,7.1,2.9,True,0.0,,False,78c841e2-7ef7-4332-a3af-350c4b341f5e,Charles Fleming,brittanycooper@miller.com,Taylor LLC,97c22615cf1b93d7,v2,Maybe reality population fear put TV.,2026-02-21,zgross,Act eye realize however inside. Dark father more guess crime personal crime save.,4
406e1055-7e0d-4f68-abc6-ffb25f327864,User-centric intermediate orchestration,Tools,9.6,3.3,True,0.0,,True,2aa886cd-65c8-4c6a-9643-6fc2c847b9d6,Christine Ramsey,angela69@young.org,Branch-White,7267367401208e9f,v4,Music include father technology hotel recent.,2026-01-14,bryan39,Those feeling prevent young important recently. Within how chair however yet build.,1
789989ba-531c-4fba-a1d6-7859596aafc1,Reactive solution-oriented collaboration,Games,12.8,4.1,True,0.0,,True,707e9852-5bfa-4aca-b1de-a71ead92289f,Michael Clark,williamsmaria@perez.com,Bridges Ltd,9b510ef9f42dd4cf,v2,Couple part always.,2026-02-02,cynthia01,Process foreign argue floor. Surface front benefit phone research section.,2
1b0a32ab-d26e-4042-ad50-d855f2932aa2,Streamlined bifurcated benchmark,Education,2.5,4.1,True,0.0,,True,4ed53d59-50db-436f-b63f-c71364d4c3b0,Adam Oliver,erin49@gonzalez-duran.com,"Kidd, Durham and Davis",ddbb1417dc60fdb8,v4,Yes her crime talk school still arrive.,2026-02-11,hullrobert,"Arm throw follow debate. Indeed yard ahead main two. Social thought they.
End dream remain attack.",5
353cf63b-5153-423f-84f7-eed82d742252,Extended interactive algorithm,Productivity,2.1,4.2,False,3.74,USD,False,aa9e5fb4-0d35-472d-87d1-b0a17a8a3255,Austin Schultz,kgrant@evans.biz,"Guerra, Jordan and Mcgrath",1776bbb897a0bc64,v5,Maybe market choice care skill camera scene.,2026-02-17,anthonybradley,Since Congress little power. Personal nice read federal that.,2
69327e77-2415-434a-9627-f9ebaf08ac51,Front-line coherent projection,Games,1.6,1.7,True,0.0,,False,d6ce637c-a11d-4d82-931f-f580c58b4c96,Christopher Pratt,kimberlyholt@turner.com,Johnson Ltd,c03ba292a0350304,v5,Share west pressure even administration official degree.,2026-01-31,bryan44,From crime site work very environmental. Many stock market like scientist.,2
ed5f6538-a7a1-454d-918f-27e75f79b183,Business-focused needs-based middleware,Productivity,7.0,1.1,True,0.0,,True,2202014a-7d2b-47fb-bb6d-cc3663e8fb5a,Melissa Coleman,carteramber@miller-maxwell.biz,Cross-Hill,a4d9e9ec4b1ced9b,v3,General daughter really represent ago.,2026-01-31,mariaharper,Scientist wife particularly. Standard movement recent clearly time long might this.,1
6ea7e61f-239a-4753-ac82-0df1ffc36619,Distributed fault-tolerant benchmark,Education,1.3,3.2,True,0.0,,True,7c65155b-46d3-47be-a42c-1d542f675fc0,Jacqueline Wilson,cindydickerson@bailey-miles.com,Taylor Group,2e1ea14b8715fd36,v4,Describe yeah he throughout charge.,2026-01-08,iwalter,Trial bed official. Gun entire talk back minute let. I individual easy.,2
b2e00423-8805-42e4-9e5c-fda7ad0551ab,Advanced explicit time-frame,Education,9.6,3.7,True,0.0,,False,d7dea05b-c5b3-4ef6-b437-aef5f0e05933,Stephen Young,logan19@black.com,Graham Ltd,eafd1a0055726595,v5,Year participant quality stay rise probably majority.,2026-01-17,davidlong,Light cause toward own catch current. Hotel company the system region service.,1
7fd99ae3-d081-4abe-b261-b1dc838a85e8,Reactive 4thgeneration methodology,Education,9.1,3.0,False,21.02,USD,True,a884b3c1-5c0a-4241-ab9e-7f0cbe755447,Jonathan King,llutz@johnson.org,Brown-Morales,c00bdeed619f2ed4,v2,Quality bit star boy artist story public.,2026-01-06,triciaherman,Decision decision everything improve. Seven my class world.,3
0b39f73d-9747-4b7e-a309-34d16d19151d,Persistent well-modulated website,Tools,2.0,4.2,False,15.08,USD,False,92113f3b-8c89-4a93-bd11-d5ef8dcb1d54,Elizabeth Owen,aaron89@jackson.org,Sanchez-Wilson,1dfa72b7b6460df2,v3,Owner oil chair.,2026-01-10,ayersbrittany,None sound minute. Affect oil exactly budget. Begin blood side number build soldier boy.,1
fa39c9ad-43cd-45b0-8195-3dd7e4f79fce,Decentralized modular structure,Productivity,2.2,4.4,True,0.0,,False,048e693a-8d6c-46ba-985d-ace72ac3dd46,David Perez,grichardson@donovan.com,"Shaw, Johnson and Perez",944e0938fc2e29da,v4,Dark source what.,2026-02-27,cowandylan,Result why wife inside. Different successful one quite person oil cost.,5
b11dd3ca-b9f7-4d2c-8fb5-7a75f67f08c6,Cloned cohesive customer loyalty,Social,3.8,5.0,True,0.0,,True,28978065-12be-4f68-a440-7c1330c1a550,Marcus Henry,christina75@boyle.com,Jacobs-Ortiz,39aef3a6a62ad23d,v4,Notice city audience detail.,2026-01-31,barbara42,Radio factor few because sister size. Stand citizen never early best prevent.,3
67266799-58aa-4072-86b1-5300438e3cc1,Persistent zero administration function,Games,8.0,1.7,False,40.93,USD,False,4ab725f9-313b-4fb8-b417-61e639156dfb,Mr. William Weeks,raymelinda@mcgee.biz,"Lewis, Davis and Perry",5308fe47ec489cca,v1,Administration tell less relationship red.,2026-01-28,dawnlee,Somebody million him marriage name lawyer area. Letter indicate wind those American sell upon.,5
4fbf8542-5889-45fd-b292-cad7c91a79f3,Reverse-engineered exuding paradigm,Tools,9.6,2.3,False,9.22,USD,False,9fd18c58-4011-4b53-b11f-e7d1bb648bd3,Clifford Dixon,brittany89@mcbride.info,"Moore, Johnson and Lewis",dc36252a06a0b3b3,v4,Number listen any.,2026-03-05,paul75,Indicate century one toward. Paper agreement avoid can plant protect. Well air agreement.,1
52a5c026-c81b-4b1d-82dc-7279a8e02c7c,Up-sized mission-critical success,Productivity,2.9,1.2,True,0.0,,True,5db852a7-0099-466f-b601-1c9bf605baa2,Kenneth Ray,marvinharper@walker-smith.com,Rush-Medina,db31121967a93ad6,v5,Across meet turn citizen same despite total statement.,2026-01-10,david28,Indicate worker century against close station. Rich agreement white community child according upon.,1
f51add76-b2a6-4425-920c-6f186eac73ab,Fundamental transitional model,Education,7.8,3.7,True,0.0,,False,4162dd16-1ef3-4a7f-8e0e-7a47947baa1a,Kristin Duran,hinesrhonda@oconnell.biz,Dickson Group,a66f71e010c49c95,v3,Investment skill writer toward bed.,2026-02-06,wproctor,Form boy reality with job institution dinner. Throughout door into full.,4
a7eac5b4-1a0b-4567-b1d3-86bc21af0306,Universal homogeneous extranet,Finance,4.2,3.9,True,0.0,,False,2cdfb125-cdfe-4ddd-93e0-6e7ed5147cc4,Angela King,donaldrandall@torres.biz,Watson Ltd,0653821ea527205d,v5,Give save total under identify section produce.,2026-01-02,erin39,Want institution nice one wall. Story hundred kid him thing. Adult quite suddenly his play and man.,4
5b1b5323-c8fb-4060-8ce9-f2352fcc44da,Stand-alone bifurcated array,Education,4.6,1.1,False,44.25,USD,False,26f4a547-5e88-42e7-831a-55bfca001bfa,Veronica Duncan,joanna87@gardner-johnston.com,Hines Ltd,d8d842a260d7d66d,v5,Goal fish question draw central wind exactly begin.,2026-02-26,wespinoza,When food no option put ground. Might tend voice effect carry appear. West development place.,3
89ac6083-e03a-4708-926c-4379184cf99c,Universal eco-centric hierarchy,Tools,2.4,3.1,False,38.15,USD,True,28ec0fde-f942-4e89-a68c-817d072b3983,Lauren Scott,fosterangela@heath.biz,Payne-Tran,3145bddd391be71d,v3,Across hotel admit mouth.,2026-02-25,josepeterson,Majority three do. Us others this room manage local. Knowledge mouth while lead.,2
81a6d701-72f7-4c17-89e0-33f44a751870,Fundamental tertiary standardization,Finance,11.3,3.6,True,0.0,,False,303e6501-b01f-4e73-b491-824d693d5863,Karen King,amanda56@wilkins.com,"Lewis, Roth and Middleton",73c4d048595ac771,v3,Benefit help college reach.,2026-02-03,bryanjohnson,"Education pressure lead place center material should.
Water wish resource face who.",2
ddb30a78-bcf7-4824-b43b-c38d60a2b359,Up-sized dedicated complexity,Tools,4.1,4.0,True,0.0,,False,719a92d5-4dcb-4e7a-a601-42eb62ae914c,Jody Wilkerson,debbielynch@powell.biz,"Howard, Miranda and Price",a9a13199195a30aa,v5,Carry tough national last tax let value.,2026-01-24,melissa81,Land or effort condition. Case specific clear. Appear way project great course head.,4
66327d34-fe97-4ed2-ba45-3001300acfe6,Mandatory human-resource migration,Finance,9.4,4.7,True,0.0,,True,92e39fc9-cb2d-4558-ad4b-9c2e1eaaf4fa,Megan Martinez DDS,courtneymeyer@vazquez-williams.com,Reeves-Mejia,2ba6f24f0b65462f,v2,Agreement worry free else every dinner.,2026-01-25,lindseyhahn,Career simple push building guess. Night production dream son hundred positive would.,3
98e9b862-89db-463d-813c-71c51fffca9d,Self-enabling fresh-thinking extranet,Productivity,12.6,2.3,False,45.81,USD,False,2d443145-4b36-476f-bd8f-53f0d2e1c4ce,Rebecca Mason,melissa61@baker.biz,"Perez, Aguilar and Lewis",2f7167f0fea94ed2,v2,Establish foreign outside answer.,2026-01-10,ricardohuang,Place leave brother away agency information service head. Watch on range ready.,5
c47e642c-dbc1-49be-b873-8afb1e83a855,Grass-roots didactic knowledge user,Social,1.9,3.9,True,0.0,,False,43da4c74-d46d-48d1-9289-8c4e478b60b7,Daniel Hess,owilson@mccormick.info,Ritter PLC,f9e34457971ed793,v3,Board upon its coach.,2026-01-15,marthaglass,Nature let care nature increase. Example area by goal certainly cause.,5
34eddf9c-85a6-4ebc-afcd-caec4b545f08,Phased coherent structure,Games,8.5,2.3,True,0.0,,True,32dcddb6-8ce5-4101-98d0-59372988a5d9,Jerry Klein,xmiller@evans.com,"Hodge, Mckinney and Rogers",65a6d63de5f6dca2,v5,Must change cell.,2026-01-20,josepherin,Among pretty because glass. My threat relate writer fact.,3
7639cbab-3800-450d-8ccd-1e00bb4b5bc2,Profound well-modulated initiative,Social,10.6,4.5,True,0.0,,False,84a8d87f-0973-4464-9c3d-31b5453b59a6,Terrence Nguyen,stacy45@garcia.info,Brown-Edwards,7c315324136fa95c,v1,Smile hope paper ahead.,2026-01-02,adamscatherine,Hope those usually to effect today. Gas authority challenge after bring.,3
0de4b756-6888-47ec-8fc8-6f993747cddc,Enhanced 6thgeneration Graphic Interface,Social,12.6,3.0,True,0.0,,False,9038cc57-5085-420f-935d-bb8a2de26490,Matthew Campbell,margaret25@reid-young.com,Smith-Hartman,f2a5191cdffb447a,v5,Think available ever.,2026-03-05,michaelfletcher,Should fish worry president. Magazine tree see. Eat idea beyond. Experience still whether leg.,4
74cd21aa-140b-4ca0-8c37-9a33a7f263f4,Cloned didactic circuit,Education,10.7,4.3,False,27.78,USD,True,65979f7a-7030-4bc5-800c-415872a53a50,Justin Wyatt,operez@reyes-cooke.com,"Holden, Johnson and Hernandez",4edd31c174dcba62,v1,Effort if true.,2026-02-03,kochjoseph,Surface religious thing child who.,4
c8814488-a645-413c-a04b-b88ac051017f,Adaptive leadingedge leverage,Tools,1.8,4.1,False,39.92,USD,True,0a57b35a-f5c1-4276-946d-8991725be36b,Madison Rubio,gary36@richard.com,Ellis LLC,36b7b09706833b52,v2,Leader should writer person morning take clearly it.,2026-01-01,patrick47,Bit true Republican value simply. Play day notice sound view fly tonight.,3
8b311b90-a548-4d60-968f-0d959a9f9ab4,Monitored zero tolerance concept,Games,11.2,3.5,False,18.32,USD,True,81857663-0d95-46c2-be9a-7b3d1e218b77,Nicholas Chavez,matthewarmstrong@sutton-perez.biz,Fernandez-Ellis,1f747dfe0352970d,v3,Yeah among themselves arrive local especially product.,2026-01-14,mary58,Soldier smile Democrat single how defense. Present benefit market property knowledge.,5
b1b6b10d-73ee-4e98-ace1-64b8d6d41128,Business-focused didactic architecture,Games,3.0,4.0,False,38.04,USD,False,561e5268-62b1-4a2c-9474-6ab8de391f57,Christian Winters,brandon41@shaw.net,Wong-Nelson,7002c76a791a90be,v2,Wind wear maybe.,2026-02-19,kelly75,Pm hour many hand experience. Company sea race drug customer.,1
95adc354-cad8-44a5-9a96-d5b3636eb966,Team-oriented needs-based analyzer,Productivity,6.0,3.8,False,13.51,USD,False,c3b4bfc2-fd6f-4373-b2bc-01d5892e5191,Tommy Bishop,teresatucker@keith.com,Martin-Fitzpatrick,ac69dacd0cad4607,v3,Recognize street claim.,2026-03-03,frederick99,Box write step story middle from beautiful. Billion ability kid all reality candidate.,1
f74b4c1b-95fb-4f71-b50d-8abce19834f1,Pre-emptive tertiary info-mediaries,Social,5.9,1.0,True,0.0,,False,e32a5d43-8656-4b62-867a-de117ec867b0,Brian Singleton,woodgeorge@pope.com,Orr LLC,e67b63a9dcbac0b2,v1,Win act hour recent cost news.,2026-01-04,williamsmanuel,Once issue side woman. Head water agree agent. List pick interest space future agreement.,3
b8de4648-999b-4c0f-884b-967bf9ccc101,Fundamental leadingedge system engine,Education,7.7,3.3,False,1.94,USD,True,8a6f3264-1d2e-4d09-a04c-219d9af48aa0,Kathleen Hamilton,millersusan@stewart.com,Martinez LLC,4097f20ee43ce377,v2,Return possible theory cause then possible protect.,2026-01-30,nicolehouse,Through civil education himself. Recent cover within control street newspaper.,2
57c76b38-5cfa-4df3-9957-5f0949fead00,Customer-focused optimal structure,Social,11.2,4.6,True,0.0,,False,92bf623e-f54a-44cf-acb0-a4273cfa197b,Christina Russell,uholloway@lewis-harrison.com,"Collier, Scott and Ali",d9fd9de4b5a64724,v2,Protect yet surface bad.,2026-02-12,kimberlybarry,Painting leader option worker not music. Type stay result decide support social hope tough.,2
97b41145-1476-409c-a0f5-f16961366121,Extended bottom-line product,Education,11.0,4.8,True,0.0,,False,0a499484-00df-4fdc-9c5e-a564c4946aa8,Stephen Lee,martha77@pierce.com,King Group,b68a28d6eb6e0cc1,v2,Specific child class respond never not deep.,2026-02-23,ogoodwin,Message report lot strong sort wall ten in. Break should by party commercial.,2
e59a841e-1021-4683-a449-563493b8a9fa,Universal context-sensitive architecture,Tools,12.9,2.5,True,0.0,,False,40d184a0-80ef-4af2-a984-c6ab2c950829,Samuel Shepherd,susanturner@reyes-logan.info,"Ball, Bradley and Wilson",ae569e7f16217e65,v5,Course interesting should affect himself fall effort.,2026-01-29,brandon11,Easy art see difference war return. Fund among late movie.,3
d67a9e9c-14b7-44ca-89a6-a9911e2d4239,Organized eco-centric model,Tools,10.0,2.8,True,0.0,,True,aa952660-8612-4d5b-9acf-d6fa3672bed3,Corey Petty,andrehernandez@simmons.biz,Berger-Pearson,e142aedb3663cb2e,v1,Dog space bed democratic into.,2026-01-17,lisa53,I performance write. Whole produce forget else coach dream wind.,1
b920c66b-debe-46e0-8229-eb3148200038,Inverse demand-driven time-frame,Games,6.3,3.0,True,0.0,,True,c702661d-a2c8-463c-ac9f-5961a3c0287f,Karen Nichols,mgriffin@beck-tapia.com,"Herrera, Ortiz and Clark",6ec7fa89ee695359,v5,Ten hard scene head.,2026-01-26,jeffreyhill,His take keep deal. Up word individual market suggest.,4
5172f9c5-46a0-489b-b058-6cd68fd1bcaf,Grass-roots empowering portal,Productivity,2.0,3.7,True,0.0,,True,c2efe93b-7e5c-4926-bbd2-a39cabd42f8e,Patrick Aguilar,kristie73@williams.com,Kim-Whitehead,6851aa1e707c8988,v3,Television within all have young staff.,2026-02-23,sandyhahn,Himself join she bed plant difficult set simply. Thank clearly option sport memory top art.,2
228eeae9-690e-4463-9565-d920c67cdc85,Business-focused non-volatile service-desk,Games,10.5,5.0,False,38.4,USD,True,08182f85-b3ea-47f5-ba17-1161520db070,Bethany Stout,campbellgrant@elliott.com,Hudson-Salinas,7400cc4f9d4c4f53,v4,Plan suggest be approach glass whole.,2026-01-25,john25,Hit wonder budget ask street onto. Leave exist visit assume born raise collection.,1
18353122-b011-4b5f-b442-35cbff7b4d6f,Team-oriented bi-directional parallelism,Games,7.6,1.1,False,20.21,USD,False,b4bfd15a-4444-4b98-bda2-b8e98718c9b0,Matthew Rodriguez,pvelasquez@delgado.com,Norris Group,145a9ef388282207,v1,Current all investment within that bank.,2026-01-03,richardmartin,City author a important tax. Senior some per.,3
5f6d6776-201c-41d8-91ec-1df5f2f8f973,Digitized composite approach,Productivity,10.1,2.8,True,0.0,,False,b12d8d7a-810d-484c-abd2-283124f5aa55,Alejandro Oconnor,fwyatt@curtis.com,Ramos Inc,759f401b29646ca7,v4,Offer station recent do eight another.,2026-02-19,robin73,Product though great study. Minute financial decision prove game room.,1
c3180bbc-3180-45c1-aa0d-32ba25fbcde2,Integrated tangible contingency,Games,12.9,3.0,True,0.0,,True,7210ea77-a67d-4b89-a9ab-f8daaa854946,Danny Arroyo,fbaldwin@williams-garcia.com,"Russell, Sanchez and George",37932f992d313dbc,v1,Candidate power cup rest nature believe.,2026-01-12,keithcunningham,"Understand continue draw can continue. Speech road as.
Send ever soon up most cold.",5
d6125d6f-913f-43e1-b45a-dc33c758877a,Universal exuding infrastructure,Productivity,2.6,2.9,True,0.0,,False,c01afb79-b4aa-4cca-81d2-c932d4f2bc4c,Joshua Ray,nicole33@moreno.com,"Ho, Bauer and Serrano",4cbc511d1f62fbbb,v3,Piece laugh without response fear.,2026-02-06,miranda61,Although cup gas husband table chance.,2
d9ee99ab-1f88-4c67-94c2-0f497be2505c,Digitized zero tolerance knowledgebase,Tools,5.7,4.5,False,30.11,USD,False,cec4003f-f4d4-4d78-8d38-c071731e0a74,Anna Ford,anthonysaunders@bradley.com,Hunt Group,aad896c579979ae9,v5,Most different safe avoid method share ask point.,2026-01-27,jacqueline32,Theory green animal decision hair. Source bank see exist.,5
a93d29f7-389a-417a-8604-54a33d22fbe2,Fundamental national intranet,Games,2.2,2.8,True,0.0,,False,21d50753-136f-493d-85f2-999106fe0897,Michael Hayes,jacqueline65@velazquez.com,Koch-Griffin,3d062db762b21590,v4,Mrs nor sometimes painting least recognize.,2026-01-08,leejohnston,Security street forward. Ahead authority environment analysis public feeling participant.,3
a7913bd7-3cc7-4f93-bcf0-de631ef90b75,Inverse reciprocal alliance,Games,4.3,3.1,True,0.0,,False,95b7ddf4-e75f-4969-9033-54a86de7d7bd,Emily Gonzales,ryansandra@nguyen-hansen.com,"Jones, Vargas and Reed",789b6ce131192b12,v4,Page what move popular bag.,2026-02-20,adriennebrown,Our rise individual talk bank. Personal property explain economy.,2
63da8ff6-5875-421c-917c-bbc9d3b1a8ee,Implemented analyzing artificial intelligence,Productivity,1.1,4.9,False,19.24,USD,True,8b45fd12-e12e-4c5a-a32c-a5d41be602a3,Laurie Williams,qbanks@franklin-gardner.biz,Archer Ltd,295c83b8a6d472b2,v3,Former consumer project determine one interview understand war.,2026-02-19,ffarmer,Field alone section office us all enter. Natural quickly free phone meet rise state.,3
77047972-c54f-4b63-9c34-9faca8899efb,Integrated scalable data-warehouse,Productivity,1.9,4.7,True,0.0,,False,1208b2c1-56e2-489b-a05f-8f2374f5f6f2,Edward Daniels,amanda84@harrington.info,Brown Inc,d0aaf89e8bfd7741,v3,Spring final notice worker see yeah.,2026-01-05,tammywilliams,Newspaper degree team drug boy. Social might sea drop hotel record face.,4
49d9fa4e-860d-4e56-b75e-2248624114af,Visionary responsive alliance,Productivity,5.9,3.2,False,29.78,USD,False,122b9909-3e4d-406a-9163-d9d8cf40bc69,Paul Hester,russell88@merritt.net,Miller Group,42fcfe62a3849e35,v3,Name old recently.,2026-01-14,aprilthompson,Rather old behind scene activity sing. Whole lead choice direction thought.,3
9c6281b1-d649-47f1-a150-70eb1091385d,Triple-buffered holistic throughput,Games,5.1,4.0,False,41.75,USD,False,f6fd766e-58f5-4660-9e5a-0cd03b980578,Autumn Casey,patrickthomas@rose.com,Morales LLC,0bad9ec756f24a00,v1,Game experience family industry talk build.,2026-02-06,garciaroy,Establish garden mouth more provide. Occur involve paper peace dream.,5
ac49d0f6-25c9-4a32-8d8a-9f5a9eaea7e3,Mandatory local emulation,Games,9.6,1.9,False,7.11,USD,False,3b66bd81-5318-4500-8150-d0770f15b56c,Regina Hill,lclark@dyer.info,"Hughes, Jordan and Holland",32d07d8897e89284,v2,Bad far quality learn since collection.,2026-01-04,annedavis,Usually risk share fast news. Season professor prepare.,1
1a15b1ab-87d3-4198-bf62-e02fe33c0a2a,Devolved tertiary portal,Finance,4.8,2.9,True,0.0,,False,239bce96-e90b-436d-9c0e-c3b0737add49,Emily Charles,ballmatthew@green.com,Johnson Group,40b0ed8415b04dac,v2,Create improve sea cause.,2026-01-12,andersonpreston,Recently price painting unit understand.,5
817e80f5-d54c-43d8-811c-372dc1825306,Cross-platform 3rdgeneration system engine,Tools,2.5,2.2,True,0.0,,False,60f42f96-560b-4105-a276-c4473cc07493,Casey Wilkinson,reidanthony@bell-bryant.com,Smith-Gill,e4a4ab68d9e149e8,v2,Recent term whole process.,2026-01-06,ericpugh,Turn probably ball college environmental. Whom clearly American. Worker remain note tend learn.,3
666f62cf-89f9-497f-9d54-ccc061a2b1e7,Persevering holistic throughput,Productivity,6.9,3.9,True,0.0,,False,030f8f26-dcb6-4b11-9ba8-75dadbf0dc88,Sandy Roberts,carlrussell@coleman-hooper.net,Daniels-Hall,9e27cdb0a09b8b11,v2,Soon seek activity meeting.,2026-03-05,michelle00,Us international avoid foreign we visit. Audience city piece indeed very serve.,3
46e2bb27-5355-4a62-86bd-afb9dd772a8c,Customer-focused cohesive definition,Productivity,3.8,4.9,False,4.32,USD,False,e2485234-2630-4b97-b125-91aa1770c6aa,Kelly Jackson,wbray@hebert.com,Rodriguez Ltd,e31880905c025bdf,v3,Old among total exist name staff around.,2026-02-03,jacksondawn,Over almost with future information. Beyond food around.,4
6dbd0149-d688-4734-b7c8-64149d5c9eb2,Expanded bottom-line hierarchy,Tools,6.8,2.2,False,19.36,USD,False,e9529bfc-3afb-4669-bddc-fb9ab116ed1b,Ruben Cameron,gregory01@buckley.com,Salinas-Black,1768dc9d9719f396,v1,Increase thousand hear option space memory.,2026-01-20,roysara,Admit seem my admit against charge or form. Compare figure door offer child media position people.,3
c9dc0706-cd74-4c03-a1cf-5b62e3abf0b8,Open-architected mission-critical matrices,Education,12.8,4.5,False,42.99,USD,False,b81c0527-1366-4df9-9f2a-40a3f2851e85,Timothy Pierce,kellysmith@guerrero.biz,Gonzalez Inc,878314fd4cfd0707,v5,Do manage thousand majority another not society.,2026-01-07,annaboyle,Understand miss need pressure. Tend sort bank style.,5
df306e74-13a1-4861-9834-178cb8cd8b4e,Cross-group multi-state website,Tools,11.9,2.5,False,41.73,USD,True,03312d1e-ba5e-49c8-8690-996b72f7d21b,David Kelly,nmiller@brady.com,Potter-Warren,3e9b754b79d4fe29,v3,Large range catch weight few.,2026-02-25,kimberlyclarke,Statement win agent. American guy color single particular production growth.,2
ccbd4fdd-805b-41d0-a5ca-dc746a417aca,Right-sized static archive,Games,4.9,2.1,False,46.25,USD,False,981983d3-080e-4bae-98e3-1532b3da9ead,Peter Nelson,omarsh@reyes.com,Olson and Sons,01aef100124904a0,v1,Prepare respond such simple movie something fund.,2026-02-11,howard94,Peace possible field. Child send public six you option so.,1
49ab0c70-b1cb-45d9-96b3-f190cf4639ce,Customizable solution-oriented success,Finance,2.7,4.4,True,0.0,,False,629b5909-ecc3-46ab-95d5-f6cc175cfab9,Michael Romero,patrickcox@valencia-miller.com,"Williams, Thomas and Lamb",45f6288d46a1bf89,v5,Father kitchen big join.,2026-01-17,hmorgan,Buy control much east strong. Material in own air media.,3
f8bbe6b3-7e14-445f-9845-74d3e66d3d3f,Reverse-engineered fresh-thinking portal,Education,2.3,2.9,True,0.0,,False,adba66bc-81ac-4029-8550-0927f359f000,Mary Simpson,donnamurphy@burke-santiago.net,Robertson LLC,0c4c4ba91f0c80e3,v1,Poor his head officer vote short sound any.,2026-02-15,kathryn75,Owner foreign value successful send. Discussion baby method.,4
2ca51000-4524-4d13-b489-28ead417a510,Enterprise-wide explicit application,Finance,2.3,2.6,False,3.88,USD,False,827c2a5b-3ed8-49d3-a8a6-cef8818821ac,Rhonda Roberson,lori32@pineda-daniels.org,"Jones, Kelly and Morrison",b617405dfd2a5c0f,v1,Action whose me nearly attention exist must remember.,2026-01-24,davidnash,Make significant open central. Pretty without town experience. Form from dog even civil.,5
0767ada9-111e-4bdf-adcf-d8977bb54200,Front-line impactful website,Education,9.2,1.2,False,6.02,USD,False,fb934a80-ce88-46a5-a0be-ebcc0cf4e38d,Jessica Wiley,elliottrobin@lopez.com,Duncan-Bradley,5a5862f88e868aaf,v3,Stand back no day.,2026-03-01,qward,Radio prevent management send sister song. Notice even important size receive growth back.,1
3854325d-30ef-43fb-9a27-be9d44e27f25,Reduced encompassing projection,Social,7.5,3.8,False,40.32,USD,False,8e4d6eae-232b-465d-afa4-e06745d6f7d5,Samuel Farmer,lauriesutton@wilson.com,Pearson-Casey,4a3b28c9b3a71270,v1,Throw difference discover rock forward every.,2026-01-31,linda10,Structure language happen. Strategy oil degree beat sea bar.,3
4525dea6-a238-43ab-b415-cf9b6084d3b1,Ergonomic fault-tolerant capability,Finance,12.1,4.5,False,14.83,USD,True,5cf7e480-d902-44b0-8c7e-e32e79ba6c4e,Ashley Romero,jonathan05@bennett.org,Jimenez Ltd,243e4d5aeecf16a3,v4,Employee have suffer coach.,2026-02-04,hsandoval,Entire painting red tough sea discussion. Hit cover boy fight. We nice exactly whose month.,3
52f79e1b-977a-42a6-95c5-3578c3f08898,Self-enabling zero tolerance project,Games,4.1,1.5,False,22.3,USD,True,aed76e57-db58-4619-a0b2-8f151d00c097,Marcus Anderson,john62@drake-soto.com,"Ramos, Robbins and Stewart",33f2d0f4cf46bc2a,v1,Across already side individual song son international wonder.,2026-01-03,kenneth80,Meeting purpose need expect head citizen. Magazine than there join debate laugh growth.,2
50b21df0-e3a1-4e18-adc5-cff756e268a7,User-friendly multimedia database,Tools,5.4,4.8,False,6.6,USD,True,de62e172-9ad1-48b6-83f3-27f8ff57d3e5,Stephanie Garcia,whenderson@hancock-reynolds.org,Henry and Sons,74e5f462157c5bfb,v2,Take bag challenge.,2026-01-02,snyderfranklin,Us seat get pay exist wear than. Time treat spend develop determine name gas.,4
705878f3-d7cf-4985-9f64-42cfbb32218f,Profit-focused scalable extranet,Productivity,4.6,4.3,False,36.51,USD,False,b7f910bb-d159-4f80-ab49-8703360a8aa3,Antonio Hernandez,hlopez@morrow.info,Black and Sons,0382b1528e2bb7d8,v1,Goal poor candidate.,2026-02-01,michelle01,Both event claim. Room accept result realize authority treat. Matter expert paper thousand top bar.,4
d0781df2-91a1-4f68-817d-29e181c458d3,Cloned multi-state function,Productivity,2.6,4.8,False,1.47,USD,False,893bf4a9-566a-4c3b-a82a-3b2c23f4357e,Michael Kirby,brandonbrooks@stuart.com,"Chaney, Chavez and Sherman",bc84e8a0ec21458d,v2,Between agree food yeah.,2026-02-16,tammy18,Produce general system heart discover. Our goal into benefit physical. Defense may yes feel.,3
95a278c9-1ddd-4ff2-bfb8-66e67d951660,Persistent executive groupware,Productivity,8.3,1.8,True,0.0,,False,6334042c-be9e-414e-82dd-ee30c8f2df7e,Karen Roman,andersoncheryl@guerrero.net,Brown-Garrett,e144ff23643f1dca,v3,Suggest base suffer mission form table.,2026-01-04,davisvincent,Paper with pretty ask child visit. Choose increase over. Eye thing scientist imagine.,1
1eb3e2b5-b29a-4f1a-add7-fcd9ae93dc13,Right-sized reciprocal artificial intelligence,Productivity,10.0,1.9,True,0.0,,True,38f47675-12c4-40cb-bafc-2fd531c58102,Lisa Downs,deborah61@davis.com,Burns-King,a6fcc7aec5bf7878,v3,Thus response stay listen building.,2026-02-12,wchang,Region where include manager not others grow. Want scene last guy. Recent yes there.,5
4dc4f569-87b9-4ecc-ac3b-ce911df11986,Quality-focused motivating migration,Education,2.4,4.2,True,0.0,,False,536c0f1d-2281-4b6a-a9d5-1de1908799a8,Andre Hall,howardsherry@charles-gillespie.com,Burns-Carey,1cdbbfb49ff15a40,v3,Before bit south do century power.,2026-02-28,ujohnson,Security time ok north begin. Service hair sea wind exactly.,3
0fae55d4-386b-40e3-9966-1a62d71f9a50,Open-architected secondary moderator,Tools,12.2,3.7,True,0.0,,False,c42e71f9-d5b2-43fc-bc46-ae88b359e9e8,Jason Massey,vramsey@welch.biz,Warner-Mcdaniel,8641c2d10894f39a,v5,Possible nature management keep lead quality enter.,2026-02-22,brownnicole,Method beat subject. Read social major. Choose as election development nice thousand probably.,4
cc950a34-3b44-4089-b6cf-4afc14369c3f,Open-architected user-facing collaboration,Education,4.1,1.0,True,0.0,,False,793e9f17-b09a-40a3-bb19-7387ae411f3e,Jeffrey Garcia,jenkinschris@foster.biz,"Lloyd, Taylor and Cameron",3fb578a21526eeea,v1,Foreign air allow produce.,2026-01-18,landryjoshua,Store phone program within together. Challenge cause despite ten.,3
d948b881-43c5-43a6-a7c2-230c7ad295f8,Team-oriented 3rdgeneration website,Social,9.4,2.2,False,13.21,USD,False,e9e5279f-dc7c-486d-a0b8-80477cac9b1a,Heather Jensen,elizabeth24@brown-patterson.com,"Montes, Bowman and Hall",7dbc3099e23a65ba,v2,Far compare television together safe yeah window.,2026-02-08,jayjohnson,Half somebody world establish seem. Look wind major yet. Tend rather strategy suffer among this.,2
497549a0-7a14-4232-a7d7-d77a7b63c8a3,Team-oriented needs-based neural-net,Education,5.1,3.8,True,0.0,,True,4c5ce854-728f-4cc5-a819-44bb10f0ef50,Christina Romero,jerryreyes@garcia.biz,Howard PLC,ef7b17351aeeaeb1,v5,Soon kind moment address.,2026-01-24,zmclaughlin,Rock she available blood travel affect again. Bag move experience simply college report last.,1
2e1b6f36-2247-4eb7-9db7-2f905c15cd62,Quality-focused systematic benchmark,Productivity,2.8,4.1,False,37.22,USD,True,325fc9d9-ed4d-4de2-a8d2-5810f0cd784e,Ann Hoover,david46@smith-ruiz.com,"Simpson, Nelson and Gallagher",520ae2edb2a4f195,v2,Tell each three.,2026-02-06,megan84,Certain half simple now system. Catch arm small relationship detail know.,3
7829b56a-34ec-4900-adf6-42ed1ae726c6,Ergonomic scalable leverage,Productivity,9.8,1.7,True,0.0,,True,25a01a09-1538-4213-87d0-fe46b85f9953,Dylan Hernandez DDS,goneill@turner-hernandez.com,Singh Group,759912b867f1f5bd,v4,Approach color give help how section.,2026-02-26,yhill,Writer people these way third manage. Professional finally style goal culture listen apply dream.,2
bf2d4472-1207-4701-ba41-ba11661a9833,Optimized didactic function,Finance,7.7,1.5,False,8.8,USD,True,a919ecd3-694f-4e28-aed6-7920f61a88d5,Alicia Stewart,npayne@thompson.com,"Warren, Jones and Faulkner",8e57bcedf9ccbd31,v3,Be see account talk threat year available.,2026-02-25,fordkaren,Mrs although all around structure. Possible follow officer turn change.,1
f37fbb97-20c9-49be-a8f4-e1306357b53b,Managed zero administration superstructure,Education,5.4,4.0,False,17.15,USD,False,c2d2c572-2536-49e5-8cc4-d8be2d027bed,Gerald Smith,joseph22@weaver-jackson.info,Campbell-Hawkins,227ee2f0a5d082ee,v4,Democratic address media through still foreign.,2026-01-06,nunezmichael,Call kind stuff society huge fly. Fear raise worry. Impact lay responsibility candidate.,1
bc4abc4f-c732-4bf0-8139-cf888fbc310b,Face-to-face explicit circuit,Tools,11.1,1.3,False,2.62,USD,True,9c3793fd-94b0-433a-addd-6e853be5dce2,Mrs. Danielle Chavez,jessicamccarthy@cochran.com,"Walker, Cabrera and Morrison",f573691051cf6956,v5,Party one and.,2026-02-18,amanda13,Push hope claim technology prepare even share. Foreign challenge network fast student everybody.,4
e74e8e71-8069-4634-8a13-d43c15257f8d,Intuitive exuding database,Tools,8.6,3.7,True,0.0,,True,692d02d5-d3ed-40c1-9c51-3d8c00c78a43,Christopher Woods,watkinspatrick@smith-warren.com,Haynes PLC,09ecef1190a0a025,v3,Able recent sport bring explain health must into.,2026-01-14,alyssa92,Best deep serve. Teach whole recently.,4
4dca0e73-8ac5-4359-b172-1f768a64f505,Decentralized 6thgeneration extranet,Productivity,10.2,4.9,True,0.0,,False,503cfa87-0251-4cc9-8b5b-e45242ca4a38,Jason Erickson,stevenjimenez@santana.com,Cruz Inc,7b0f1881018526ee,v5,My among should party car else fact.,2026-02-25,qwilliams,Control sister make water. Risk green sister health. Inside director grow alone lead there science.,4
1b944dc4-0b7e-4152-8003-6f4de92cb1d0,Re-contextualized solution-oriented toolset,Finance,12.4,3.2,True,0.0,,True,d6725cda-2ac7-4abc-9500-2a3a344f6b1f,Monica Webster,brianreese@bryant.com,Smith-Roberts,a93ddc237e193600,v4,Impact memory board we I.,2026-02-24,stephaniesmith,Control with deep party tend college. Such although decide.,4
5c24861d-1f20-499c-ad3a-dbf38f682a1c,Automated radical installation,Social,6.3,1.8,True,0.0,,False,97009b05-9f23-4e2f-8e05-0163258cdcd0,Andrew Sanchez,njohnson@jones.biz,Davis LLC,0855c2d058abf96e,v1,Day item thank before large.,2026-02-22,joshuaharris,Cultural choice miss nice cup. Degree determine often.,5
66a3cf2c-8d58-4939-bf48-a5aab19d440c,Synchronized background algorithm,Education,1.7,4.2,False,31.3,USD,True,76dd05c5-06bf-4e37-8295-e46818b115e3,Stephen Dean,luismassey@mitchell.com,Thompson PLC,5f8ff4124d795bc5,v3,Method happy huge hundred produce because truth.,2026-03-03,robertberry,Science catch threat change finally. Tax find rather similar.,2
8767d8b1-1143-41bb-8d67-e4073345113f,Persevering client-driven paradigm,Social,9.8,3.2,True,0.0,,True,360ed037-895f-4094-ae3b-40cbd2328be7,Ernest Duarte,christophergordon@kemp-roberts.com,"Camacho, Morton and Willis",a76fa2f9523014da,v4,Wonder work part real.,2026-02-06,bakerdavid,"Term former magazine image scientist evening.
Yes front suffer. Year player easy.",3
b501bc32-e9f6-475f-a019-af24ca44d280,Versatile human-resource middleware,Tools,4.2,4.5,False,42.38,USD,False,54294450-ead5-4fb2-8121-62129335121c,Jaclyn Davis,james94@durham.com,"Mason, Wells and Stevens",872dfab06f810da2,v5,Ten ten foot compare many.,2026-02-19,monica58,Place reveal design business station family. Course movie quality couple.,4
18337e9a-1b26-4c5e-830c-992ab847cf17,Digitized empowering Graphical User Interface,Games,5.9,3.3,True,0.0,,False,ffd52820-c5ad-4507-83ff-64cf7a618e21,Randy Austin,morrissherri@morales-yang.com,"Lee, Jones and Hampton",48530d52b02c124c,v3,Tough resource pretty six behind never most.,2026-01-20,alexander18,Fast contain Mr again during film. Direction care security author spend day cell.,5
b62e04ef-2aa6-43da-a156-6b0ec0755b77,Progressive user-facing concept,Productivity,3.7,3.7,False,3.12,USD,True,b9e730f3-159f-42df-94d0-897348f3fda4,Keith Gardner,garciajamie@hays.com,Montoya-Montes,8e32b0bb8a2cb6f1,v2,Who woman community.,2026-03-05,kroberts,Peace cause action. Side wrong close baby but explain two.,3
122f7135-f577-4246-8c05-189e0aba3690,Operative upward-trending firmware,Productivity,4.8,4.7,True,0.0,,True,d07d3c40-5602-4c04-9c6b-5b630cbfc8dd,Jonathan Cook,danamorris@gutierrez.com,Yang-Lewis,8b5eba689f282574,v3,Rate environmental lose.,2026-01-16,nancy42,Ready poor give hard trip.,2
77e277a4-5b92-495f-84a7-ea724be959e3,Customizable hybrid hub,Social,12.7,4.2,True,0.0,,True,902054c3-f6b6-4af9-a22c-9668100d4480,Karen Shea,seth33@campbell-long.com,"Haney, Rogers and Donovan",15b53ec8641fb0e8,v5,Miss per find program ask over culture certain.,2026-01-28,stewartdenise,Level discuss organization daughter one experience economic.,3
233aaf33-0feb-496f-a60e-5e6adb3e6f9d,Proactive content-based workforce,Tools,7.7,3.8,True,0.0,,False,ba899411-b5c6-49c8-8e25-20d911987fbe,William Reynolds PhD,robert70@jenkins.com,"Lopez, Zhang and Cole",f9d793809b3d1f94,v5,Tax group big law analysis trade.,2026-02-17,iholmes,Note should begin argue world indeed arm guess.,2
a669fb3c-36dc-4512-a64c-3700510545e8,Profound content-based throughput,Social,12.1,3.7,True,0.0,,False,255ffd9c-fb57-4c4c-bebf-4b498ee9420f,Danielle Chaney,fthomas@oconnor.biz,Brown-Anderson,4c6e77eec2c6a275,v2,Single security something leader price fish white professor.,2026-03-05,norrispeter,Economy ball people color home really tough. Air season trade hand face. Check media might this.,1
638498f6-c913-4b39-bddb-b593481bedde,Profound fault-tolerant architecture,Tools,1.8,3.7,False,42.9,USD,True,56b4da84-ffa9-4c3c-bfa4-4575564525ff,Phillip Obrien,zwilson@butler-garcia.com,Watson-Jackson,0c13c716504f2417,v5,Father issue lawyer program.,2026-01-24,anthony97,Pull go region image agency. Exactly issue four.,1
f4371fca-fd26-41af-897d-7693661c874a,Phased interactive definition,Social,8.9,3.0,True,0.0,,True,787dc3b6-fef6-474a-a86b-49f639c81ade,Amanda Fitzgerald,monicawang@andrews.biz,"French, Miller and Bender",9d4afdb22dc39da2,v2,Line common draw visit through serve.,2026-02-07,brownwhitney,"Plant including who rock black pressure. Red dream under choice.
Affect improve feel last item.",2
dc7a1571-8289-4b47-bfaa-8c8a6339157c,Optimized homogeneous hierarchy,Productivity,1.4,3.7,True,0.0,,False,be03a2b1-0834-4959-99a3-7efb8448ec8a,Lisa Peters,fieldscrystal@cook.biz,Ramirez-Brooks,498194d61af8deb4,v3,Room production reduce knowledge environment.,2026-03-02,rodrigueztravis,"Herself last sell tax.
Politics pattern kind accept. Age account hair according.",5
ff5ffa53-2e18-476a-915e-f6d12ba4e7fd,Optimized scalable infrastructure,Tools,7.6,4.3,True,0.0,,True,296493fa-102e-481c-9445-b570ab54a6a8,Lori Wilson,wilsonwendy@hartman-stanley.com,Landry Ltd,b7b02699e0b32aa9,v2,Different director avoid take nature my very themselves.,2026-01-13,michael31,News degree grow process hour. Involve art wrong many people.,2
82ae36fb-8487-493c-bb3b-bdab7baa898d,Distributed logistical attitude,Productivity,11.5,2.0,True,0.0,,False,8299b392-be50-4619-9929-c787a5e8c243,Joseph Cook,stacy34@pratt.biz,Gilbert Inc,358e0c86ab22e9a7,v5,Hold buy admit remain sense.,2026-02-06,brucemurphy,Prepare realize apply its toward score. Memory determine degree prove.,3
15ad934d-0439-47c1-94a0-a19dd61e9053,Advanced maximized strategy,Productivity,7.1,5.0,False,32.71,USD,True,3c03c507-82ce-4477-8c02-ffa115dea54c,Katherine Williams,carpenterholly@stephens-brown.org,"Burgess, Brown and Miller",0f9dbf859639cc4a,v4,Foreign argue reason pass none.,2026-02-27,hannasarah,Customer wear wear citizen myself whose visit hair. Rest social control.,3
88f97631-dc2b-4312-b248-913eb88ac39e,Assimilated didactic customer loyalty,Education,8.3,2.6,True,0.0,,False,9b5e78ce-c351-48f1-bb13-ca5d6b764ada,Brandi Dunlap,coleelizabeth@gordon-ellis.com,"Campos, Marks and Cooper",eae01519e95c316f,v5,Believe cultural consumer middle during southern role.,2026-02-08,velazquezjennifer,Spend glass join station social. Why itself grow key dinner PM rise.,1
5767eb47-e41f-42d6-b999-1322382b8091,Organized bottom-line strategy,Productivity,10.7,2.4,True,0.0,,False,5215e948-92a0-4e12-97ea-e9637526c023,Jacob Wilson,jbryan@stevens.net,"Brown, Ayala and Hall",15644dd8aa587bc8,v1,Happy there own box music.,2026-01-27,hhernandez,Product if or someone. Particularly letter group score. Tv major collection see great.,5
67ed5cf0-5d94-4781-a35f-b06d55277a5a,Reactive mission-critical installation,Finance,4.9,2.5,False,7.84,USD,True,8c18bb83-3e8c-4509-92c8-152c689cad57,Sean Lopez,sharon87@taylor-farley.biz,"Weber, Weiss and Graham",f1710bb7c2ab1ede,v1,Example down set.,2026-02-11,clarkkendra,Former painting sister this. Claim station weight national.,4
42252a4a-77c2-4f5b-b87c-6ffb8d65b501,Object-based discrete Graphical User Interface,Social,7.2,4.8,False,39.69,USD,False,7bd6f680-c6cf-4335-873a-5595bde64237,Kevin Boyd,ronnieerickson@allen.com,"Hill, Underwood and Reyes",9f4090f25274a1ef,v3,Mrs thus tough employee.,2026-01-05,brian47,Term test myself serious time. Word lead onto system best knowledge. Yeah song determine question.,5
66e588ea-b344-46ba-9252-c4f4ac595d3b,Face-to-face systematic instruction set,Finance,8.1,4.9,True,0.0,,True,389cbc74-a742-4dc8-92f6-10c311809920,Katherine Reed,jessica67@fernandez-tate.com,Hicks LLC,2d2cddbe68d5437e,v3,Former green executive focus determine present.,2026-01-01,tim53,Act performance military bill.,5
589e1052-be04-41e1-abde-80056c52a956,Expanded client-server algorithm,Games,8.4,3.0,False,10.48,USD,True,b6206408-62b2-49de-9a8a-e0d688e5c5f5,Ashley Mendez,rachelsnyder@newton.com,Harrison PLC,69a5fb88f1f7a8a0,v2,Explain professional natural course manage others.,2026-01-18,pestrada,Blue spend figure process floor.,3
d6f18ec2-4c27-4845-ae62-558938049906,Re-contextualized demand-driven benchmark,Finance,12.4,1.2,True,0.0,,True,4efcc77a-eb61-4848-8cfd-b4565f3c8903,Kimberly James,avilla@harper.com,Mata-Davis,0fa2b3ded4c6e2a1,v1,But wrong source central.,2026-02-03,kennedyjustin,Happen bed various these wonder relate. Everybody some computer long.,5
9bb7fe28-65c1-4f01-85f7-82f084b0471c,Reverse-engineered empowering hardware,Games,8.6,1.6,False,5.98,USD,False,545c9799-55cd-4558-9c81-ffc46ccadf39,Alejandro Hughes,swalsh@parker.info,"Pearson, Dickerson and Jenkins",3d36a01ad0abb3e2,v5,Technology relationship identify us.,2026-02-15,jeff55,Sort benefit job high since. Hold theory hold allow interest. Continue seven front both expect.,4
7a61da8e-5654-4d03-901b-bec31958cfb6,Seamless discrete approach,Productivity,2.5,1.8,False,26.34,USD,True,75c73dbe-b7b1-4003-bab7-a380b0be6066,James Chapman,jennifer57@powers.info,"Middleton, Gomez and Zamora",9be8dc0a1a8de5a4,v3,Will record avoid middle million decision audience.,2026-01-26,vanessagardner,Someone ask wife deal whom.,2
ea5799cb-e3ab-43c5-ad28-b9e24624333c,Configurable eco-centric project,Education,3.0,2.7,False,36.07,USD,False,1a0e9a40-0b2e-4226-8762-5f133be5a6c9,Terry Lee,dbrown@nichols-clark.com,Hahn Group,925087dd7cec63d8,v1,Ahead toward phone concern.,2026-01-01,danielle41,Catch let possible simply.,5
e80aad1a-747a-4b4e-8b18-5c7a6e6ea8b5,Automated contextually-based firmware,Productivity,12.8,3.7,False,12.06,USD,False,8ac6ccae-4457-4979-be49-4862dd01c4f3,Nancy Avery,ktucker@hartman.com,Montoya-Wall,a463835640cd3d79,v3,Might main about surface throughout yard sell.,2026-02-01,mmccall,Financial high store meet mission across list. Garden set wall source.,2
865fecca-c0fb-48f7-a4c1-84e696d006ab,Polarized encompassing access,Tools,1.5,4.3,False,19.26,USD,False,74733988-3aef-4888-884e-f1370a1ec65e,Jamie Campbell,dcochran@powell.com,Davis LLC,32a67858e9a359cf,v4,Service night two blood cold marriage by per.,2026-01-11,qreilly,Staff participant change but. Above team take attention.,2
61df8f62-6918-4554-a79c-e4a3d925e5cd,Inverse 24hour infrastructure,Games,4.4,1.9,True,0.0,,False,dd14827b-aa1b-4b24-ae26-e9d50e9ddf97,Deanna Neal,charles71@knight-richardson.biz,"Dorsey, Jimenez and Bowman",cdefc1bbcd5905dc,v5,Majority position great fill choice budget else.,2026-01-31,bellgrant,Image himself drop class couple. Watch line herself space wind.,1
34deb21c-ba8d-4f06-bea7-3ad5207ef537,Centralized scalable workforce,Productivity,5.7,3.7,True,0.0,,False,f89f1e09-9bf6-4c79-968e-241d9f5def61,Morgan Cox,ruben25@rocha-buchanan.com,Rogers Ltd,5ef150f5cdca4e22,v2,Process election individual beautiful such leader game.,2026-02-20,tammydurham,Beyond law place bar. Onto campaign response where. Her herself professional over gas.,1
9067fbcb-bc7f-41cd-8824-fbfa209316e0,Open-architected next generation moratorium,Social,3.9,1.6,True,0.0,,False,de681f0e-a33b-4e75-a2ac-a0fee9405078,Jessica Watkins,cummingsthomas@chavez.com,Nguyen Inc,8c24559bbeb5e8bf,v4,Beautiful organization notice understand study mention work.,2026-01-10,stephenserin,Represent physical social. Forget must answer guess cut add.,2
f72b66c4-29a6-4315-9bee-e167b79a4141,Re-contextualized 5thgeneration Graphic Interface,Tools,10.2,1.3,False,9.71,USD,False,157c4172-2c2e-42ad-a70a-088012df7e89,Mary Hicks,robert92@lucas-reid.info,"Schaefer, Davis and Price",dcdb3d486662c961,v2,Mother hour billion most be them.,2026-02-05,smithpatricia,Water ball according impact step work. Front stop expect from try key.,3
464b392a-166b-41d0-a197-b8f58e258f54,Ergonomic non-volatile service-desk,Tools,10.4,3.5,True,0.0,,False,072e7c69-ebec-4c69-9494-161ad644462c,Richard Jordan,kathymiller@johnson.com,Gonzales-Lowe,30bb74ab9d9370c8,v5,Wish role rate financial ago cover.,2026-02-25,elliottkim,Star although friend impact. Into it a mother enough. So discuss paper land both consider action.,2
1cc7b6ce-d896-453d-8c96-3dbeb011f52a,Function-based methodical support,Games,4.8,1.6,True,0.0,,False,0f1f899f-5eb9-4bbc-96eb-f997eb5019b4,Hannah Carey,nicholas59@johnston-cortez.com,Montgomery Group,aa4f6f6dd268923a,v5,Main local really for.,2026-01-30,edward24,Key night executive single institution just sort. Amount cell drug wonder eye government.,4
944c7dc8-9c2f-4596-a7d9-c246982c477c,Team-oriented object-oriented functionalities,Social,3.9,2.7,False,5.83,USD,True,adaf923d-f352-4853-8ca8-c2c1e05b6bca,Erika Deleon,joshua13@ferguson.com,"Morrow, Schneider and Duran",61820cbbfc86a6be,v4,Official great trouble back increase agree.,2026-01-29,chriscabrera,Without hair provide approach before note local. Threat federal argue bank.,3
43d11305-8810-450c-8883-a3d7d4cdbc72,Focused scalable info-mediaries,Finance,8.8,3.2,True,0.0,,False,8bdd17cb-907f-470c-883b-992ed61a8ded,Laura Warner,fmadden@krause.com,Mendez PLC,62d9607a18470736,v1,Carry challenge benefit.,2026-01-31,ldelacruz,Their can mouth message third order book. Town economy matter drug edge reveal method forward.,1
39cec73d-011f-4016-bb73-0ae0d726ae6f,Exclusive heuristic middleware,Social,4.3,3.5,False,21.92,USD,True,f5fba833-5957-45c0-a209-5bf28c8c3b35,Sherry Bonilla,iabbott@marshall-martinez.com,Willis-Valdez,a0f9e5b649a5cd3c,v5,Capital view religious person.,2026-03-03,jenniferpeterson,"Reason expert like product discover everybody series.
Party step seek quality play environment.",1
7f453747-c49c-4dba-afc4-1e77be9084c1,Pre-emptive upward-trending secured line,Social,3.5,4.0,False,13.85,USD,False,b4f84924-715f-4b2d-8b10-10ef7213e51b,Charles Krueger,troycruz@andrade.com,Reed LLC,e03e05fb9ecc5691,v4,Leg in outside season wall contain.,2026-02-23,murphychristina,Sure some how join. Case certain against find language real. Really successful or.,3
031c0705-c8b1-4c4e-8bd0-955f6f985662,Customer-focused fault-tolerant artificial intelligence,Productivity,4.4,4.0,True,0.0,,False,4894e1b3-27e8-4093-9015-0f7df6dc4a87,Tonya Green,juliewall@barnett.com,Stanton-Burnett,f81dd3433bc19337,v2,Lawyer office among eight.,2026-02-01,stephanie96,Young program evidence almost business. Production record game still born health local.,3
cfb497d6-8bee-451b-8ca4-64af95ba3671,Re-contextualized zero administration instruction set,Tools,12.0,1.1,True,0.0,,False,8b45417f-acbe-47b3-a2ed-f214d9ab0ccb,Benjamin Scott,nicholas98@robertson.com,"Adkins, Gonzalez and Perry",361a06ff78561f68,v4,Because television voice.,2026-01-03,gabrielle23,Dog clearly though again idea beyond. Baby should fight eat detail.,4
addf4d1c-cd51-4266-8786-532cfa349514,Innovative systemic challenge,Productivity,11.8,3.0,False,24.76,USD,False,65638e3b-5429-4482-9992-a344d058b405,Terri Romero,zachary18@wilson.org,"Scott, Rivera and Valencia",24e638ff6ab9247a,v5,Bring green Republican big likely common.,2026-03-03,charles14,Already everything computer. Report health realize raise guess.,2
00a459aa-f178-477c-98c1-eb9e625256d5,Fully-configurable modular database,Finance,6.2,2.7,False,47.28,USD,True,4bf5931b-a6be-49c0-98af-e41258983914,Morgan Robinson,shawn32@juarez-moore.com,"Ellis, Smith and Higgins",382d17b1dd13b235,v3,Cover stuff education create travel model billion too.,2026-01-26,calvinnovak,Simply type democratic career. Treatment serious anyone impact deep.,3
8a284841-cfb5-4d46-a396-616b45e548bd,Horizontal methodical focus group,Games,8.7,4.2,True,0.0,,True,d9fe1928-87cb-4485-9b1b-4c3c0e8fce44,James Dorsey,xmorgan@weaver.org,Schaefer Inc,34e1c70eb6439ab7,v5,Thing foreign smile camera kitchen.,2026-01-29,heatherryan,Woman other sometimes. Increase here information score share.,4
920fee51-0413-4bc7-8571-3ac149c4f0e0,Quality-focused scalable encryption,Finance,9.3,2.2,False,15.04,USD,True,0a42866b-7695-4bc6-9cb9-78a3e9c442ec,Charles Collins,zhoward@moore.org,Davis-Boyer,9e4e012a4e0277be,v3,Tend teach tell better plan resource beyond meet.,2026-03-04,eric23,Figure yeah ok call magazine yeah. City office both blood.,3
5c47c8b1-6c6b-46b9-bcb4-75f24d7bb8a6,Reduced mission-critical definition,Social,5.1,2.2,True,0.0,,True,148ce0d1-9b2a-4c48-8509-23afa12cb11d,Joann Simmons,cynthiahudson@green.biz,Zuniga-Nguyen,7974ac08a7f57d69,v1,Ability through marriage account more class could.,2026-01-02,crystal20,Ball energy his white born. Now few large I.,4
f704e0a1-63f3-4ee9-b346-90ddf922709f,Vision-oriented tertiary Internet solution,Finance,2.6,4.9,False,4.23,USD,False,dd1962e3-06fd-49c9-99e7-08eb7338a730,Anthony Soto,littleashley@ramirez.biz,Fernandez and Sons,766f4bec31989e59,v3,Those establish data detail national group instead.,2026-03-04,gonzalezlisa,South group stock main eye. Program suddenly work week.,3
d1b749c5-dcb8-4889-9c1c-32d59f110887,Horizontal next generation capability,Productivity,4.2,1.0,True,0.0,,True,1d53a144-b161-4811-b06e-25af90ece3fe,Jennifer Forbes,gatestamara@mcneil.com,Burch-Watson,ff40341bea2ff143,v3,Possible now national example represent good.,2026-01-11,tammy34,Contain nor beyond special cause build. Card thank claim report. Big low wide past mind discuss.,2
6587cb67-1e22-4609-a0aa-f66c4a71749b,User-friendly web-enabled challenge,Productivity,11.0,4.8,False,10.02,USD,True,7f2581d9-6846-47ab-ac58-41a5e68d192f,Jill Martinez,sclark@hall.info,Cameron-Jones,ec1b7c6dffb904db,v5,Despite if kitchen different audience value quite.,2026-01-06,katrina28,Style election firm or newspaper level. That candidate structure.,5
4c625e9a-ac06-42d5-8ba2-d3a14c26020b,Centralized disintermediate portal,Education,6.8,2.8,True,0.0,,False,fe616052-c81e-4d36-ae71-c2954bd95205,Kevin Gomez,rittercandice@burton-robbins.info,Myers Group,c398952f4cda0ea1,v3,Moment western response day method.,2026-01-30,rhodescaitlyn,Through letter woman wear. Quality check choice wonder rich try per.,4
6e57cf71-b826-47c4-b48f-0d375b4dabc5,Optimized responsive instruction set,Tools,8.6,1.0,True,0.0,,True,cd4028f2-f0ed-4374-a96c-851328383b3f,Deanna Martinez,markvargas@gray.net,Cox PLC,b86509f9fae2c48a,v1,Worker chance happy economic picture someone run.,2026-02-05,reynoldsalicia,Attack outside fish these summer eye. Level high enter think hit.,3
817b60fa-2ff9-4244-b38a-bd8e69669b07,Seamless 4thgeneration process improvement,Productivity,9.6,1.2,True,0.0,,True,d954c19b-cb84-4efb-84a3-c7d0fa4501d8,Nichole Wright,xford@ward.com,"Smith, Morrison and Williams",d04807f309e0c633,v2,Total ahead generation financial know specific also in.,2026-01-05,jordanlindsey,Risk month inside key they. No upon brother deep. Score author really report serve.,1
2fbd67da-35a2-4bbc-92ee-1b5c4377b2bc,Proactive maximized complexity,Productivity,2.0,4.8,True,0.0,,False,755534c1-648b-4367-9836-43fad600ba27,Alexandria Santos,marymoreno@smith.org,Lee-Delacruz,c486c569858f2130,v5,Dinner onto both candidate them although.,2026-03-03,caldwellhannah,The provide record how cost many someone position. Never well whom avoid assume back.,2
e387ca47-ff9d-4a2b-83db-bb504a03b96b,User-centric content-based Graphical User Interface,Social,8.4,4.2,False,14.2,USD,False,7e2eb181-f912-46dd-ba88-188f58ec18d9,James Collins,robertphillips@horton-cochran.com,Hanson LLC,318d44931f4a1b43,v3,Together your will blood hotel small economy.,2026-01-24,scottjerome,Finish yeah very subject other. Much ball red discuss where.,3
6eaa4bd3-4672-463e-8509-84cb8746b80a,Self-enabling 24hour instruction set,Social,1.5,2.2,False,37.21,USD,False,752a94e4-4f44-4874-9821-924fc6666232,Amanda Cooper,krosario@bryant.com,Davis-Roberts,15c8a5f8175d9d42,v5,Green pattern window matter physical TV.,2026-01-01,zellis,Author husband result agreement force.,3
0db31773-606e-4e0c-9356-4aed926a08e2,Quality-focused incremental budgetary management,Games,1.7,2.3,False,44.05,USD,False,4d2eba94-d970-4030-a65c-09b8c72c2be8,Jeanette Reese,jennifer33@houston.biz,Lowe Group,4e56021dfd6d6ae4,v4,Magazine employee somebody program this media.,2026-02-03,andrew24,Month cover a management bill thus.,1
a1466892-5051-419f-8337-456abd5460c6,Re-contextualized national parallelism,Finance,6.4,2.8,True,0.0,,False,1398d5e5-3a97-46e9-8f5b-670d22ffec44,Robert Terrell,fbarber@anthony.com,"Mcintyre, Guzman and Mitchell",9bfeb78ec158e35f,v1,Public skin last bag cup.,2026-01-06,crystalsantiago,These alone policy though. Ball nothing indicate eye race also.,5
874cda53-7f3e-4a9c-b056-b9e7fdedd335,De-engineered secondary pricing structure,Finance,5.8,1.9,True,0.0,,False,93a9a738-d216-4c2f-ae92-9384f930cb85,Anna Garcia,grayamanda@boyd-nicholson.biz,Freeman-Miller,63d1a26f079e02b6,v3,Left particularly top red focus.,2026-01-09,christopher14,Amount hotel dream television energy about. Age likely strong.,4
8b8e74b5-5b2c-4439-88d1-54cb9ea529c2,Business-focused empowering leverage,Finance,10.6,2.4,True,0.0,,False,3c7d7948-9a83-44f7-a942-134da61cc7ad,Courtney Alexander,paul26@ward.com,"Lowe, Ayala and Jackson",6c2672eb27ce14dc,v5,Across data tonight line explain.,2026-02-15,teresacaldwell,Nation pull this training couple can. Much couple work personal.,4
55bc17a6-9a48-4569-a4ec-dbb48672b9d5,Persistent eco-centric toolset,Finance,11.7,2.1,True,0.0,,False,28a49e2d-baeb-414a-a665-afd03452bade,Jeffrey Martinez,karen19@bailey.com,"Schneider, Foster and Daniel",15adc0356839c262,v4,We put never late role senior my six.,2026-01-25,keith65,Leg still word student inside radio assume. Piece example music bag line.,5
bf9f3790-37bd-4055-ba8c-dd7959ee0687,Persistent value-added policy,Social,5.3,1.3,False,13.07,USD,True,b62a9827-eb2b-41e6-9440-f07ff2bb5ece,Meredith Jones,jsmith@lopez.com,Wolfe-Stewart,558c6546827bdba3,v4,Radio describe soon.,2026-01-13,ccruz,Relationship audience moment. Include sort simply space front game art.,4
4000895f-1fb6-4977-8ee1-6e7f7a53f059,Adaptive impactful archive,Tools,7.4,3.4,False,14.14,USD,True,532ddbc5-4bc5-4bc3-88ce-e9258b128c46,Andre Mclean,jon65@anderson-yoder.com,Martin-Smith,62d4f51360824efe,v5,Special do along third very wonder.,2026-02-06,david12,Travel much score mind heart move tell.,5
8ede4de9-dbc4-4b23-854a-e329aa5685a9,Synergized 24hour workforce,Finance,6.0,4.5,True,0.0,,True,f6ebcf49-04bf-4399-bdfb-172184d5f8ac,Victoria Johnson,barbara34@floyd-berger.com,Reid-Wilson,3ef066ca1e0be0f7,v4,Here fund game tax.,2026-02-28,ronnie46,Tough image language public live off. Myself force full price early mind former.,5
8a79f0e0-4a5e-47d2-b068-bdf41f9ff33e,Seamless full-range architecture,Finance,10.1,2.2,True,0.0,,True,6dc19835-dc8b-4323-a7e7-65b2f72004ec,Ray Carroll,sarah32@pace.info,Massey Ltd,509393d37d380f73,v2,Cell culture concern Democrat change section type maybe.,2026-02-05,tshort,Modern memory the agency camera. Civil when land. Stuff federal professor figure.,1
688e7c35-715c-417a-9fb6-4b931d75c980,Customer-focused cohesive policy,Productivity,10.7,2.2,True,0.0,,False,8ad875d3-6fc5-4721-a4cd-840338ae4321,Brian Lee,michellebrewer@hernandez.org,Norris PLC,3b0189bbaeae06f3,v5,Stand administration air more simply wife chance more.,2026-01-02,nicole35,Administration represent mission heart compare green each. Outside land process.,5
ad17a936-fef3-4a0b-a9a1-00274467e787,Total uniform throughput,Finance,5.8,3.0,True,0.0,,True,9b18e42a-fd03-4038-926e-ea53a0cb6b87,Vanessa Lara,lindsey71@hines.com,Gibson PLC,47659220c50954d3,v2,Owner seat rule.,2026-01-28,alec48,Data example perhaps put.,2
cfb893b0-934e-467b-a14a-93c4c006b662,Front-line optimal benchmark,Productivity,1.6,1.3,True,0.0,,False,16ceb48c-a193-41fe-b9ef-e33368df8b48,Mary Young,shawnaaguirre@tran-rice.com,Wilson-Carpenter,25086e4668ba1bcd,v5,Order mind defense center might talk good.,2026-03-02,rward,Street sometimes national care manager end. His memory while these opportunity give.,3
ee126c5f-f425-4fca-bbea-0143e73e845e,Organic even-keeled solution,Tools,2.1,4.7,True,0.0,,True,b40bb859-fb4c-42c0-915e-b80844639cff,Thomas Wright,bellcarol@richards.com,Lee Group,135cf13e1a8706d8,v3,Shake mother development care behind.,2026-01-15,olivia37,Scientist nothing at look. Avoid during good sound run power. Admit method law any.,5
3d054ed1-5d19-4679-923e-8023a4c0d73c,Sharable modular success,Education,8.9,1.5,True,0.0,,True,f505e4f0-fa66-412d-9b41-c6870f150dcb,Jennifer Anderson,yramos@brown.com,Rodriguez Ltd,37461bbb8507f343,v1,Step everyone wide save during government former.,2026-01-25,ztaylor,Voice avoid to financial. Peace left state despite. Main another reason often.,3
19ea0b11-0117-4697-a2f7-07939cb4705c,Triple-buffered interactive hardware,Games,1.7,1.5,True,0.0,,True,088790c0-8fa4-4fa3-bf89-855c2d21b19f,Erika Miller,danielskari@perry.com,"Taylor, Phillips and Miller",3d0b6b51d141fb63,v5,A society wall language add situation.,2026-01-25,margaret24,Need develop whatever son feeling six. Everybody cold network purpose follow gun series.,3
4331f9f3-aa24-4a37-a453-19cecc1a40b2,Sharable multimedia algorithm,Social,10.8,3.0,False,31.39,USD,True,d71d8199-1fcc-4142-b903-f8f1593fcabc,Sean Williams,elizabeth80@ewing.com,Cook-Hamilton,63815aa7b2f10a29,v2,Later station me seven pressure.,2026-01-16,karnold,Role cost cut about draw figure. It control experience recognize include.,4
e1416126-62e3-426d-88c7-1c58363da04d,Distributed next generation leverage,Games,6.8,4.1,True,0.0,,True,c53e4aef-a28b-486c-b7b6-84672af4f8a1,Sherri Peck,oscar30@white-fisher.com,Mullins-Carpenter,aeac6eb6c66b1b90,v2,Exist opportunity pick.,2026-01-30,ggreen,Attention approach option new realize enter down. This machine out.,1
143d78d5-835a-484b-bf19-d5451a1042d1,Re-contextualized secondary encoding,Education,1.2,4.8,False,8.29,USD,False,3fceab2d-f2cd-4ecf-96c4-0845eaca4090,Amanda Smith,droberts@brown.com,"Mccullough, Benton and Paul",d6198a5c7a533b30,v2,Discover despite theory benefit policy art threat arrive.,2026-01-13,ericyates,Science happy control she these across wall good.,5
c298f9da-28db-4ef0-ab13-5274597858d1,Multi-lateral scalable toolset,Productivity,10.8,4.4,True,0.0,,True,e5971ed6-4248-4988-9752-7e47efec2fc6,Melanie Jones,frobinson@rice.com,Gonzalez-Larson,a54116abcb0628c8,v5,Star some personal life figure city analysis door.,2026-01-13,john52,Trial under hotel option court rule able. Child reduce responsibility site experience dream.,5
e8a149ab-3c90-4166-8804-50cbd3e1d6b7,Cross-platform explicit open architecture,Games,1.4,2.9,True,0.0,,True,f1a85973-d8bd-4a05-8428-8ffa0961bb77,Amber Johnson,moorevictoria@cline.com,Adams and Sons,8196396b4dbad795,v2,Score east for benefit team suddenly game appear.,2026-02-03,conraddaniel,Third mother care serious another national per. Start she save east.,3
61e1e921-02a0-402b-bc48-179ab58d5143,Self-enabling cohesive model,Social,8.1,4.7,False,23.67,USD,False,77e22c71-0681-42d7-a3e8-1bc676324e62,Erica Mejia,lperkins@jones-scott.net,Craig LLC,12ea4732834a3190,v3,Body price relationship beautiful general sister action.,2026-02-26,caroline15,Hit bank stage long bill economic collection report. Become she happy front cell sea above school.,4
8cd7e42a-2c1a-4acf-99e9-c1ebe8525509,Advanced neutral ability,Education,10.7,2.2,True,0.0,,False,97ad3466-ad17-4cc6-8e4f-4063c9e78229,Tammy Burke,kmiller@dominguez.com,Davis Group,03b64b38e2ca7b1e,v3,Hit son quite.,2026-02-28,michaelparrish,Whatever area face would third debate. Water shake herself hospital.,1
5e9c82a9-2488-4d1a-a125-a6939fbaea48,Enterprise-wide clear-thinking secured line,Tools,1.9,2.7,True,0.0,,True,ad481983-9a83-4760-81ed-a29d29de3e0b,Martha Crawford,laura40@sosa.com,Rodriguez-Avila,5004c8dea6c9fbb4,v1,So also growth rather benefit.,2026-01-06,catherineporter,Debate security step finally. Democratic high imagine scene draw great list future.,3
b3b05ec3-2fba-45d3-8d60-c6ba4ec62292,Up-sized 3rdgeneration contingency,Tools,2.8,3.7,False,48.94,USD,False,9231a98b-69e3-48d0-b933-f218671c4968,Stephanie Ford,shelleypratt@chapman.com,"Summers, Bell and Pratt",cfabadfd2877b04e,v4,Agreement tax long hour chair.,2026-02-18,amandagonzales,Operation always design whom business board garden. Put boy develop building law son high.,5
7cdb9470-e34f-4681-b14a-e185537ebe2a,Balanced scalable instruction set,Tools,12.2,4.6,False,2.88,USD,False,daf371d9-e76c-40e3-b478-38e8d5a8daca,Megan Norton,pcook@smith-lopez.info,Mason and Sons,ac843188462c267a,v2,Parent operation short step save.,2026-02-22,austin21,Ever according discover away throughout. Local collection new job again loss nature.,5
af5e1320-1b66-426b-a1d2-469ff276f19a,Mandatory content-based pricing structure,Social,7.1,3.5,False,2.66,USD,True,29b7b2f4-1dc3-41b5-b7fb-be482f97a767,Robin Gonzalez,ktaylor@wilson.info,Wiley-Watson,059ae7068c99e833,v1,Allow movie station address report support.,2026-02-23,toddkristy,Dream reveal top statement final force project activity. Store pay amount though.,4
ccfd0db4-18fc-4e14-b6a4-f7bc9c0822d5,Optional maximized intranet,Tools,9.6,1.7,True,0.0,,True,a69e1de0-c01a-40c6-8adc-9fe928213e7e,Randall Evans DDS,joseph37@lewis-wallace.com,Nelson-Lopez,e26672b095848d5f,v4,Professor chair population agent financial your reason.,2026-02-26,cweber,Discussion prevent act thought. Everyone open their spend.,3
6f4c2ea5-81d9-4e74-9680-f41f20f15c59,Re-contextualized multimedia software,Games,5.5,3.7,True,0.0,,True,b95a8891-ce0d-4eaf-8003-44a2143f5b2f,Anna Shields,fyoung@lewis-davis.com,Anderson Group,34ab70158b2cc5c0,v4,Instead student speak soon.,2026-01-20,colleen44,Traditional late bit drug. Base though look environmental step item model. Agent throughout live.,1
ae7762b1-ddef-49ea-afe7-3371ff78cd94,Fundamental maximized project,Finance,1.6,3.5,True,0.0,,False,d7b683d7-da4c-4eac-964e-68cb1363fc58,Clinton Myers,marchester@grant-maxwell.com,Ortiz-Sims,b00d03c787ba36bb,v2,Ability dinner this kitchen early.,2026-01-15,zhansen,Now member fast while college summer. Organization during short. Push capital various quickly ten.,3
71eacb0f-31c1-4186-ae04-7d039c65cae4,Multi-tiered full-range functionalities,Finance,1.0,2.3,False,39.58,USD,True,821d38ab-4f13-4c6f-abb5-4bd93c158514,Ebony Velez,marthacarter@ellis.biz,Davis Ltd,6a1ac4ced8435f9f,v5,Herself amount detail believe.,2026-02-02,lauraanderson,Base defense break respond laugh. Space would accept serve.,2
861c37c9-b7a3-4d1b-bafa-f816557edb08,Up-sized didactic firmware,Finance,2.0,1.0,True,0.0,,False,70e07fcc-1fcc-4f95-b67a-34d240fa521f,Rachael Yoder,brian86@burton.com,"Cruz, Adams and Reed",610920fd42825ddf,v3,Art a success south.,2026-02-03,kimberly02,Affect guy third west choose course. Meet read true hope real black. Ability ok western sing.,5
746fc749-d961-4952-b6fe-2d46f34dda28,Networked background firmware,Education,5.3,3.2,True,0.0,,False,a6be9350-fae3-4d8f-afb4-ef8b172f244b,Andres Smith,mgreen@smith.com,Leach PLC,a276132cdc2c83b1,v3,Indeed as glass yes reality.,2026-02-17,laura50,Beyond interest PM everybody doctor. Large south staff particular I city former.,4
79ec34a2-94ba-44df-b98f-f89cbd5f7f43,Decentralized multi-tasking architecture,Social,3.3,3.7,False,37.09,USD,True,48862c31-38a3-47e7-980d-abf425c50b44,Bryce Walker,margaretwalker@martinez-lawrence.com,"Ward, Garrett and Harvey",c6a398f4804e4aa7,v1,Energy six message.,2026-02-20,craigmatthew,North much area live age wide one. Two right say place news many ahead away.,1
aa2ffc16-2db6-4ecf-a865-4b8bff40c315,Diverse dynamic success,Games,6.8,5.0,True,0.0,,True,db7870e5-1916-453e-a777-e983db61245e,Kenneth Newton,tara48@crawford.com,Velasquez-Hull,9b314d8864753a14,v5,Suggest should enter finally why cold.,2026-01-28,camposchristine,These happen yes question. Agree these marriage item.,1
034a03b1-d0c0-45ea-8dd3-15a4c8e02331,Multi-channeled static superstructure,Productivity,11.3,5.0,True,0.0,,False,d8821829-bd32-483f-bb34-a9bc169c00ea,Christina Schmidt,sandra55@olsen.biz,"Mckinney, Davis and Brown",37dac7874c96eaba,v2,Leader whatever above without experience news.,2026-01-17,michael20,"Traditional young at person these able.
Tv fire add what. Suddenly throughout fill part.",1
4c4f108c-4768-4bf7-84b3-8b6c3383441a,Inverse optimal analyzer,Games,4.7,4.8,False,37.97,USD,False,4e4f3b88-ff45-4e42-bd36-e4577c9ca1b7,Robert Williamson,colin30@nunez.net,Quinn-Davis,21e7e463f181f97b,v3,Under wife along last.,2026-02-10,lauren94,For political big resource present. Dog piece together share spend.,3
ca51e055-45ea-43f6-b378-40ae5056f8c2,Visionary local knowledgebase,Productivity,9.4,1.1,False,28.92,USD,True,b3ec8244-ff7f-4c1f-867e-60ccd815910c,Kathy Johnston,imitchell@edwards.com,"Burke, Richmond and Wilson",eff07f317e744eac,v2,Success government special civil arm price movement.,2026-02-27,smithbenjamin,"Store into movement.
Dream account body challenge world source hit else.",4
ee2d16ab-598a-4980-b806-28fd02e734f6,Compatible systematic definition,Education,7.5,3.7,True,0.0,,False,c132787b-a209-44c2-b736-0b6ceb02b6f0,Douglas Mcbride,susan88@lang-king.com,Aguilar Inc,c3dbe393f80a4d48,v2,Real line deep painting seven half why guy.,2026-02-08,mrobinson,Republican clear lose visit almost inside ok.,3
2bfef47f-15b4-4ca4-a7ff-6bd32b1fe55e,Advanced 5thgeneration time-frame,Finance,2.3,4.7,False,11.99,USD,True,7b75231c-f4c9-4296-bae8-e0510288ee6c,Mark Murphy,ltownsend@brown.org,Craig-Bowman,ce25938d05f774ca,v1,Every foot magazine prove.,2026-02-28,amberhobbs,System wide network cup describe enough other. Color young small newspaper consumer.,2
28a19e2a-d170-43c4-a19f-5d92801c6b9f,Innovative solution-oriented knowledge user,Tools,4.4,5.0,False,10.62,USD,True,bc6d5965-9628-48d0-ad4b-6aeca58844da,Carolyn Morris,perrychristopher@carlson.biz,Stephens and Sons,5fe5bb9dafcad9ca,v5,Window whole identify several rest.,2026-01-19,brookeowens,Hand expert enter fill money important attention. Point behavior writer control especially kid.,5
50e7363b-1af8-4ec9-b8fb-4ddcb0a61050,Pre-emptive radical paradigm,Social,4.6,1.0,True,0.0,,True,9d13a7f5-888e-4998-a6f0-9a91b599e34f,Jeremy Gutierrez,harrisgregory@price.com,Collins Ltd,50a92fb638530cdb,v2,Town strong research follow want stand.,2026-02-10,matthewfritz,Event represent describe almost successful.,3
f235c6dd-8f93-471c-86a8-7901483562c5,Multi-channeled uniform encoding,Social,12.8,2.4,True,0.0,,False,6de45c91-d241-404d-bfe1-69a0699bbd7b,Jason Hall,andrewgarrett@sullivan.com,Wallace-Ponce,548aae8e84bd823c,v3,Middle describe church common expert relate dog.,2026-01-06,alee,Nature president age real. Strong blood alone good.,5
99b43d75-94a4-4984-a03d-5379b058ad16,Progressive actuating model,Games,3.5,1.1,True,0.0,,True,e4d03c88-9305-4c00-9f84-69eba6cbb376,Kevin Wilson,todd73@joyce-bass.info,"Kelly, Martin and Espinoza",8c3f458a96ce40cf,v1,Guy clear structure important voice.,2026-02-19,amy40,View yes white. So operation practice federal quickly onto job.,2
4d759c7d-c68a-41d8-b283-1f6c75864db6,Customizable fresh-thinking encoding,Finance,9.0,2.2,False,25.44,USD,True,0953b880-d435-432a-8a3d-f1335eec2cf7,Brandy Davis,scottwilliam@bowen.com,"Berg, Clark and Bowman",6a181df08938ae71,v2,Today student natural pass short individual.,2026-01-23,brett56,Strong street newspaper list. Consider continue quality citizen.,5
9bf95fde-b0e4-4bc4-81ee-6ab20ab2c566,Balanced discrete conglomeration,Tools,2.1,4.2,False,44.33,USD,True,8d36a173-5ba3-4087-bbba-2adcdd0a467d,Ashley Hill,hfarrell@blackburn.com,Crawford PLC,6ae9c7529f6f85d2,v4,Effort and sense create much result night.,2026-02-12,jyoung,Training same where important improve. All anything pull life. Local analysis then page.,1
5bd2f52d-5948-4b9b-afea-da7cfd46d9ac,Switchable methodical moratorium,Games,4.6,1.0,False,45.72,USD,True,0242a58a-1545-4903-88d6-ddcbc8f91e03,Ernest Anderson,ashleyberg@rodriguez.com,"King, Phillips and Lewis",48ea17460fc5e4a2,v2,Budget nothing really debate impact address.,2026-01-24,hjordan,Just lay tend girl child about order. Visit glass poor knowledge dog.,3
2ff85da4-7efb-448e-a11d-ad7b5b60b28c,Cloned grid-enabled moratorium,Finance,4.6,4.0,True,0.0,,True,1ac279ec-ba5b-4359-8316-1e76462f750a,Jackson Burns,joel25@jones.com,"Powell, Obrien and Hood",a8fa279349c9fcaa,v5,Person property recently accept attack.,2026-01-15,lisathompson,Share teach vote. Himself rate form thank. Public guy four ask goal who crime.,1
03e5774d-5767-4fa8-ac56-c3455b8dae98,User-friendly disintermediate groupware,Social,4.6,1.0,False,3.72,USD,True,e8b2a682-995e-43f4-ac63-7ab9030b89f2,Jared Combs,taylormelinda@diaz.com,Goodman-Rhodes,3cd325331347372c,v1,Term no reality scientist customer.,2026-03-05,pattersonrobert,Score example wish hotel per. Party quality turn unit thus.,1
50fd24ae-a599-47c6-bc8e-a0e5645a78fd,Customer-focused tangible info-mediaries,Finance,12.5,1.5,False,27.51,USD,False,85d4667b-2804-46de-836c-0c31a559bda7,Shane Boone,vaustin@curtis.org,Hernandez-Castillo,0d176e278ed2f575,v5,Weight near career call all.,2026-03-04,stacy42,"Fill upon small.
However behind coach. Character with oil land.",1
5daac105-2575-4dd0-b38c-a8df7e024883,Cross-platform reciprocal concept,Social,5.2,3.5,False,32.98,USD,False,53a42ea5-4b77-4e60-a191-5f81f1a8ffab,Melanie Black,xramirez@sampson.com,Hopkins Group,6f0fbe8c8e91a57e,v2,Detail long site would process eat collection.,2026-01-13,andrewscott,Although property three key. Yet be offer room career total.,1
53afabe0-77e4-4cad-88a4-7268403dc8a1,Advanced didactic intranet,Finance,11.6,3.9,False,40.72,USD,True,78a7210b-f126-41ac-b496-b56841b80dbc,Mary Evans,danielle11@bond.com,Collins-Welch,c18575bcaf33a9ac,v2,Fact prevent own improve every try.,2026-02-13,heatherflowers,Still draw point film most example. Executive sit painting.,1
e119d97b-49f1-4235-8693-b26559880dc9,Visionary leadingedge moderator,Tools,2.3,4.2,True,0.0,,False,8b03961b-6b21-4693-bc0b-35fb1a5a31d8,Sandra Chavez,alyssacooper@monroe.com,"Clark, Bradford and Dickerson",fa31a188b8ca99fa,v3,Pattern artist health bag truth.,2026-01-15,joseph62,Even reason popular property teacher. Throw letter town artist about likely.,1
ff0047db-4c79-411b-98e8-5d32048740c0,Optimized explicit array,Finance,9.3,3.3,True,0.0,,False,393f56f5-2a1c-4988-9399-0a3dee4514ad,Susan Perez,levyfrancisco@wilson-shelton.com,Fisher-Baker,493e2e5e149f6d75,v2,Behavior start officer single less somebody.,2026-02-20,epalmer,Game color win painting avoid imagine. By rock force oil these enjoy. Realize game interest.,1
b9c27b48-7131-4f27-97e2-32d9e7c5b206,Switchable fault-tolerant synergy,Finance,8.9,4.5,True,0.0,,True,3c56814b-7a95-4d2f-9917-99154df21f69,Gail Cole,kjackson@harris-evans.com,"French, Kennedy and Santos",72c048becf8df3b5,v5,Guy thousand media.,2026-02-24,marktyler,Case trade painting. Coach store or magazine program become.,4
43670aac-c36c-4654-93cf-4c57ce552cf3,Digitized exuding help-desk,Education,2.6,2.6,True,0.0,,True,a0cf1d73-8d82-460b-a68f-121dc3b8a0fb,Jessica Young,wagnerjoseph@hicks.net,Newman Group,bd0191f1fc8a0b8b,v4,Guess impact affect specific grow front allow.,2026-02-17,lhernandez,Land road computer value sure activity. Become court movie across long notice.,2
379090d0-a2ae-4729-ac5b-2365b4eabba7,Exclusive eco-centric instruction set,Tools,4.3,1.0,False,41.53,USD,False,6b450a97-2b68-4d3e-81cf-3d0fcea17e5a,Susan Gaines,jorge90@harrison.info,Wyatt Group,9d5f42c41599be89,v2,Director wide reason at.,2026-02-14,patrick09,Standard pretty read blue. Shoulder save arrive everybody amount training along.,3
afab3823-225b-4d85-bdd3-6d9d071e82da,Visionary multimedia flexibility,Social,5.6,4.8,False,24.12,USD,False,2e985c49-6bb9-4342-a7a0-7f2c1545d4cd,Beth Ponce,jonesalexa@soto.com,Aguirre Ltd,73bae330536ac5a8,v4,Tough gun near father.,2026-02-26,pamsummers,Pick what which nothing spring site drug. Civil little pattern firm.,2
c233c69f-35db-450e-bc02-3894aa663288,Distributed regional hierarchy,Education,8.1,4.1,True,0.0,,False,e24eb34b-2bcf-490e-8a3d-331ddfa4602a,Michael Rodriguez,jriggs@torres.net,"Shaw, Maddox and Carter",0b9702ceb5d2cf61,v1,Director sing ok indeed smile party film.,2026-03-03,fhenry,Discover trouble bank south whatever natural. Leg teach approach face dark.,2
8c3839bd-0bca-4a13-8d2e-f52dbe0f9888,Progressive leadingedge structure,Games,4.7,2.8,True,0.0,,False,9977b70f-838b-4ed9-9f91-cb143f0f64ed,Michael Romero,grayryan@wilson.info,"Choi, Walter and Curry",9c622cecb0fe1895,v5,Every future position site avoid.,2026-02-04,kruiz,Level each memory situation wait. Per say attention theory trade pressure. Source wish price.,5
ebb136ea-c7cb-42e0-9aa6-85c7f7ddc035,Persistent leadingedge encoding,Tools,1.5,2.1,True,0.0,,False,a4a704ab-861e-4395-af05-01cfcca7be2a,Donald Marquez,awilliams@bradshaw.com,Green-Bradshaw,8cc16eafffe89ecb,v4,Me section everybody stay art carry share might.,2026-02-22,michaelbell,Go but later drug. Process bring agreement least process sort citizen. How child anyone.,4
0b6e773b-ea81-40ee-925d-dbe78ee43a7f,Future-proofed discrete process improvement,Education,10.7,4.7,True,0.0,,False,aa1eafd3-f8eb-4f70-8521-42d168184b8a,Jennifer Alexander,changbrianna@henry.com,"Smith, Jones and Park",0646c9c0bf9c7474,v2,Those resource son loss citizen market.,2026-02-10,romerochristopher,Store form leave. Political reach society people business agency eight.,5
4e9a2792-8238-482f-a1d4-829501fc7929,Seamless optimal parallelism,Productivity,7.7,1.1,False,9.39,USD,True,2bf3e794-c1e6-4db9-8326-326a5288d24b,Matthew Fowler,hensonpaul@taylor-wheeler.biz,Butler Group,029fb63fec5fbba7,v5,Fine beyond visit police.,2026-02-04,raymond65,Such fall how across short. Thus stock other partner.,3
0f79800a-473d-4a2a-b8c1-eb195f4b67cd,Expanded zero-defect ability,Education,6.9,2.3,True,0.0,,False,b72f75a3-a0db-48f9-8583-7c31203febd3,Reginald Tran,aduncan@nelson.biz,Brown-Miller,d946d6356391f264,v3,Nature account seat marriage agreement perhaps.,2026-02-24,colemanrenee,By require trade edge church. Tree oil guess article recently their international.,3
ba9e11b3-09d4-4c5f-91d5-b0d48a58bfc8,Horizontal even-keeled info-mediaries,Education,2.0,1.6,False,33.83,USD,True,1e5a9fc7-179d-4f00-880e-f3428f8124c7,James Logan,johnsonkelly@finley.com,Day Group,39ca792cf9aaf739,v2,Parent drop hit professor.,2026-01-01,nguyenmonica,Above option management far on. Even alone prepare. Must stop late start many senior.,2
62af9d17-1883-4d0b-afc9-752f86d04f61,Open-architected contextually-based projection,Education,12.0,3.0,False,31.91,USD,True,b68b95a4-6551-4e35-93d6-f0078400a646,Jeremy Bennett,peter02@nguyen.biz,Brown-Jones,7bc75db7fa821081,v1,Respond bar reason firm.,2026-01-27,jross,Meeting care general pay usually woman. Culture building machine. Dinner great not own life.,4
366dc939-1965-421a-962b-56bdbdd34372,Compatible client-server implementation,Tools,2.3,4.8,False,15.95,USD,False,7cb6b3a7-f9ab-4c32-8be0-7be3c178432e,Anthony Sweeney IV,jacobyoung@cooper.biz,Irwin Ltd,db2994f3cbeff30c,v2,Weight good join up sort.,2026-02-27,mjames,Beat bring no institution. Laugh enter investment admit.,4
9ab2eccc-93dd-4a16-a6f5-2318481cd590,Devolved encompassing groupware,Finance,7.4,1.7,False,1.67,USD,False,a5b61a02-340a-4ab2-88c4-061ef620d1d2,Gary Petty,dixonerin@cooper-pierce.info,"Bright, Cabrera and Mcclain",d36c5437a9a45c58,v4,For peace future involve I win.,2026-01-30,michaelfrost,Not art around probably life adult when great. Side student trial standard.,1
5170e3b5-bb8a-4308-b679-f59767f85e3a,User-centric analyzing core,Productivity,3.3,2.6,False,1.36,USD,False,cd4fe78e-1672-4a5b-8da4-df30ebe7b5a8,Joshua Long,smithchristopher@hunter.com,"Mack, Warner and Gordon",ca58fc17c0430c33,v1,Fight likely pattern career program recent resource.,2026-01-07,nmason,"Statement adult action Mrs area. Create under wait a stop fine from.
Hotel beyond up contain.",5
16119e36-158c-40c4-9bf7-3737e6688206,Team-oriented non-volatile application,Social,7.6,2.8,True,0.0,,False,12985b8f-659d-4b61-8e7a-7838600b6ab6,Michael David,michelleaustin@powell-spencer.info,"Reeves, Thompson and Koch",ff20bc84c462af7b,v5,Majority visit style standard.,2026-02-23,millercody,However old add should after political difference. Cup music better protect realize difficult.,3
3ef8fec5-a84e-48a6-8bce-d68cad76194d,Triple-buffered motivating Internet solution,Productivity,1.0,4.1,False,21.26,USD,True,4a6cfa50-3e38-41b5-ba60-368021eb5878,Joseph Walker,icurtis@baker.net,Martin-Armstrong,63aadea6bd5c1433,v4,Statement admit treat size him around.,2026-01-28,barneskristina,Middle brother fund fish difference lot. Instead question whole him often test provide.,4
46340562-95cd-47a7-bfc0-80065d4a1f67,User-centric regional Graphic Interface,Education,2.7,4.9,True,0.0,,False,cd2a8f0e-9e81-40b7-afda-c5413b3156a0,Megan Oneill,riosnicholas@vasquez.org,Jackson-Cook,a2a4fbccfdd89792,v1,Fast source source.,2026-02-03,brittanywarren,Understand follow along country man they meeting yet. Necessary course crime lead spend threat sit.,5
7c573a03-777c-4c7b-8e0f-aa29b9439876,Ameliorated multi-state infrastructure,Tools,3.6,4.1,True,0.0,,True,fd31b2c6-edea-4e85-a661-b70be7760fd5,Michael King,callahanangel@robertson.com,"Martin, Brandt and Campbell",3fc4a45171c57fa6,v2,Run join mean general stuff center among.,2026-02-27,alexandraphillips,Up news join fact. Billion grow authority mother.,2
f539cc6e-62df-4c63-9532-d88ac0a7a9cc,User-centric value-added adapter,Education,1.0,1.3,False,38.01,USD,True,1284371a-d299-4ade-a8d3-58deadafe0d8,Lauren Greene,samantha48@young.com,Fields-Roberts,e5dcccd98e054f20,v5,Prove concern travel type just administration interview really.,2026-01-27,gsmith,"Relate car through black before result. Police it many may.
Specific offer such decision cause.",1
67923994-d309-4ec1-913b-d8b098903c29,Visionary bandwidth-monitored productivity,Finance,1.1,4.0,False,26.68,USD,True,c6704fe8-e7c1-4b42-be67-7860dc36c072,Laura Mcgrath,sherry84@walker.info,Carlson Group,3bf625911bfaa1f0,v1,Property step black if fight.,2026-01-27,jeffersonmonica,Available because his. Music range let summer.,2
b97c524a-f821-43d4-9fd1-f27a5d9a515b,Managed asymmetric success,Education,11.6,4.1,False,42.55,USD,True,bdfb8e26-6f59-4533-a666-16bdfddb1190,Alexander Lyons,hsanchez@coleman.org,"Green, Vazquez and Holt",95f1a24d2a0b0975,v1,Leader year guess society.,2026-01-24,agarcia,Author meeting job its group. International reveal nice these company paper.,3
09969aad-3f38-4c22-a9b5-df852c4b8e5a,Down-sized 4thgeneration customer loyalty,Finance,11.8,1.4,False,13.3,USD,False,fad13c72-b018-4993-9525-f5c413e20364,Nancy Montoya,kaylee26@schneider.biz,Zimmerman Inc,751c24020a79f87b,v4,Other point three development usually.,2026-02-15,erinbest,Quality affect purpose know news. Serious line manager serious.,3
c73da5de-f5b8-4e1c-837a-989b35e40150,Triple-buffered high-level encoding,Productivity,6.2,1.3,False,20.79,USD,True,009fb1a6-93e0-4823-bf5c-158156afc8d4,Stacy Mccarthy,daniel86@sanchez-williams.org,"Obrien, Vargas and Rodgers",4f44bcc599d6fd61,v2,Something personal according win better one.,2026-02-24,kevin83,Song cause participant. But able very day season care majority. Now do you fund law really indeed.,5
d98b080a-32cf-4baa-aba3-d9789f0c866f,User-friendly exuding functionalities,Games,11.0,4.0,True,0.0,,False,4d18aa49-7ca7-4b7a-8128-4eb686afaae5,Jennifer Lucas,jmorris@thomas.com,Johnson PLC,f5a0af6d71e09ec9,v5,Indicate team recently.,2026-01-11,dlawson,Behind our including newspaper success describe huge. Too collection quality collection.,2
8b40493b-1718-46c5-9f43-160133965d39,Progressive high-level groupware,Tools,2.1,1.6,True,0.0,,True,b57b4b28-0db0-4f88-b940-7cb722144ac2,Kristin Ruiz,juan66@bauer.biz,Hall and Sons,66085e20ccbb800f,v5,Sport all small hot organization edge dream.,2026-01-10,henrymason,Begin Congress chair. Industry we subject close enjoy. Although population hour trouble.,5
6a3ce300-62e7-46a2-a1ff-aca228391d4d,Reverse-engineered 24hour software,Social,12.2,1.6,False,38.42,USD,True,5f9d3512-4c27-447d-b07e-b2f647ce6404,Kevin Hall,patricia79@white-holder.com,Carr-Dunlap,7179306cd9e301c4,v5,Reveal reduce firm practice.,2026-03-04,josephgiles,Wait produce policy arrive floor else. Approach leave serious her opportunity.,1
a9ab4709-db04-45d7-9759-b81350f99f9d,Configurable neutral access,Social,7.7,3.7,True,0.0,,False,c9080268-a51f-4c2c-9aaa-288fe21cf288,Lori Stanley,caroldavidson@phelps-robinson.com,Armstrong-Hart,38c5755bfbb0e980,v4,Responsibility challenge attorney power close.,2026-01-12,vanessa14,She difference pretty perform improve. Break in send material after.,5
1e11170a-3c79-4a4f-8ac6-13f5740d2318,Configurable mission-critical forecast,Tools,4.6,4.1,False,14.55,USD,True,e3423385-39d4-4beb-90c4-442b06db8533,Vanessa Turner,garyhernandez@wong.com,Jackson Group,97ce943460bcda85,v3,Cold girl analysis however.,2026-02-27,kimberly29,Sign job receive he. We street grow win build. Drug or but word risk firm glass.,3
e3c99bd5-1187-402c-acfb-fe5accffa4c1,Intuitive modular intranet,Tools,11.2,1.5,True,0.0,,True,9b5fb29b-7460-4990-bfba-b163650e25b0,Jennifer White,samanthasmith@mckinney-gaines.org,Tate-Nash,f6d4829cb629c247,v3,Case their probably sign already character economy.,2026-02-26,jesse78,From rock result ahead movie image. Us state person this property song act.,4
dd842142-3540-42e4-8bb5-69cd2249d165,Synergized coherent moratorium,Education,2.2,4.8,True,0.0,,False,de9fa9b5-501f-46f2-a48a-d825e3f14ff3,Chris Clayton,wanda35@phillips.com,Miller Ltd,b18498bf8503c758,v3,Memory effort accept often enough analysis.,2026-01-08,murraysarah,Weight in heavy bank thought need rule. Hand parent detail pay.,2
16989312-768d-4fc7-8b3d-f6b47324ee2f,Mandatory responsive budgetary management,Education,10.7,1.6,False,2.55,USD,True,8bae6fb5-1aa5-4772-a7a3-f502fad65c3a,Karen Boyd,yatestina@mason.com,Payne-Anderson,5aef8a5d3d36d5c1,v3,Follow structure bit officer investment me buy quite.,2026-03-04,hortongordon,Yet he inside manage hour its. Guess hospital list hot.,2
52cd32fe-2671-48c5-8476-7d40d8252692,Enterprise-wide motivating monitoring,Productivity,12.8,2.5,True,0.0,,True,111494e9-c423-431e-a808-f15dfaa42342,Sean Miranda,knightrachel@watson.com,Jones Ltd,4ab232735f32c98d,v1,Enough financial popular suddenly.,2026-02-09,lmorgan,Cover east fire live force. Trip outside together risk. Chance meeting item whether.,2
f21be676-d6b8-49e0-a977-ad807cab6ed9,Up-sized fresh-thinking concept,Finance,9.9,1.4,True,0.0,,False,26339560-5c1d-4058-bda8-2190d7eb214e,Stephanie Burke,jackbooker@hicks-fisher.com,Estes Group,ee3eaf56e7e4a599,v3,Himself their get find until.,2026-02-10,michaelrosario,Sound knowledge them current including senior reason wait. Force assume help close whether per the.,2
d4e86124-3ba8-440e-8e9e-d396edbc8dd6,Triple-buffered context-sensitive array,Games,7.4,1.2,True,0.0,,True,7af307f5-6edb-4096-818a-6cd2f6041473,Mark Thompson,sabrina37@molina-davis.com,Green PLC,c7d763b4ef604a1f,v1,Say prove head wish forward player finish.,2026-02-08,thomascrystal,Keep especially top after article. Take population happy also friend under former determine.,2
aea9dd52-ad10-4c7f-b249-e69339203d84,Synergistic didactic migration,Social,3.2,4.1,True,0.0,,False,5f5bb260-0037-47f1-ba38-210df275625a,Andres Moore,hawkinserin@frederick-fernandez.com,"Hernandez, Williams and Gardner",9709608d06552cbe,v3,Happy feeling remember herself wide kitchen.,2026-02-15,castillosara,Month stay most can one discuss. Hit wear down side father. Magazine give threat ability close way.,4
92694049-8539-40c1-ad78-44778d993d26,Seamless neutral success,Tools,12.1,1.7,False,11.58,USD,True,24e49f84-1334-4ce7-b457-df10bc6cffa3,James Cunningham,lopezpatricia@hubbard.info,Young-Willis,fad22ed2f0cd0794,v4,Card medical amount it though style site.,2026-01-03,zachary32,Make I represent add nothing wall green. Civil fly man group true care myself.,2
5e904c89-d67c-4b33-8606-8522c2fb0d8d,Phased scalable contingency,Tools,1.9,2.0,True,0.0,,False,8fb64124-1f1e-4dd0-afaa-c0f3425e71ec,Amanda Wilson,taylorho@blake.net,Wilson Group,ecbc7484b8d5b1a9,v3,Affect must head Mrs animal certain.,2026-03-02,vmartin,Lay each worker. Person friend size sort give try.,1
679f0d41-ad60-4ea2-91be-67800a41af00,Ameliorated fresh-thinking support,Education,12.7,4.7,True,0.0,,False,1b465c84-1599-4459-b0cf-d0eff268aecc,Sandra Harris,shines@morris.com,Maxwell-Conley,258cd763d7b5e409,v4,Close wall particular approach note.,2026-01-19,schaeferjuan,Certain unit beat design. Suffer give visit professor push.,4
66ebe17a-05f8-4883-bc20-437e2c95416e,Organic zero administration attitude,Social,11.1,3.8,True,0.0,,False,76af329f-89f1-44a6-91b8-5301fe3a6d40,Jennifer Cortez,fpatterson@thomas.com,Kelly Inc,62ec08fffc1e2536,v3,Vote green but.,2026-02-20,samanthabrown,Whether present commercial design piece. Everyone walk each.,4
64215a2b-f3d3-46ad-8855-4353777a1e54,Enhanced full-range extranet,Productivity,1.9,1.8,False,44.82,USD,True,857a9510-cbaa-4f94-b210-fc19de98d9f9,April Jones,mackenzieriggs@patterson-wilson.info,Watson-Soto,730cde51dca7e994,v5,Just church put international theory.,2026-02-13,christina03,Short indicate nothing country exist Mr. Test necessary hit stop indicate treat service positive.,5
d5d90d98-0fb8-44da-b4a0-bdc9103c9d94,Triple-buffered bifurcated parallelism,Games,12.7,2.0,False,18.89,USD,False,3d179d4c-5f45-4070-b11b-3ee615cc26fd,John Berger,qdavenport@horton-day.com,"Edwards, Reynolds and Ellis",5bb2188610e01aa4,v3,Pick staff phone property.,2026-02-06,michael14,Alone wear executive just best. Open what bed stand I.,5
2a2f0d17-0c71-47d9-aa08-0b35aa717f40,Object-based responsive encoding,Finance,12.3,2.0,False,11.73,USD,True,e89f770c-c266-4e54-a4f3-c5ac39b588ef,Nancy Mendoza,gadams@young.net,"Nguyen, Hicks and Obrien",1638de2278320a22,v3,Wide deal speak home civil finish Congress positive.,2026-02-27,garciarebecca,Who trial land style subject human thus eight. Rock have back arm.,4
319e7492-a13a-4dfe-9df9-8cb45d87ee5a,Public-key even-keeled open architecture,Games,2.8,2.4,True,0.0,,True,a498ef3c-e60f-4c83-902f-dda6516613f4,David Ross,michele75@reyes.com,Stephenson-Ortega,bf1b6306d6cd9f60,v5,Food describe put choose human kitchen with month.,2026-02-22,jordankathleen,Ground practice pull something piece new occur. Then peace political friend.,2
adf9695f-d22d-4a17-8bbf-8341b901b40f,Optimized eco-centric migration,Education,1.1,5.0,True,0.0,,True,403dafa2-4cbe-4bb5-930a-7f73ada88ced,Rebekah Mueller,patrickedwards@todd-cohen.com,Marshall-Ramos,726c1673d71c10c8,v2,Couple year life animal crime mean.,2026-01-17,ovalencia,"Manager growth thought foreign.
Boy debate control should clear service four.",4
f0838ba3-78b9-4ada-b46f-6edb212f80c4,Switchable transitional methodology,Social,5.8,1.3,False,28.93,USD,False,7eafb0e1-f583-49eb-aeae-2a7348354e1b,Jonathan Warner,jerryblack@riley-perez.org,"Hinton, Bradford and Ingram",71a74ec5016a900b,v3,World statement old beautiful goal increase.,2026-01-12,xfranco,Newspaper money station good a. Pass score stage. Fly seek oil process.,1
f08c06d6-dbd5-4d0c-8ff7-efe232da172b,Visionary systematic policy,Education,10.0,3.6,True,0.0,,True,e587e3d0-8d9a-4c39-abae-7adef0993c16,Susan Waller,sarah06@howard.biz,Larsen-Washington,faf10f3826e08ce7,v2,Radio sea rock book wear.,2026-03-02,juan50,Maintain window idea order change. Mouth guy real reach box set.,1
1c32eccf-133c-4e58-8639-d630137b6451,Exclusive heuristic product,Productivity,2.7,4.5,False,27.64,USD,True,08005b13-3b3d-42d9-bdfd-33f66aeec408,Steven Schmidt,timothybrooks@meyers.net,"Gross, Rodgers and Buchanan",b17ecd78c8055b1d,v1,Manager fight himself white.,2026-01-04,matthewmendoza,Fear themselves career. Return outside follow nearly enter guess.,2
5678b10c-c891-4ff6-801f-e5bf2e287b6d,Function-based intermediate time-frame,Productivity,12.7,4.3,True,0.0,,True,abbcddc7-bd67-4f6f-9812-20cda0d5f275,Kelly Rodriguez,cooleytina@williams.com,Cook-Morris,ef764faaebecbae1,v1,Name per have employee draw father.,2026-02-06,brianbaker,"Language light buy spring wish.
Billion eat hundred save learn.",4
0b4880d1-9e4a-4410-8c22-ba409ffe48f4,Function-based executive architecture,Education,2.0,4.2,True,0.0,,False,29bd9264-0687-4d37-bcdb-192252e3673c,Marcus Costa,phillip98@hendricks-lynn.com,Mills and Sons,c5f83fcebf41e7a0,v2,Fight paper customer well.,2026-01-30,kathy18,Financial light boy suddenly say support. Why also wish apply movement food.,3
3f25d976-d5da-45b6-b36a-85b2b85c8ffa,Operative national process improvement,Social,11.1,2.8,False,22.83,USD,True,7986c40b-32af-4291-bc39-76e8d008c9e7,Eric Adams,williamsjulie@harrington.com,"Rodriguez, Johnson and Acevedo",97f0d171300c79a5,v3,Picture war standard beautiful.,2026-03-01,millercurtis,Three add too. Win house movie use serious. Threat plant anyone large least.,5
535e02e1-8dfb-46d2-bf47-d5093c49def9,Intuitive systematic implementation,Education,2.8,2.2,False,37.51,USD,True,b3144736-ef22-4646-8aad-037b79097202,Michael Brown,wcochran@jones.com,Fuentes-Russell,3b7eb4119fbb4d9a,v3,Standard wife training mean president music.,2026-03-02,johnnysingh,Generation work city. Almost guy truth hair well large.,3
5f839ef2-b6d6-4c32-843a-32237617fa09,Reverse-engineered attitude-oriented encryption,Finance,9.7,3.4,False,32.87,USD,False,55123e8f-6115-479e-a7bf-a9e562ab8084,Brooke Mendez,hudsontiffany@nunez.biz,Green Inc,6ed603f431bbb79e,v2,Own right sit thing college result produce become.,2026-01-03,perezjulian,Myself trip consider week. Less behind although argue.,1
7ed5b2d2-e27e-4570-9a0f-6feaf8fa6b9e,Extended responsive hardware,Social,7.5,4.4,False,16.11,USD,False,b67b3b28-3924-4a25-b2cd-3cb91bfbe386,Casey Reilly,crystal92@clay-mullins.net,Walker LLC,9b11b9bbb1801fbc,v3,Early media every feeling.,2026-02-27,ericbryant,There my recognize glass data also. Nearly remain structure course develop.,5
160bb13f-a786-43d6-af78-c4157ce91c1c,Sharable global instruction set,Games,1.6,2.0,False,38.1,USD,True,ceab063b-76af-48d2-9013-b1f182be5160,Walter Jones,wcook@mcmahon.com,Clarke-Cain,bd0bb0591aa3fd68,v3,Start whether environmental factor nature discuss meeting.,2026-02-09,markerickson,Forward college question claim newspaper character. Trade TV suggest around.,2
3ea7f360-6551-45d9-999f-0e5c34fa58bb,Centralized disintermediate archive,Tools,3.5,4.9,False,12.84,USD,True,487ff2c6-5f29-45c7-b4ba-52feff01af76,Meredith Haynes,baileyryan@perez.com,Fisher-Moon,57dcc76cf1641792,v2,Within order though pattern.,2026-01-22,markjohnson,List rock oil summer. Evidence others five strong pick personal defense.,1
e41bada8-31c4-4578-9b71-d46e8443717e,Visionary disintermediate matrices,Social,11.2,1.1,True,0.0,,True,0eab6d5d-83d7-4907-91ad-556fb21b5034,Cody Miles,michaelmartinez@anderson.com,"Parrish, Ross and Fowler",bdd090a61dbad8fd,v3,Almost current affect second customer the strong camera.,2026-02-04,byrderika,See past else push maybe fund. Improve several into despite still.,2
52e9f40b-047f-4214-9f4a-bfe96480e2c5,Multi-lateral systemic pricing structure,Finance,1.9,2.8,True,0.0,,False,39d3f913-fca8-4661-a202-9b63ba40e464,Spencer Bell,watkinsnathan@martin.info,White-Velazquez,ddb65e4c5dbfddc1,v3,Fall skill sport avoid me often hit.,2026-02-09,walkerann,Role can fire door southern early. Trouble image child challenge.,5
c66f5a19-eea3-478c-8d54-2091dad493ad,Enhanced analyzing encryption,Games,9.6,4.4,False,36.99,USD,False,d62d2d2b-6407-4fe4-93b9-d2f4d1e14969,Sarah Moore,wilsonjoseph@williams.com,Walker PLC,87092b2fd85f04b5,v3,Former theory environment relate choose.,2026-02-15,thomastaylor,Guess somebody author threat service task skill question. Subject trip you through.,2
993b287b-ebc7-4f90-85d3-5b9dc5e9360c,Virtual regional adapter,Games,12.9,4.6,False,33.35,USD,True,5447dd17-2a9f-43dd-a6de-6a5e0d475dc0,Miguel Dean,vmason@kelly.net,"Jones, Gutierrez and Miranda",6a143554a1134181,v3,Choice beyond including expect source tax.,2026-02-10,christina16,Customer politics talk painting. Field career bring early.,4
d44c0e51-cf94-48e5-8a0d-bfb30ca1885e,Grass-roots disintermediate projection,Education,5.0,4.2,True,0.0,,True,27e838d4-a390-433e-b664-6ff04a2e8b78,Kimberly White,ntorres@meyers-smith.net,Alvarado-Crosby,b016345008ded0aa,v4,Myself computer despite result party for.,2026-01-23,dianadiaz,Table seem he imagine role accept. Up born project friend media benefit.,4
941fa95c-a588-4629-b238-6d202165132e,Expanded hybrid orchestration,Tools,8.8,4.9,True,0.0,,False,91d6bb7e-5215-49fd-b87b-6372bb2d4443,Michelle Green,martinbenjamin@clark.info,"Weaver, Sutton and Golden",50ed90a711e2642e,v2,Different law rock scene.,2026-02-11,parkershawn,Cold coach can item job garden. Billion hit check science Republican show strategy yes.,5
bfc1d99a-06ee-4eec-b3e3-36de9964b165,Object-based 4thgeneration data-warehouse,Education,12.9,3.1,True,0.0,,True,f51b02ba-d9e9-4caf-a739-66e8b4ac9d71,Paige Larsen,rodriguezjessica@welch.info,Kaufman LLC,828c7a339a6691d9,v3,Six some lay enjoy dog.,2026-02-12,mckenziejohnson,Worry mouth stuff create moment sense.,1
9258cc0f-c09d-49cf-8db5-986082c7ae27,Monitored content-based knowledgebase,Tools,6.2,3.1,True,0.0,,True,944f0790-cc9e-47f3-9d2c-c1fffb14214e,Derek Holland,dbaker@mitchell.org,"Combs, Johnson and Massey",e60ffbc11ab85efc,v2,Wish somebody interesting Mr season power.,2026-01-17,singletonanita,Direction piece to hit score.,1
ae42d3c1-8d10-4c1b-80aa-4c61b20e4176,Down-sized didactic system engine,Finance,5.9,4.1,False,28.62,USD,False,de91485b-8a47-4270-bc16-959de3803899,Charles Frazier,lynnsantos@sanchez-hanna.net,Wagner-Hill,b252d9af86504267,v1,Television across impact bed sometimes military step mention.,2026-01-27,mcdonaldrhonda,What me on design employee food really. Floor example type magazine wide record detail order.,1
72f5218d-3ece-4a57-88bd-e4781c7c95b9,Realigned logistical collaboration,Games,12.7,4.9,True,0.0,,True,70a717b4-1b3a-4fc5-8627-b7b59771d7e3,Jeremy Kramer,elee@morrison-tanner.com,"Schneider, Hahn and Miller",2d4c31af7558903f,v1,Figure west edge nothing economy.,2026-01-27,griffinmario,Herself ago authority because. Instead daughter fight fear door. Determine watch doctor.,4
a7f6953d-e34e-49a1-9145-4e162321635d,Networked content-based benchmark,Productivity,1.5,1.1,True,0.0,,True,d9633fe1-6555-46cb-a412-017d14eaff0b,Christopher Coleman,lharper@edwards-moore.info,"Friedman, Torres and Contreras",9354d2d479a9dc61,v1,Point character environment quickly miss suffer agency degree.,2026-01-12,meganhuang,"Best partner policy conference significant their.
Gas central behavior who. Wait by left.",2
fa7a1e54-de96-43f5-ad05-0eaa9bae2e95,Business-focused bi-directional success,Games,11.6,2.1,False,11.32,USD,False,9c1bc925-5e3a-46f5-b460-2d6eba928901,Ruth Pacheco,wandabutler@turner.com,"Maddox, Wood and Sanchez",1069c0cb986368b0,v5,Thousand play certainly level call.,2026-02-27,alexanderjody,Let trade care discussion during. Smile phone strong pattern work. Or show part far box.,4
06fa866e-9042-4011-989e-fea43cd54c9e,Upgradable fresh-thinking process improvement,Productivity,4.1,3.2,True,0.0,,True,459ee04a-79ef-42a2-9c28-2bdfdb59a7be,Kim Young,vsmith@james.com,Miller PLC,40a36103493abe9b,v5,Option firm theory significant compare agreement what wish.,2026-02-28,william19,Order place push get keep. Indicate agreement leader future.,4
5aa35fa2-509d-4369-bee3-e2af9ee5a763,Cloned human-resource capability,Tools,9.1,2.0,False,22.8,USD,True,84f102c2-a5a2-427b-a13c-a515ea2927c9,Lori Reese,benjamindawson@wong-hampton.biz,Garrett-Wood,ede79f1313cb6904,v4,Light pretty their rule field.,2026-02-10,justin87,None space whose education sell. Wait product not loss fight.,3
4d1cdfe6-bce3-4458-b244-4b18dd384845,Configurable disintermediate matrices,Education,1.0,5.0,False,23.89,USD,False,ee825c85-1ce6-4c8e-9d52-36596acacbf3,Christopher Wilson,tyler97@thompson-allen.com,Rivera-Pratt,20e95e7968f90f41,v1,Word cut shoulder paper.,2026-03-02,drichards,Cause beautiful happy election this.,1
2ab00389-1dda-484e-8252-6d7415cc37ef,Stand-alone cohesive help-desk,Education,9.7,2.5,False,32.03,USD,True,2c37d72f-da97-446b-9c50-3aa264a12a7b,Carl Olson,williamsroger@rios.org,Schmidt and Sons,50e1053fc5dbf622,v2,Quality strong visit now outside.,2026-01-05,james03,Form build relationship increase. Cover those north.,5
284cb271-92fd-4ede-86f6-125bab0c5e72,Fundamental asynchronous focus group,Education,9.8,4.9,True,0.0,,True,87c8cb71-a65d-4ec6-a7f0-d11a31a00e70,Jean Garner,joelponce@pitts-calhoun.com,Gates-Hayes,a2a58b2948df3687,v5,Become goal enter some add bar analysis.,2026-01-03,ahenderson,Small industry son statement rise. Everything how hold end finally field catch night.,4
0651ad80-e9df-4a47-939a-c0b6db1c85fa,Face-to-face encompassing matrices,Social,5.9,2.9,False,39.64,USD,True,4ee12559-4460-4e33-89ed-c78bdc37ef8d,Lori Mcdowell,rosslance@clayton.com,Davis-Wagner,5e468d1a3872ba00,v3,Decide because even before city letter position ago.,2026-02-22,rrojas,Type right generation. Risk wonder than need itself to. Tree watch today only.,2
acaf6c05-ed74-4c6c-ac05-5095bcd484dc,Enhanced well-modulated synergy,Finance,6.5,1.2,True,0.0,,True,01738f23-f674-4635-9ae0-443e6499445f,Jacqueline Lowe,jonathanharper@wilson-hernandez.net,Moreno-Woods,19c338769c9d8a04,v3,Choose manager hear girl control.,2026-01-10,biancacarey,Crime try score a run attention. Prepare report least friend return physical interest.,3
83fa89bf-dd77-4a07-bcb3-d7a8f4809a52,Networked solution-oriented customer loyalty,Games,8.1,4.5,True,0.0,,True,acdb9a14-df5f-47c7-96a1-ed05cd25998d,Mary Roberson,kristin45@garcia-gardner.info,Reyes-Dixon,90eab12d4fe18f21,v1,According scene improve rule start soldier.,2026-03-01,karenberger,Want data dark analysis will ever. Ok structure we eight same across. Sort public couple learn so.,5
902307ca-37fd-49f1-ba24-35097a962566,Organic multimedia analyzer,Productivity,6.2,2.9,False,48.95,USD,False,a8b8730c-46c4-4806-997d-f04eb56c80ea,Jason Webb,flemingmichael@mason.org,Moody Group,c14dd148bb2fc229,v1,About pass defense event important.,2026-01-03,browntina,Expert by firm PM life. Food full too. Price feeling its matter drug arrive kid nature.,5
2c81c2c3-3900-4016-a8c3-6a4acb791a81,Implemented value-added middleware,Social,6.6,3.6,True,0.0,,True,447bca77-a5af-4333-8ebf-4a3e665bd9b4,Tiffany Holloway,ericksonthomas@griffin.com,Lopez and Sons,100d82d09c262dca,v4,Radio nice design beat matter skill country.,2026-03-02,deborah45,Dark art skill like worry walk teacher. Around difficult hope analysis ability huge.,3
b9a9b6a1-3aa3-4206-8c42-293e97c472a3,Polarized methodical access,Productivity,9.3,5.0,True,0.0,,True,d8ecddad-5929-4eb8-8110-4d3b0ee46880,Jacob Norman,lsullivan@park.com,"Weaver, Barrett and Holmes",0ad69dc25c2dc1f8,v4,It ready present chair despite.,2026-02-13,walkerjose,Information ten address.,2
35315d1f-2089-4b09-af44-7fb439dadd84,Visionary 6thgeneration analyzer,Social,7.6,2.4,False,19.23,USD,True,3a94ba52-873a-4673-8980-8784ae6aea5c,Troy Jackson,delacruzkimberly@jackson.com,"Shaw, Meyer and Martin",f1cb22271bd94a7f,v4,Cut dog many.,2026-02-12,johnathan16,Use tough lot officer enough foreign office through. Sign realize during wait.,5
16056e20-295c-4eb4-af9f-1fac3e91639b,Monitored intangible project,Games,12.3,3.4,True,0.0,,True,db5941dc-a916-4605-beb0-adcc77b03602,Michael Barnes,malloryrobinson@riley.com,"Powell, Carlson and Torres",7e77cb6371a8b663,v2,Production turn sister check.,2026-02-23,kellywashington,Agency including resource candidate officer offer send artist.,2
32046354-4a52-4263-9af6-320aff736b44,Upgradable 5thgeneration intranet,Games,5.1,2.3,False,11.68,USD,True,12610dd7-8f00-4ead-98e9-a134ebab33d1,David Campbell,ballmicheal@mcclain.com,Webster LLC,9cd2b645609b009e,v4,Talk several here wish authority sure agency song.,2026-03-04,kwu,Project century activity certainly guy also five.,5
f5f7b078-e0ab-47cd-8caf-eff106475c27,Down-sized zero administration Graphic Interface,Education,11.8,2.9,False,46.49,USD,True,d3afaae0-1edd-4cd8-a420-929e164df7cd,Mr. William Gordon,qwillis@scott-wright.info,"Daniels, Torres and Webb",a41f04d3c0ccb79c,v3,Move reduce myself writer.,2026-02-13,ryandavis,Act despite professional to. Group such shoulder pressure social look.,5
9a4a1d30-40de-4648-bd12-8a11a7b88e57,Programmable optimizing capability,Social,6.8,4.4,True,0.0,,True,1d57729a-140a-43be-8b88-93f86f5ee083,Madison Jackson,erikaelliott@harris.com,"Perry, Henderson and Mcpherson",ccc1b8515a3211fb,v2,Major art thus however land easy.,2026-01-10,browndonald,Center road run finish.,4
92569279-d63e-4232-9b5c-e1e8922250a2,Front-line real-time moderator,Games,3.1,1.7,True,0.0,,False,4d140508-a2dd-48ed-8172-7574bb54e911,David Rowe,gomezleslie@leonard.com,Beasley-Love,db589d035648ef2f,v4,Data simply avoid.,2026-01-16,smithsabrina,Share role reduce far several join. Include home fight ten machine personal television.,5
3855dae0-4ce8-4561-8be5-d1bc4b737cbd,Fully-configurable context-sensitive projection,Games,3.4,2.9,False,16.7,USD,True,3908fd6a-ed16-4d0e-b392-6ac92f1393c9,Philip Jimenez,xlynch@olsen-fox.com,Hardy PLC,bb8afff5ed686d2f,v5,Free free whom program think soldier choose.,2026-02-03,christyaguirre,Technology reach scene although job. Everyone have morning various task. Oil near spend same.,3
ac153b2f-2e44-4ee9-a2c1-b468b02ae6e8,Function-based 5thgeneration help-desk,Education,1.3,2.0,False,36.82,USD,False,3fa1b4ad-bb1a-4f45-8b97-5eeb15df612a,Patrick Ruiz,zcook@porter-howell.org,Johnson Inc,48bfeb52ef94402a,v5,Body he act.,2026-02-26,nmendoza,In few friend task. Occur enjoy ready us continue data.,3
a942e53c-5630-45ab-bba7-9c58312e7d29,Focused optimizing instruction set,Education,12.6,3.8,True,0.0,,True,0ad4fc3f-091c-4dc8-a1c4-a1099b890a1f,Tiffany Dyer,hwilson@bray.com,Terry-Smith,3f62527cffb3d19b,v4,Offer imagine couple yes place say discussion.,2026-02-02,kimberlycarter,City husband one own ask. Clear major spring section discussion inside. When mission she scientist.,1
70e8959e-5664-4e37-8abd-db557cfba2ef,De-engineered uniform info-mediaries,Tools,4.0,4.6,False,3.22,USD,False,8d4053ad-1e29-4acd-b81d-d8b62532176c,David Wheeler,wendy51@wilson.com,Kelly-Pacheco,4223ec0df21af225,v1,Thousand this international continue see discover.,2026-02-06,zsmith,Republican down computer increase worry wait. Smile section agent court quickly more.,1
23048e0c-f52c-4b2a-8056-b4c72358029c,Switchable empowering project,Productivity,2.6,4.8,True,0.0,,False,7584300d-f7d0-4bea-9369-5875fc2515d7,Brenda Long,marycrawford@mason.com,"Reid, Nguyen and Miles",c628f77b04ce1186,v2,Four fire girl American collection in end beat.,2026-02-17,williamskatie,Win the meet radio. Child full pressure however yet.,3
41c0b77b-9d7b-4077-b7fc-e1067180d700,Exclusive fault-tolerant alliance,Social,9.9,4.8,False,7.87,USD,False,e92cc4a0-c0ac-46da-9a4d-332bc416d723,Sharon Brewer,gary20@randolph-west.com,Lee LLC,5e7dd13c46a4e5cd,v1,Blood cold long appear song when else thus.,2026-02-05,bethany14,Bag argue result federal will item civil. Later the lot responsibility.,1
0355ffac-8575-4b50-bd53-3ea41dda0c8c,Upgradable systemic hub,Productivity,9.0,1.0,True,0.0,,True,be4d4a49-dd17-4955-baf4-001c38e31565,Savannah Moore,stephen54@hurst.com,Webb-Krueger,f487b367abbaa169,v4,Place pay series amount will listen possible green.,2026-01-08,brian04,Realize since young. Agreement push fly. House skill same idea.,5
4e1470f9-f8bc-4482-a79f-93445eee2462,Upgradable client-driven circuit,Games,4.9,1.6,False,1.14,USD,False,e8449ed1-6b2c-4deb-821e-ba2c5820e4f6,Carla Russo,carltaylor@stewart.com,"Pineda, Castro and Wilson",329c2a3fa75648f8,v5,Both design understand until war always hear four.,2026-02-14,john60,Bed else involve impact because. Huge or action fill. He rock leave save strong occur quickly.,4
98a0e5f0-0f85-4494-a5ac-e085f2aec773,Programmable multi-state definition,Games,3.3,2.0,True,0.0,,True,88712cb6-9461-4519-9780-58a2e3e1f44b,Katherine Hampton,amy01@wright-newman.com,"White, Walker and Carlson",1b2e7ef0ad4c4d41,v4,Ten hundred painting image instead safe nor.,2026-02-05,rileysarah,Whose summer key agent identify understand. Newspaper wait think seat yard.,3
1590a828-ba7a-4bd6-82c4-fcec4a9b9afc,Implemented zero tolerance throughput,Productivity,8.4,2.2,False,21.07,USD,True,fe5b76b5-2558-4771-b4ec-0308decbee92,Debra Nelson,drodriguez@moore.biz,Henderson Ltd,8bb0eb561122c592,v1,Foot get show.,2026-01-19,michael99,Think inside party born message. Agency source surface.,2
b1a670ea-2d90-494f-a4ea-c23b6cf55211,Fully-configurable motivating neural-net,Tools,9.6,3.9,False,1.34,USD,True,6deacbb4-c723-41bf-919e-1e49bd925ae8,Jason Fox,claudiawright@arnold-clayton.net,Rodriguez-Taylor,c10823989c9fa1b8,v5,Population action wish.,2026-03-02,khebert,Seven strategy newspaper be guess commercial. Community reason government wide range.,4
f0491a3d-22bd-454c-b894-c38f80207389,Profit-focused scalable analyzer,Productivity,10.2,1.5,False,38.41,USD,True,921c2245-cd97-455d-a476-1be7bc68fc0a,Keith Mueller,jennifer81@pennington.org,"Williams, Jones and Daugherty",59c747e30e6ef121,v2,Business staff painting.,2026-01-15,catherine31,Modern quickly picture possible peace. Picture kitchen they on community cut.,2
6c3fc1a1-7c73-495b-aefc-34612d1faf08,Up-sized context-sensitive policy,Games,1.3,3.2,True,0.0,,True,2878695e-18da-4a01-81f0-bd99e06e2641,Jessica Mitchell,smartin@carey.com,Anderson-Gonzales,e9e0476a2cdfb571,v4,Personal around onto voice our young.,2026-02-24,romerorussell,"Art any fill management.
Child win pattern trouble specific might road cause. Room claim leg lose.",5
d668d436-4391-4991-8ba8-837ca3709815,Synchronized encompassing time-frame,Productivity,9.3,2.6,True,0.0,,True,57497da5-4e0b-45e2-87f0-99f4b6621e13,Brian Rodriguez,josemoore@howard.com,"Huynh, Patterson and Williams",3c6c3a961d6d5d1a,v4,Brother first father treatment base outside.,2026-02-10,amber44,Wear individual particular discuss newspaper now sing.,1
7d7e5aed-ace0-43ef-8d9a-137364a3cf89,Programmable directional contingency,Productivity,9.5,1.4,False,37.9,USD,True,102a350b-830e-46da-8e92-c7c21361c6d3,Teresa Sanchez,justinjohnson@perez-martinez.net,Hernandez-Valenzuela,c3fe37856eb70b48,v4,Smile property them crime claim fall attorney according.,2026-01-26,wattsjoshua,Life establish oil father fire impact we. General top become article hold.,4
5e07313d-7135-438b-a6a6-ad687cde9c0c,Networked local structure,Tools,4.8,2.8,False,19.31,USD,False,2bf6d54b-7927-492d-9472-6524b40e8e32,Jamie Hubbard,rioslauren@duncan-morgan.info,Hughes and Sons,30c5f6ee3e18daac,v1,Space campaign region.,2026-01-28,thomas63,North leader process himself factor director. Class age resource never. Group last production.,4
03b3ab7e-048e-48c0-92ca-65bbe6c92ee6,Public-key multimedia conglomeration,Finance,10.5,3.5,True,0.0,,False,07b73ddd-1c66-433f-b80e-960673ef249b,Albert Boyd DDS,joseph59@gomez.org,Oconnell-Miller,92f1795094be5b53,v4,Service behavior to rise all operation.,2026-02-28,eortiz,Lay both push this speak effect. Practice often according score remember.,2
046a92c8-464a-4554-b53a-6e499cefe500,Multi-layered dedicated neural-net,Games,9.9,1.4,False,44.52,USD,True,36d0ab8f-9c12-4fc6-a692-b9428af4d3a7,Lisa Pope,rsanchez@smith-buck.com,King-Howe,e5387995ed7db6e8,v4,If huge level role matter physical.,2026-01-31,tara82,Wait hope explain discuss. Yourself upon population couple behind may. Laugh as picture feeling.,2
51bf3518-5dba-4458-a742-a04e7bbbecf0,Networked neutral interface,Games,8.2,1.5,False,43.25,USD,True,91860d1e-00f7-451d-b38d-50beddc1a8f1,Cassidy Preston,nmatthews@jackson.com,"Price, Acosta and Wallace",df3684dc9c3e4fa3,v2,Unit those business police.,2026-01-23,rebeccamcdonald,Popular six explain above style season international. Movie push war be watch six middle.,1
d7f7f939-c8af-4461-a544-c7d44976c251,Face-to-face directional secured line,Games,2.8,2.6,False,25.51,USD,True,49038fe5-ed98-4a80-8068-408a812ceea8,Peter Rhodes,rodriguezpatricia@vasquez.info,"Smith, Davis and Cruz",505b7fbbb3c8bc8c,v2,Simply some memory major truth.,2026-02-24,mcfarlandcindy,Nearly style leave explain. Do sing military include effect size.,5
f953e734-a677-4dda-be21-38032f58cf73,Enhanced composite toolset,Education,12.0,2.7,False,11.65,USD,True,a3a9d98c-4b2c-44dc-87b7-c7178c8843f8,Erin Ross,terriburns@hamilton.info,Weber-Williams,5c31399820f39f1f,v3,Show political fill large bank especially which.,2026-01-18,justin23,"Each next memory detail.
Kid sound half customer relate even. Top ten scientist.",5
99285a33-9d06-4888-8bde-e275690ca015,Organized dedicated hardware,Productivity,12.2,3.2,False,14.5,USD,True,34764ec9-aeb1-48cc-8ae8-9994ca494d35,Lindsay Sanchez,pmartinez@hammond.com,"Wilson, Long and Thomas",cd8574620eb11fad,v2,Attention any anyone.,2026-01-11,kimberlyobrien,Professor discussion discover use term. Discuss analysis author popular.,3
24e43bd8-3d84-4f19-b928-1d4b48efeaee,Progressive asynchronous secured line,Tools,6.9,5.0,False,37.28,USD,True,0a03b5c4-fa03-4928-b016-164aeb82118e,Sheri Rich,johnbrooks@reyes-williams.com,"Rodriguez, Robinson and Owens",c0860048fe3dd26b,v1,Month voice fact cultural.,2026-01-14,ashleypaula,Speech point thus phone part learn still. Performance those amount while camera.,2
28ef8fde-6a5e-4ff8-82ac-86ca603ff1c2,Monitored regional moderator,Productivity,8.5,1.0,False,21.38,USD,True,0b2a58e1-ea6c-4fe4-a1f5-26e33004c9f7,Richard Johnson,tuckerxavier@fitzgerald.com,Lee-Cain,e3bd879c3797ea4d,v4,Professional mother ask benefit first.,2026-02-11,rshaffer,Sit executive environment serve room. My hold after name black.,1
1e41ea09-9be4-4540-bc0c-44c7c61da15b,Configurable dynamic portal,Finance,11.7,4.4,True,0.0,,False,8e94227a-325f-4286-9843-ac34c1299eb7,Terrance Dean,imoore@sutton.org,Johnston-Ward,b7b21079792a7a4e,v3,Position during improve.,2026-02-12,ghenderson,What sign woman election last. Color small rather fish spring.,3
986e0765-6c27-45af-b654-ac88c17301e3,Persevering directional frame,Games,11.8,1.2,False,15.51,USD,True,18f3464e-bd16-43ab-9619-c1f300c6daf8,Daniel Watts,tcummings@knight.net,Sanders-Palmer,f26192e8059427a0,v1,Loss allow garden agent.,2026-01-27,qhayes,Leave west culture individual. Edge various money. Present control performance turn agree.,2
993d203c-c9fd-4f5f-99f0-d2d81aef758a,Balanced explicit alliance,Tools,1.7,2.8,True,0.0,,False,3447bf5a-67a3-4e15-8e51-1464d6ed42a0,Richard Johnson,manuel79@diaz-wilson.com,Sanders-Mann,894209c666bd9850,v3,Eye fight specific protect lay.,2026-02-24,shawn80,Series group important treatment this very star during. Less his prove evidence issue itself.,3
47ae51a3-534d-4416-bfb6-8bbd648f1ad5,Business-focused heuristic product,Social,4.4,1.9,True,0.0,,True,287172c9-1ea0-4a1c-9011-9bcd8f52bbd2,Sean Strickland,heather81@carter.net,"Hunt, Levine and Chase",98584c91334afbdc,v4,Picture seek and sea on.,2026-02-05,hicksalicia,Suddenly cold cause exactly current. Director learn improve return success street.,2
1a2ac548-00d5-4292-a685-c276fe6b79b5,Self-enabling demand-driven structure,Games,1.7,2.1,False,8.75,USD,False,94f5cc97-01b9-439f-943b-9c5373333c66,Jessica Blake,alex39@brown.com,"Peters, Pitts and Carr",75de80742a29892b,v2,Mrs medical bed discussion.,2026-01-13,davidgarcia,Four author with camera. Air strategy magazine including than Mrs.,3
8ba31025-51e3-48f2-bedd-f4a822e18ece,Automated holistic architecture,Tools,10.6,3.8,False,13.32,USD,False,3fac5c99-b2ff-4111-b531-f183541ee662,Crystal Craig,brookskristin@stewart-davis.com,"Burgess, Hanson and Henry",1d8476fe3fed597f,v5,Teacher management design man show.,2026-01-23,mary79,"Kitchen lawyer affect another.
Meeting bank artist development put wonder. Whom food than.",2
ad00bdcf-2958-434a-9723-2df8856cfee8,Cloned didactic interface,Finance,5.0,4.8,True,0.0,,True,17d51570-cf2f-4beb-ae5a-d4cfd02399ba,Melissa Rodriguez,mark21@diaz.com,Baker-Wolfe,62a2feb72430b8a0,v5,Forward night stay region.,2026-01-19,kanderson,Stuff example provide challenge move. Accept from again bed decision. Big always game.,1
84b6cb4b-d676-4f06-9119-21dac0037f24,Down-sized explicit policy,Social,11.5,1.8,False,49.25,USD,True,84aa5370-aa49-4044-8b98-345b5cd052f1,Angela Oconnor,martinshelby@mcpherson-becker.info,Farrell-Johnson,5d373da47655b6c9,v2,In those short take break.,2026-02-10,dwoods,Week task foot Democrat remember. Argue TV travel room risk girl. Beat small middle.,4
931c82d8-74bf-46c5-9246-5567d44719d9,Expanded systemic hardware,Tools,8.6,1.5,True,0.0,,False,f054135c-8a69-4216-a25d-ef79e6546356,Gina Martin,corey53@potter-hall.com,Campbell-Douglas,8debf72aed49aa5f,v1,Pick first knowledge base effect left.,2026-01-16,laura34,Data main himself poor raise. Deep space until media cell. Western meeting heart radio.,3
473fa429-da19-42de-9980-c5b38165b1e4,Programmable zero tolerance service-desk,Education,4.0,1.9,True,0.0,,True,dd51fbb4-4ecd-45fd-b5ad-35b1c5d378a7,Alexander Lopez,derek46@rodriguez-phillips.info,Mann Ltd,bbe4eef23708e236,v2,Miss father show author against.,2026-02-28,dwebb,Hour successful before tax choice phone conference.,5
0876b96c-4318-4c89-8dc4-3ba897a8b339,Multi-channeled grid-enabled orchestration,Productivity,5.6,4.6,True,0.0,,False,88f1a7f8-c2c7-4cb8-a0b9-123ea890aa67,Lisa Harvey,heather54@thomas-allen.info,Burnett-Mason,3f35aa1c8065fad9,v4,Agree drop more son.,2026-01-13,popeamy,We fund send especially degree. Space check science focus.,2
693de4ca-eabc-4943-a1cd-7872523b7cf6,User-friendly high-level project,Education,9.4,2.5,True,0.0,,True,cdb1eca9-ebdd-4ed8-aa76-2bc026e6ab6a,Michael Perkins,coryrios@lewis-smith.com,"Wilson, Powell and Sanchez",0e7c0287ddb0e3d0,v4,Deep quality decide any because center.,2026-02-21,jocelynsullivan,Region western name house direction anyone. Win house sit technology.,4
1f9f0441-2954-4e5f-b924-b66adb0d9f1c,Cross-group bifurcated structure,Education,7.9,1.5,False,45.25,USD,False,d0bbfa6f-e072-4b69-b3d0-f3cb8b6f54f5,Justin Osborne,joshuastevenson@tran-green.com,Curry-Ortiz,5cff1a6ed07b2dab,v5,Million example like visit involve.,2026-01-08,nchavez,Information us wear product seat. Probably little reveal. Week forward evidence hard score.,5
b5fdeecf-92fb-485c-aeca-04918769dcdf,Down-sized 24hour benchmark,Games,9.6,1.5,True,0.0,,False,6ea93c1c-0d07-4a5e-ad55-d180e0c98684,Benjamin Charles,pinedalisa@crawford.net,"Huffman, Alexander and Owens",175d0ff62ec9b64d,v3,Water glass dinner either responsibility condition throughout.,2026-02-18,karen97,Politics true traditional clearly.,5
8384355c-1f99-48e4-a8a4-d4c32deedcd1,Programmable attitude-oriented migration,Games,1.9,3.4,False,43.78,USD,False,ec9d4341-bc65-4174-aec3-abb3c361a378,Kathryn Chen,aruiz@payne-moreno.com,"Hill, Davis and Smith",a61cec1cfe3c827f,v5,Know remain rather car director else conference.,2026-02-07,hramos,But later hour around. Throughout white rather author general sometimes identify.,5
ea8db5ac-edad-4bb0-b7cd-ca2b91f1e256,Advanced incremental capacity,Tools,9.0,3.4,False,29.59,USD,True,a85c0d5d-fe61-4469-95f3-cac826ae22a7,Virginia Long,katherineadams@ayala.net,"Escobar, Burton and Ball",9b2750d4216cf827,v5,Early decision wish order day.,2026-01-06,rburke,Reason name goal act world moment summer. Card PM number social executive hit.,1
cb45bbe1-118a-478b-af9b-e40398dcad33,Face-to-face upward-trending emulation,Tools,5.1,4.1,False,28.96,USD,False,ad6e5764-87ec-499f-8953-c1ae54939692,Valerie Johnson,mariesantos@powers.com,Perry LLC,6aad9b4926151fb3,v3,Rather various ever theory.,2026-02-01,elizabethweaver,Hand light government director. Any different maintain lot ten white soon.,2
694b4e3c-3141-48c6-9715-9edd1431418c,Phased analyzing open system,Finance,12.0,2.6,True,0.0,,True,22b0028b-78b7-4620-9088-da0c99c40f87,Breanna Foster,brian90@brown.biz,"Snyder, Roberson and Carpenter",5a828cedec0c081c,v2,Somebody carry everything generation eat back.,2026-02-21,mccoytiffany,Spring shake catch with maintain page week. Program important have real.,5
db6ffaa2-a193-46dc-884a-58aff9054172,Organic dynamic alliance,Finance,4.4,4.0,True,0.0,,True,3b2dc5c2-24d6-4f82-b0cb-3ae72159ebeb,Stacy Cline,coreytaylor@jackson.com,Love LLC,8a0180396f9c7de0,v2,Marriage character several by develop might.,2026-01-04,nicholassimmons,Set miss rock everything area. Democratic at east than quickly eye.,3
32ee7875-61c0-423e-99cf-cf97abb2b726,Centralized radical middleware,Education,6.8,1.1,True,0.0,,True,d99e19df-d662-4695-a798-0ae0bc402663,Karina Vargas,boltonthomas@pierce.org,Martinez LLC,28a46e7f31a24c5f,v2,Well physical might.,2026-02-20,kariadams,My ago part. Require say painting agency travel enter increase. Less produce few wind run suddenly.,4
de1605e3-b248-422f-a2aa-57e29e948d38,Managed web-enabled software,Productivity,7.9,4.3,False,41.41,USD,True,4449f67a-1bbc-44d9-b9f9-53eb2c6f55ca,Krystal Jones,mpatterson@robinson.com,Ibarra-Martinez,92e656865249a425,v4,Than film the mind use peace chance.,2026-01-03,mbenson,Cost happen several. Him act ability goal concern Mrs.,2
62fc1917-3d9d-43b5-bcc7-a0a999b7b396,Open-architected methodical parallelism,Productivity,8.7,3.4,True,0.0,,True,919cded3-9453-4385-ad25-6735329ff527,Joshua Booker,angela42@johnston.com,Reyes-Mcdonald,726e69806efa72ec,v1,Both end law boy better suddenly probably.,2026-02-18,christopher52,Collection both consumer beautiful future production. Degree build north western letter.,3
aec31d67-2d71-4dd8-a572-8c65ce3c64a8,Pre-emptive multimedia budgetary management,Social,4.7,1.6,False,34.02,USD,True,e3233283-f4de-4307-b1a4-a512fa78fae2,Joseph Garcia,gkrause@garcia.info,"Logan, Mcgee and Ayala",646e1d4c91a10733,v2,Listen capital seat maybe bag activity magazine.,2026-01-31,zscott,Allow thus stock pretty since.,4
f6395b05-6797-4a96-bdf9-232d7ca42ab4,Multi-channeled clear-thinking frame,Finance,12.6,3.9,True,0.0,,True,ed08eacf-89e8-442a-9824-deaae7e7d29c,Jodi Jones,huntmonica@smith.net,"Barnett, Woods and Stanley",48890a5d952bc709,v2,Total international low standard.,2026-02-02,galvanjason,Several many surface range also both big. Wide each audience early middle admit.,5
32b56e10-335a-4a54-bfc4-1a892288a91b,Cross-group encompassing archive,Finance,11.0,4.3,False,22.76,USD,False,9efce6be-78ec-42e2-8b20-100867346c92,Mrs. Jessica Campbell,dianabush@thompson.net,"White, Dunn and Baker",2dacf6a46a545db8,v1,Agency tend likely condition born account.,2026-02-02,andrea46,On worry building herself operation mean century. Time huge skin pick study of.,5
f52d7a0c-fe41-41ab-83b8-a18c02b309de,Compatible bandwidth-monitored matrix,Education,6.2,4.7,True,0.0,,False,480dab06-8d3e-4287-86e0-4f9cf55a4a42,Daniel Olson,kimberly68@rivera-middleton.com,"Anderson, Owen and Alvarado",f23837a4384b9ff4,v3,Long Republican look military station surface thought.,2026-01-15,shannonmay,Might strong least perhaps now. Describe medical skill field. Mrs onto or office.,1
4354cf18-a6c9-4227-a223-64a309220d9b,Enhanced even-keeled help-desk,Games,8.9,2.2,True,0.0,,True,cb903aa8-f5fc-4fab-8348-7631fb484d6e,Sarah Howard,james12@williams-craig.info,"Garcia, Nichols and Gibbs",b3ace714c94034c7,v3,Right ahead laugh former power pretty throw.,2026-02-08,sheppardjason,Note which when third. One modern bank edge. Several around science direction range.,3
ee2eb645-fbed-4f9f-b447-9befcad19b2b,Business-focused solution-oriented functionalities,Games,4.1,1.6,False,10.91,USD,True,ebd72994-fb78-4e5f-b045-4332bb86a8a5,Dustin Rodriguez,nicholaswaller@hebert-howe.biz,"Meyer, Stewart and Santos",78a49fdc75790fa3,v3,Political face best management direction herself.,2026-01-27,callen,Us answer one result throughout their check. Beyond including whether property development reduce.,3
8372f3ef-fdaa-40ac-b8cd-b0e86241fc39,Stand-alone 5thgeneration protocol,Productivity,2.5,3.9,True,0.0,,True,0d10b1bf-e598-4506-977c-ca0997a96afa,Bryan Gibson,williamssarah@ruiz-ballard.info,Williams-Randolph,c5f2ec6fdccdefff,v5,Though court Mrs a suggest student.,2026-02-22,hopkinscameron,Six bed almost movement use. Foot form enter.,5
537f70c7-5f5d-4a94-9076-9b3f94187d35,Quality-focused explicit superstructure,Education,9.8,4.0,False,39.21,USD,True,f6edfe52-71ed-4d89-b63b-65a460065dff,Yvette Chambers,joshuaharper@palmer-smith.com,"Fowler, Dean and Davis",6150aa39bd72fdec,v3,Behavior nature from would happy author.,2026-02-22,brianfoster,All add administration college child. Fast debate action argue short question.,2
27a45686-9c1d-4cda-8485-917117074d52,Face-to-face object-oriented migration,Social,12.7,4.2,True,0.0,,False,112ae7b1-65c2-4d7d-8ebb-41cea8d99d7a,Rhonda Marshall,danielleparker@hill.com,Hudson-Frank,e6db54d03d55e205,v2,Apply vote court group experience picture.,2026-01-28,ysavage,End while who carry through heavy. Nice threat his.,4
ea838314-1354-4907-a607-9948d3f34505,Future-proofed responsive adapter,Finance,2.7,1.5,True,0.0,,False,2e0fba36-687f-4d82-aa2b-3871835c7f83,Dustin Thomas,eric86@ferrell.com,Cooper LLC,6422d27e000e50ed,v1,Risk hear computer serious.,2026-02-17,fosterangela,Yes provide everything section cup maintain relationship. We scene recently history head side.,5
078414c2-6d60-4aa8-aaaf-6126dfca74c9,Down-sized full-range functionalities,Tools,6.4,2.6,True,0.0,,False,1108dcbd-b634-4440-a287-c287d4e2f4fd,James Mitchell,christianmay@wong-wilson.com,"Hess, Martinez and Wilson",febd4bffd1ad42bf,v4,Respond forget upon thank authority exactly.,2026-01-11,prichardson,Attorney together during push son month. Indicate wait company safe resource.,5
7bb41b79-833b-49db-9685-b2b685d9b755,Business-focused explicit functionalities,Productivity,6.3,4.9,True,0.0,,False,a9eb2540-6a41-4f18-b0e7-c3e772e91d8a,Marcus Clark,zclark@wheeler.com,Anderson LLC,84fa727b9c97f839,v4,Response cold something because.,2026-01-24,stephaniemeyer,Eight discuss leave. Tell whatever try home audience. Sure for shoulder.,5
17b59929-7593-4241-b1d4-a2c052dd1473,Universal 6thgeneration leverage,Education,6.0,3.9,True,0.0,,True,72991518-e657-4cd6-b69b-ab1ced797e34,Deborah Rose,russell72@cole.com,"James, Scott and Collier",122a13a8c7d4b656,v2,Prepare more whose none claim.,2026-01-03,asutton,Her energy light soldier government suddenly change. Describe capital resource people.,3
ac0f6f27-7edd-4442-8594-fb830350e3dc,Down-sized mission-critical matrix,Social,2.5,4.9,False,32.59,USD,False,0736e638-8151-4167-970d-7068829bd41a,Cody Wilson,daniel14@hoover.net,Lee-Coffey,52dbe0d07e37147f,v1,Others country resource including big view man.,2026-01-01,delgadoedwin,Keep likely social.,3
2e9ed8ca-56ca-4c14-890a-d15ff0624238,Organized analyzing focus group,Tools,8.8,2.5,True,0.0,,False,90e6be66-d7cf-41a0-9a39-751f0c45f333,Mrs. Debra Vasquez PhD,jamesmoyer@franklin-ball.com,Gaines PLC,9695bbc1c8b02db4,v3,School plant thousand daughter hard more.,2026-03-04,masonward,Impact agree choice. Decision story they part be need government.,3
14305f44-2261-4d5b-9c34-8c6e216dd026,Integrated well-modulated success,Games,4.4,2.6,False,22.89,USD,True,1a666509-56bf-46ee-888b-83607a8cdaa4,Suzanne Gardner,wjohnson@martin-vance.com,Sanchez-Blackburn,f97d09e1a2faa6ff,v5,Face rate build all.,2026-01-03,mackenzie65,Whom live central. War trial each.,3
3fb7edc9-62f2-4392-ba8e-08d53b44f380,Universal object-oriented service-desk,Tools,10.9,3.9,False,21.39,USD,True,8fa803f5-2831-4375-aff3-b6db76c3bafc,Ashley Yates,alexander20@hansen-perkins.net,"Johnson, Martin and Mcmahon",260953e13907e19d,v3,History sometimes from store study beyond.,2026-01-06,wheelerjeffrey,Sing common central four. Cup safe small stand cover factor charge. Group scene economic.,1
e5547318-e6e2-4bfd-86b9-51e7ad4e39dc,Synchronized mission-critical toolset,Productivity,2.0,2.5,False,3.21,USD,False,c51a40da-ef1f-487e-abfc-c6576bc4906c,Timothy Burns,csilva@sawyer.net,Brooks-Bishop,4b39cf63a11b514c,v4,Cold choose in specific.,2026-02-21,danielhansen,Wait positive know start do table walk.,1
cfc953d1-d3ea-4b7a-af1e-95c95cf6d032,Vision-oriented logistical paradigm,Finance,11.8,1.3,False,43.03,USD,True,2c0495e9-1504-4637-ab59-18f6058a3cf6,Dr. Mary Reyes,julie12@klein.net,Lee-Savage,50adc1d79c7cdbf8,v2,Arrive yeah stop raise red training foot help.,2026-01-21,jamievazquez,Less various easy way. Special drive toward.,1
7248d837-c69a-4235-ade6-76330f05653f,Ergonomic even-keeled info-mediaries,Finance,2.5,1.4,False,3.41,USD,False,167fece1-9f17-4f07-a58d-df198295fafe,Justin Sharp,jody96@martin.biz,Martin-Larson,074ecaf7b33a210e,v2,Reach identify result inside line threat month cost.,2026-02-03,kristenhall,Full couple with threat no thus place poor. Better everybody realize remain state share us.,3
87372c5d-410b-4fd7-80f8-474f0d5748a5,Up-sized demand-driven throughput,Education,1.6,1.7,True,0.0,,True,0bee039d-7a29-4e5d-a546-7d2e389d4cae,Jessica Rios,bbryant@schroeder.com,Ramsey Ltd,0642cdf73963e81a,v5,Industry skill total idea.,2026-01-24,emma74,More force cut could receive although church. Community region use image open easy prove.,1
fe94ab89-edc0-44c4-8724-4f4db6ba7e10,Programmable upward-trending toolset,Tools,7.2,1.1,True,0.0,,True,4821e1b0-7fbd-4329-b9ea-d80dd431b615,Kimberly Stephens,jill89@martin.com,Smith-Dougherty,b8169d1844598c23,v2,Seem floor feel establish.,2026-02-16,kjones,Hour power pattern lawyer. Place hour age moment cold.,4
e1c95992-1fb3-47e9-8e75-c5aa9902adbb,Re-contextualized asynchronous productivity,Social,4.4,3.5,True,0.0,,True,66a79ecf-847a-4245-8e87-6485d330e7ea,Nicholas Leon,teresa96@green.org,"Johnson, Martin and Harper",71bf7b08ed41d741,v5,Right scene individual future ask.,2026-02-18,palmereduardo,Worker our case trip fear.,4
b7da9dd7-0c9b-484f-b26f-96f4bf0be92a,Adaptive mobile customer loyalty,Education,11.5,4.4,False,35.31,USD,True,2facc59c-ed12-448e-aced-e86c50be4a85,Danielle Wade,stevenjenkins@taylor.com,Jones and Sons,3f37a3cf1b1d1d08,v1,Help forget sister account.,2026-02-27,thompsonheather,White value successful. Begin time under board.,2
25763681-534a-4deb-a14a-cf837053099d,Synergistic logistical customer loyalty,Social,6.5,1.5,False,44.75,USD,False,2ee0df8e-acfa-466f-821d-6611da3e3c69,Yvette Smith,jkim@ortega-smith.biz,Lopez-Mcmahon,234a7d27edd98565,v4,By enjoy more left.,2026-02-20,brittanysantos,More learn machine although back similar anything. Arrive store must country determine.,3
599dbaae-2ae3-4c39-a0b9-65669998b4f8,Realigned asymmetric Internet solution,Finance,10.9,1.0,False,37.99,USD,True,ab455a79-94db-4400-8894-b58d949ebc94,Terry Mcdonald,fred42@stephenson-moore.com,Townsend Ltd,b2ec00a79a17bf1c,v5,Television audience poor analysis field him pressure.,2026-02-06,oliverjustin,Apply the despite seat. Today land voice prevent son organization.,1
0b264c7e-9c58-45ee-ae25-afb5c98f73bd,Cloned intangible concept,Games,9.2,4.4,False,40.23,USD,False,663dad3a-3c69-45f4-a929-01d42ffbdf0b,Kevin Willis,kathleenmiller@rivas.org,Martinez-Cooper,a26f253cef68ff58,v2,Conference mention sister bill forget.,2026-02-18,sloansummer,Leg charge laugh appear.,2
5f07c0b1-dc52-4ec7-bf1b-052961f58abd,Team-oriented intermediate neural-net,Tools,5.2,4.8,True,0.0,,False,d14cbdc0-1478-4597-acf5-06f75b964960,Richard Maddox,chris24@williams-hill.info,Wade-Estes,c9548c5e8ea8609e,v5,Reveal indeed administration than.,2026-01-29,wbrown,When peace test prevent. How series hand much.,2
397c72e2-2971-477b-a505-ee1ff247ed7f,Upgradable user-facing process improvement,Finance,10.3,2.4,True,0.0,,False,c194c7b6-a171-40f3-ae69-9f734bf739a8,Jenna Ayala,laurenmyers@jennings.net,Dunlap Group,982f047d7359f265,v3,Gas game wrong kid spring region.,2026-02-14,jacobowens,Against media forget else bit. Billion stay nation fly something.,1
3c867ab9-3b67-4538-8197-428e817919cf,Reactive uniform approach,Games,2.9,1.2,False,11.37,USD,False,da960c44-ee63-4c38-a44e-34c5e0704543,Christopher Ruiz,bakerdavid@rodriguez-koch.com,Harding LLC,9c2523b3aa340a52,v3,Stock my central TV letter plan local.,2026-01-08,mjenkins,Finish suggest ahead draw my pull store. Land kitchen particular kind fish.,5
90e5c734-1be4-43b0-b055-9fc53b2d25fa,Cloned fault-tolerant knowledge user,Games,1.8,1.2,True,0.0,,True,74c8b358-f8f9-477b-86f1-229e6a05c2f9,Ashley Gonzalez,amandarussell@cowan-nunez.com,"Mitchell, Murphy and Goodman",c05550c530272aec,v5,Everybody candidate join least.,2026-02-25,davispeter,Visit along director business. Step tough offer factor reflect fine stuff amount.,2
6301749a-70b7-4c26-8292-446ec61961b1,Right-sized discrete budgetary management,Finance,2.1,1.6,False,41.77,USD,False,233ccadf-4302-4919-bc55-fc0f1c0f781d,Kristen Gonzalez,brian02@dyer.com,Douglas Group,20b498d096b5affe,v1,Image right minute car military dog of place.,2026-02-05,davismatthew,State teacher paper sport. Sort can ball beyond office.,4
0ca2b99a-d700-4eac-a566-56d8b37165d6,Open-architected multimedia access,Education,4.9,1.6,False,33.53,USD,False,b4d0744d-24b5-4553-a5b1-e6a386d8955a,John Harris,mendozaellen@saunders.org,Flores Inc,ebef456a77bf1428,v4,Blue manage baby within ever let dog.,2026-02-18,nstevens,Go democratic ten single every smile game. Prepare usually another third want business.,4
ae15b6ac-0f4f-448c-a439-7986cbffa0cf,Innovative attitude-oriented approach,Tools,3.2,3.7,True,0.0,,True,72e14b99-b1a3-44df-bd77-59bb2613de43,Mathew Keith,kaitlinmeyers@howard.com,"Chase, Dawson and Farmer",ef077207f6c2ed3a,v5,Last public but strong through.,2026-01-27,jacobgutierrez,"Also nothing drive write.
Where us watch system oil. Suffer end start small term.",4
21abadd3-990a-4276-9a35-2805f0c0aef2,Extended incremental concept,Games,7.8,3.2,True,0.0,,False,83d88b48-767f-4517-af56-cdba4506339b,Jeff Park,jessica54@smith-peterson.com,"Walker, Williams and Chavez",e227297ae9c9df73,v1,Candidate drug election clear north return contain look.,2026-03-02,emilysmith,President American she Mrs may key. Source role adult.,3
bbc81ee8-f11f-4cb4-8365-79d987e3a08e,Multi-tiered interactive concept,Social,4.8,4.0,True,0.0,,True,8aa51a88-9906-406b-8928-2a1f339d75d9,Jennifer Gray,jonathanrosales@nguyen.com,Stevens-James,83f481db8aea9447,v5,Church send time whose set.,2026-02-26,hobbsangela,Sort agree edge and card PM help foreign. Draw second every better same.,5
2436dd9d-f2fb-479c-880e-b3b189263893,Compatible hybrid contingency,Productivity,5.5,3.6,False,18.48,USD,False,85f6da43-5f0a-494e-9ee2-f63058faeff1,Austin Francis,vflores@wright-phillips.com,Rose PLC,24687bda059ea980,v4,Rather chair prepare blue city might.,2026-01-22,keith20,Education form take. Dark same increase reveal personal. Heavy become respond or someone.,4
dbe8d644-9db4-4704-801c-f70f83d319fb,Virtual secondary paradigm,Finance,7.5,3.5,False,8.38,USD,False,dbb42b47-dc17-4ab6-af9a-565bcb31c3d8,James Ferguson,gilbertrollins@richards-doyle.com,Roth-Townsend,0a4959b56f5c288d,v3,Body less today accept which every less.,2026-02-02,csteele,Color two identify training cup set action. Reveal common black lawyer.,4
df9d3cd2-f913-46fc-89e8-581d3e4363bf,Reduced well-modulated system engine,Tools,6.7,2.8,True,0.0,,True,db17e994-01a8-4ded-8b5c-f4cac1424e17,Tracey Owen,ashley16@campbell.com,Huffman Ltd,088596bdcd23c2b7,v1,Wall dinner sit nor.,2026-01-27,charles87,Think doctor report environmental. Fear personal Democrat trial.,4
5a80c299-de39-42b2-9e89-40cb9e67e7f8,Visionary optimizing firmware,Productivity,4.6,4.9,True,0.0,,True,93a33ecc-30a5-488a-9fa6-879755a2cbf4,Jacqueline Hubbard,jacksonsabrina@grant-blake.com,"Stein, Mccann and Turner",46a8a86b6fad8fcc,v5,Vote itself join result on.,2026-02-08,alexkelly,Resource or wear. Brother number game pattern career. Never poor a subject.,2
6b0d936d-44b2-4049-984b-1efe3136eade,Phased motivating open architecture,Finance,12.8,3.9,False,13.18,USD,False,195679b6-8443-48ba-8c5c-0099427f18b8,Susan Bennett,sierra58@smith.biz,"Davis, Sullivan and Miles",58e79bb50c3592ef,v1,Hot interview behind beat.,2026-01-19,moodythomas,Myself computer allow example. Republican into major control. Room president plan.,2
9f5cc706-9df8-4cad-ac5d-714aa9fe2d94,Managed contextually-based archive,Finance,12.4,2.7,True,0.0,,True,6f66ac3d-5f72-401e-8304-e46407a64ba3,Sandra Taylor,jamesharris@lynch.com,Brown Group,f77f04f349b6b4d8,v5,Fall catch cause senior one eat board.,2026-01-20,ericmclaughlin,Candidate save you listen every draw. Few in artist shake name.,2
3a7488c0-7a8a-46b6-b567-664a2b9edfe7,Multi-lateral dedicated instruction set,Games,5.5,3.3,True,0.0,,True,50f8858e-ca53-4ba9-ba73-dfa36a011a1b,Justin Lane,perkinscurtis@wood.com,"Kidd, Young and Lee",bd92d0d63fa363d6,v5,Early compare visit.,2026-01-06,paul07,Apply recognize hard in that approach sell.,2
8afe3b3f-6ad7-4866-8eb8-485a15e5f17b,Networked methodical installation,Tools,12.8,4.0,False,43.64,USD,True,4dda8545-7d2a-48b8-9f48-f716ccd7d930,Raymond Mccormick,edwardsleah@smith.net,Adams Group,9b0250c910c89c18,v2,Edge leave fear strategy.,2026-01-13,christopherfitzgerald,Single realize just blue less memory throughout. Value allow possible could their remember.,3
686c83e2-4a76-48a5-92dc-c3fc47e9c382,Open-architected regional support,Finance,1.1,2.1,False,35.2,USD,True,f5edb996-818d-417f-aec5-7b261672817d,Michelle Gray,mark53@reid.org,"Lee, Hernandez and Brock",afe6bb8e5470409b,v2,Market always man decade citizen.,2026-01-17,charlesmartinez,Audience score line travel nor. Huge animal month plant foot us.,3
24f0d43a-48a3-460e-96c7-3dc57b021c2b,Enhanced zero-defect pricing structure,Education,2.1,4.7,True,0.0,,False,23c58ec5-c711-43ad-8cad-82d0923cda96,Brandy Wilson,wheelerjoshua@anderson.com,Thornton-Ross,684811555385e5c0,v3,Claim fund past worker say.,2026-02-13,lisaharris,Respond fund road phone southern. Skin whom own through food myself read. Trial arm end.,1
7513dfd9-0e3b-414b-8076-d4c1521a7aa9,Reverse-engineered foreground moratorium,Education,6.9,4.8,True,0.0,,True,cb489dd8-70dd-4155-ac6a-7c54c7bc3b74,Lisa Madden,anthonyherrera@lang.com,"Fletcher, Manning and Moore",81b0fd1aea9f8a46,v3,Action behavior thank another.,2026-02-19,scottcrystal,Catch artist bill. Situation bad money evidence.,2
dc2e6f88-a306-4cf6-adae-febb85096b19,Profound user-facing support,Games,3.5,3.6,True,0.0,,True,152c39f0-e309-40f4-9bbd-3c459f80e537,Robert Duran,robinsonrebecca@parker.biz,"Thomas, Kelly and Johnson",59b631165ac616ab,v3,Blue little and month trial art.,2026-02-02,rebecca24,Still reflect act cup technology interview. Mind perform college his future never general.,1
bf2087b7-3c49-4f8c-8635-a95fc85965c3,Integrated next generation support,Tools,10.6,3.0,True,0.0,,True,ed247e6d-b407-49b5-9f59-30c484bd8ce2,Angela Weaver,adrian01@brown-ford.com,Pugh Ltd,182e56e2746f4104,v5,Find look common research rise nature imagine.,2026-01-23,vking,Hot approach dog. Billion issue spring.,2
173caa3e-150f-4fcd-acb0-40ea235d9331,Inverse clear-thinking neural-net,Finance,8.5,2.5,False,39.66,USD,False,a2b6e65d-aadf-40a6-a0c5-c776db894f9f,Brian Lewis,lherman@davidson-williams.org,"Collins, Mack and Keith",a26b429d06256252,v4,Fish know economic law.,2026-02-23,sharon59,Arm program beautiful minute could interest. Customer street certainly.,2
9bb51213-6112-42a7-985e-3898b7f46d18,Ergonomic impactful policy,Games,8.6,1.6,False,13.84,USD,True,d93676ac-91ad-4e24-9e37-56a349f56fb7,Mr. Jeffrey Turner DDS,christophergomez@li-craig.com,West-Alvarez,24d885aae934a989,v5,Throw determine support character along lose believe.,2026-02-13,jenniferjohnson,Staff because million guess cover blood might. Together final six according.,5
257763d8-8a7c-4f74-a891-0e17b8d4e609,Robust dedicated encryption,Tools,1.3,2.8,True,0.0,,False,f3c37eb8-2897-4c48-89fd-a70c58537872,Tracy Alexander,nwilliams@fisher-clark.com,"Pope, Howard and Russo",b27663a544098028,v4,Seat age decision some.,2026-01-02,davidmann,Sit everyone eight. Institution own shoulder score such. Contain way level bag food.,4
0151ce9c-4e2d-49ab-995e-db6732d759a0,Automated web-enabled challenge,Productivity,10.5,4.8,True,0.0,,False,f3a88666-7b27-4882-aca1-47f4cb8e3abf,Amanda Bush,timothy66@young.com,Hart-Sloan,81d612268b106d9d,v5,Treatment hope fine fill window free relationship.,2026-02-18,lsmith,Food chair perhaps authority. Major story participant mind machine way.,2
1fa690b3-9bff-4b55-a437-af04d7d39a30,Monitored systemic complexity,Productivity,6.9,2.8,True,0.0,,True,85c04cfb-7ca9-4aad-892d-aacf57116dc4,Natalie Griffin,brooke72@davis.com,Ferrell-Petersen,ed9a2a6984f896ac,v4,Their great someone.,2026-02-10,thomaschapman,Network billion find economic movement.,2
30609cc8-e8d8-452f-b624-d4fc88896574,Versatile user-facing methodology,Games,2.4,3.5,False,19.65,USD,True,192248f3-2130-4a35-8955-4868c556e024,Sherry Hoover,wpowell@wallace.net,Cooper-Hartman,c91fa908c3f3b1f0,v4,Three together material feeling heavy eye.,2026-02-03,robertrios,Impact trouble meeting economy dinner clear.,3
5cbdf426-fa02-4a85-99c0-20c8a1e6fe1b,Enterprise-wide tangible frame,Finance,5.5,2.6,False,34.97,USD,True,b3cb05e4-e945-43b5-b790-93e8a04642eb,Tabitha Lewis,kfarmer@munoz-blackburn.biz,Farmer Group,7826f76f13e16e8d,v3,New cut money will art thank again.,2026-01-12,hahnwilliam,"Enter green account task either.
With marriage finish or water. Language smile them south.",3
c0dc35ae-d0f3-4afc-a2fa-7abfe94f0de5,Stand-alone leadingedge moratorium,Social,12.8,3.3,True,0.0,,False,26c71c01-972c-4e01-b420-1cdf0b6f4de8,Logan Johnson,kellysmith@huber.com,Andrade Group,e393373931118cd4,v3,A light executive sense vote every reduce.,2026-02-26,jerrymiller,Opportunity model model young perform energy wife. Do safe program cost bank pressure heavy.,2
b127b55b-5094-44b2-aea4-c6122b9ec028,Multi-channeled asynchronous policy,Tools,2.8,3.5,False,16.32,USD,True,6434700f-d7cf-4946-9248-92b23b85203b,Samantha Howard,garrisonanthony@king-smith.net,Compton Inc,8a77417001457d7f,v2,Huge safe traditional should.,2026-01-14,richardandrade,Miss particularly possible cover out put out mission. Teach store couple.,3
80b7716a-4419-49d2-85be-0017e15676e6,Implemented incremental task-force,Social,2.3,4.4,False,44.57,USD,False,6e110d38-dc33-4407-929c-40ff8aac9cf4,Wanda Horton,saundersshannon@harris-stein.com,Moore-Zamora,aa4ed869c2cb0f95,v4,Break real lot there challenge return nice job.,2026-02-01,xhorton,Tell kid environment garden finish. Thus employee represent north over. Treatment own edge near.,3
a9688afc-df6d-4ce9-bbc1-6f82246dc3d0,Progressive 4thgeneration contingency,Social,11.2,3.2,False,2.16,USD,False,03ab07fc-3045-46ec-9b80-d4f206afb82c,Danielle Thompson,zjohnson@wiley.com,Alvarez-Holmes,adcc5dd8797c4049,v3,Meeting finish individual despite.,2026-02-16,laurenbennett,Me too research. Note act truth black deal list color. Million born court ever wear western.,5
d27b410c-43e2-4fc0-9002-529a51e912b9,Innovative holistic core,Education,8.1,4.1,False,41.88,USD,False,56c4ab8b-14bf-44f7-8648-8cdd41c6e202,Patrick Henderson,michaelvalencia@black.net,Gray LLC,af7e8d174b98d504,v3,Reach relationship recognize of which.,2026-01-25,omoon,Describe instead also shake where throw. Apply price church protect soldier create maybe.,1
32748e0e-65f5-4587-8c1f-49449c823b6a,Synergistic 24/7 toolset,Games,5.0,4.9,False,40.06,USD,True,ef5f84da-9180-4a22-8f62-f8fe1fda1df6,Tiffany Simon,brucewaller@dalton.info,Torres PLC,5640bff8c7283fa5,v1,Determine note throw become.,2026-02-27,meagan84,Record stay operation police check four staff wife. Friend recently goal mean much together dream.,3
c169fa91-fa58-4d84-a5be-9f300405e13c,Profit-focused incremental emulation,Social,2.7,2.1,False,21.2,USD,True,da2cc004-b963-44ac-8c0b-b0e54381a91b,Tyler Rodgers,johnsonkendra@doyle.info,White LLC,6c7d12af07cf2f49,v1,Edge produce information good.,2026-01-30,alexanderbass,Fill about seek majority. Control anything table plant woman. Seven listen situation national.,3
b72189fa-39da-41cc-82d2-b1d679c34e5f,Distributed systematic software,Education,12.4,4.1,False,46.71,USD,False,5a9f3dd6-faa0-4962-a19c-c587d4434cea,Kimberly Johnson,whitevincent@waters.com,"Gonzalez, Mccormick and Wilkerson",65063ffe764d03e1,v5,Drug here medical.,2026-03-02,michaelpierce,Your the wife admit.,2
8abbaa94-8522-42c5-bf39-2b5821a8c102,Polarized asynchronous implementation,Education,9.4,4.1,False,8.95,USD,False,18669ee3-15eb-4157-bbd1-e71c12d8bf79,Tiffany Baker,anthonymccann@morris.com,Ward PLC,1112d98e16fbe672,v3,Enter member opportunity rise.,2026-01-14,katherinemacias,Look mention heavy something long. Suddenly food project none already eye.,4
8670e42e-9e54-427e-bb9d-ccb87b51de30,Re-contextualized non-volatile matrices,Games,7.8,3.5,True,0.0,,True,1800e28e-7393-4028-bb84-d54fed2c4a9b,Michael Hunter,dwelch@miller.com,Vaughn Group,38af816f50f78590,v5,Majority something research.,2026-01-20,kennethsanders,Draw where stage more manage. Notice consider cut safe her perform.,2
93da9ced-973f-4b93-bd4d-4cf2f91b6460,Streamlined tangible archive,Social,12.9,1.7,False,33.03,USD,False,477074bf-9adb-49bc-bdbe-a217d88d6632,Beverly Brown,hphillips@fuentes.info,Marshall-Salazar,a86c259c599b4ad1,v1,Thing history shake money whom protect.,2026-01-10,ian94,Free alone red energy sing fine land performance. Bring threat PM rate.,4
dd618fd9-c33b-40d3-bbb2-1ba5cf537ab2,Cross-platform responsive hierarchy,Tools,12.8,1.0,True,0.0,,False,c101169c-dd29-49eb-b1e0-faecabb92d10,Hannah Jackson,geraldyoung@turner-rush.biz,"Marquez, Hansen and Davis",6c6a0fd0bb17dcd3,v3,Collection site bad.,2026-02-19,flong,Not network compare particularly. Season approach general recent seek century.,2
7a47290e-b0c9-4855-ab9b-2976d884a807,Synergistic analyzing orchestration,Tools,12.8,2.3,True,0.0,,True,65cff853-d63a-442e-acfe-6ebe957b4cf5,Lawrence Carr,anne59@francis.com,"Sampson, Mckinney and Reed",c76d5a413c16db17,v5,Site leave pressure bag agreement huge happen add.,2026-02-28,wstephens,If fund about rest too city far process. Military scientist town probably see.,4
78bb75a8-5874-4ad1-93d2-bf48d0065330,Streamlined national process improvement,Social,2.9,1.4,False,5.32,USD,True,2f1f17c4-1bf2-419e-9405-ae2cf1a7f244,Jeremy Roberts,hannahnguyen@espinoza.com,Jones Inc,b5ad03d471697e70,v5,Which leave art today enter describe.,2026-02-24,michael09,So travel establish spring character wife speak. Good thank walk painting indicate general.,5
8d135cc8-14de-4fbc-9001-8aca97ec2901,Synergized holistic initiative,Social,4.0,4.1,False,2.32,USD,False,9d3fd7ef-38e7-4bdf-85af-5f3bc6964035,Roberta Williams MD,afrench@howard.com,Flynn-Woods,4d3e0a9f1f937736,v4,Whether impact air any experience imagine man.,2026-01-01,harrisdawn,Interest southern purpose become adult force back. Watch speak wrong difference term.,3
927e2fbe-491d-4215-bc0f-84e4f17a488c,Triple-buffered web-enabled core,Finance,8.1,1.3,True,0.0,,False,2a8f8817-8374-4fc8-b2fc-560c5808f068,Adam Palmer,kimberlyjames@johnson.info,"Woods, Wallace and Valdez",da7310c391ba49c2,v1,Protect civil where lose environmental participant.,2026-02-23,fward,Type itself three buy word company some. Pressure indeed attorney car game outside.,5
7a51aee9-1e59-4ea4-878f-a8b7bbf434b1,Down-sized 4thgeneration installation,Finance,10.6,4.0,False,22.95,USD,False,b09af172-9ad0-4c65-ae39-20188aa01a22,Cathy Coleman,smithtammy@nelson.net,Bishop-Tapia,cec7264a3bce328c,v4,Learn avoid mother realize carry glass require.,2026-02-22,nathanmitchell,Forget and office decide usually your third yard. Evening turn seven eye movement page.,3
32c2d04c-2263-4181-8e58-ae870b452ab0,Extended foreground installation,Education,5.5,3.2,True,0.0,,True,9c245b4f-a07f-4b5e-83ef-eb8b2986f436,Ashley Holland,ylawrence@rhodes-anderson.info,Shaw-Thomas,0e3e12d58a19b100,v4,Act bit point body man green major.,2026-01-27,david70,On nice radio west right beyond.,2
e1c14f63-7717-4a07-a596-bb1a704c6d42,Open-source foreground array,Games,7.5,4.6,False,19.35,USD,True,80743156-6a7c-4a6c-93b7-d8cb0dd4ba6e,Rachel Bass,chelsea20@lee-white.com,Brown-Holland,587eb43bbf511e0c,v3,Section would think will them bit.,2026-02-27,chadkelley,Nearly month girl mean early bar price religious. Statement save million side little answer feel.,5
4df79bc3-93e5-40bb-a867-f5a36963cf92,Optional human-resource Graphical User Interface,Games,11.9,4.8,False,1.99,USD,False,db4602f8-4a72-41b2-a991-d6440c92933f,Sarah Reyes,wbooker@gonzalez.biz,"Fox, Ramsey and Woods",4c31d18523fac6b1,v1,When move assume difference suggest.,2026-02-26,moorecarl,Purpose actually Mr face deep since probably. Care least board form though. Will nor wind.,2
78558d65-f60c-43cd-8493-c5ca8beb4fbd,Realigned context-sensitive support,Finance,8.9,1.1,False,47.56,USD,False,13caf39d-9964-4fe6-a4a4-181107e9b5bb,Joseph Burke,patrickdennis@silva.com,"Harris, Hebert and Turner",ef9490aadfb46760,v2,Author key management exactly.,2026-02-15,briankeller,Before high condition. Necessary peace hot century thought.,3
3bafca59-f80b-4872-8c42-ae02c8025061,Sharable demand-driven migration,Education,1.1,1.5,True,0.0,,True,03777fe8-bed8-441a-a749-1508111b9253,Andrew Villegas,parrishethan@acevedo.com,Moore-King,709f8fdc2d8c4ee3,v3,Measure happy wear bad.,2026-01-03,andersondanny,Across two student at arrive include wait. Ability indeed hair exactly.,2
6ae807bb-002b-4478-90b9-4b3e4687cdc9,Integrated next generation monitoring,Social,4.6,3.7,False,9.71,USD,True,5a79f010-3ed2-4e53-b690-96e17c81e7e4,James Hall,bennettmicheal@gutierrez.biz,Moore-Harris,181a44431f814a59,v4,We born time respond.,2026-03-04,rblair,National democratic miss than part. Up page no. Skill course accept policy describe be foreign.,5
81f6732c-08df-4ebb-b1a2-a44dd6097ec7,Grass-roots client-server toolset,Productivity,1.4,4.0,False,16.89,USD,False,b9fa19bb-4931-4e8a-8a43-ab25ad20c756,Lisa Payne,curtis12@salas.com,"Chen, Good and Butler",d0312d59cb5db54d,v1,Require visit many woman.,2026-02-03,underwoodheather,Set behind six must second seem much detail. Anyone this report experience.,1
889d2d9e-2d32-4ca9-b875-ad94b37afcd3,De-engineered non-volatile firmware,Finance,4.5,3.9,False,21.02,USD,True,b1b3f643-646c-452c-8962-18ad9efe32fa,Veronica Russo,cclark@baker.com,"Perez, Savage and Hull",e86cf569b89e0909,v3,Democrat remain who sense.,2026-02-12,johnsonrussell,Fall whether open take. Town stand player rest have.,1
6bc0d3cd-7308-421f-892f-131f57fd47c9,Operative incremental hub,Education,4.9,4.9,False,26.77,USD,True,d8da862d-e422-43a7-a569-25de538c4add,Tony Wilson,nataliewilliams@martin.com,Green-Hansen,9a5962bbd6d0c619,v2,Begin case appear plan back.,2026-02-25,esteskathy,Dinner kid game risk laugh less later man. Reveal cover few.,2
3171c9ce-1f17-4145-aff4-0733de6de145,Fundamental discrete protocol,Tools,6.8,3.7,True,0.0,,True,58658fbb-2109-422a-962e-ade202a92007,Samuel Davis,thomasdaniel@mejia.com,Johnson-Roberts,5d224fc365f52771,v5,Bank building huge father next pick.,2026-02-02,brian68,Just account identify population issue officer. Beat church contain sort moment rest father.,4
e80c0558-5a98-469a-92ec-43e6de3a92a7,Monitored global conglomeration,Tools,6.2,2.7,False,20.6,USD,False,fc3b0209-4d5d-4ea1-81d5-bff126be0dd8,John Mason,fhernandez@oneal.com,"Norton, Rodriguez and Melendez",bf6d067ed6b57cfc,v3,Body according movement.,2026-03-02,heatherfarmer,Along open agent stock provide reason hotel.,2
b8a67a24-bc79-4be1-a437-62050889eea1,Focused interactive emulation,Games,3.4,4.5,True,0.0,,True,3a6d0c4c-a358-4fd7-8712-ac3fde1d8a6e,Pamela Torres,maureenmoore@yang.com,Lopez-Porter,71cb28f6b9538609,v4,Out two foot son adult see suggest.,2026-01-18,alexismclean,Create near suddenly full. Hot also few of along risk first. Something seven it effect mother.,5
c19bc1dd-4ea9-4f9f-9aec-cc9ab5f92439,Versatile scalable function,Productivity,10.6,3.9,True,0.0,,False,004bc6d9-abbe-4e82-aa7d-ef4bd1a93791,Dennis Lucas,sherylhoward@cruz.com,Davis PLC,49c2c7fe218b7e4e,v4,Fast land prevent note friend more whether drug.,2026-02-18,tiffanyjenkins,May grow whom end weight mean.,1
6cc1871b-1e92-454e-ba7c-ea53369a78dc,Versatile intangible help-desk,Education,3.0,4.3,False,16.28,USD,False,66228c5b-02ed-4d11-a366-7eeb3a9a53a9,Dawn Thompson,amanda42@johnson-shields.biz,Gonzalez Inc,1d55d710d1cf9c89,v2,Trade its center style song heart most my.,2026-02-22,pottsstacey,News whom any image hour hear sometimes weight. Enter reality four attention.,2
ce0e682e-9f0e-40b1-b590-becbd8d3bf6b,Open-source impactful encryption,Games,4.3,3.2,False,1.88,USD,False,e47bf748-f0b8-4707-a32f-06787eb2ca77,Brett Huber,rkane@caldwell.info,Reynolds and Sons,4ca54cfb4bfc476f,v2,Western care down keep.,2026-02-08,katherine67,Hour work throughout collection seat wear. Top everyone nature social truth.,2
fba43d5d-8b7b-4d29-b767-8901ac0b8b5e,Focused static projection,Productivity,1.1,4.6,False,25.25,USD,False,6b5beebd-7b53-4a5d-8ed4-5c97c84cc5ae,Amanda Diaz,ricelinda@dixon-hart.net,Buchanan-Watson,ff859a049f8bd07a,v4,Heart later road watch.,2026-01-17,faulknerheather,Live very her after look.,3
2f2df189-a315-4155-8c65-90c5be33394f,Digitized solution-oriented Local Area Network,Finance,12.3,1.6,True,0.0,,False,c5693855-b70d-4693-807d-8d24b5283d1e,Jeremy Frost,laurenbell@williams.com,Juarez Group,36bcfc935d361e99,v3,Executive describe peace decide from discover say.,2026-02-22,georgeclark,Along lead education add prepare. Risk send may picture body assume.,1
19cf2495-93b1-40b6-8e8c-d57646799d3b,Devolved optimal customer loyalty,Education,11.5,3.3,True,0.0,,False,971d19f1-b332-4c95-b6c8-26988b877177,Megan Glass,hmoore@cervantes-knox.org,"Smith, Wright and Johnson",784788ad8f7d5dfd,v5,Step particular others word effect report.,2026-01-07,martinbrown,Month movement edge. Product former deep message bag why hotel.,5
3589509a-2699-4c11-b910-9969e0b324e2,Distributed non-volatile firmware,Tools,5.5,4.2,False,34.74,USD,False,f4f6c8b3-2d18-4c64-a5da-0ba6cf045091,James Phillips,jenniferraymond@vega.info,Dyer Ltd,67eec5f53f8b39fb,v2,Often agree be power thus suddenly.,2026-01-08,ericwebb,Too choice early. Old eight here society democratic learn without. Remain paper language others.,2
08be6879-503a-44b6-9e25-80efb58be488,Polarized contextually-based neural-net,Finance,9.6,3.1,False,42.55,USD,True,206c1674-dba1-4504-a15f-b59d2fa79999,Kristina Mack,douglas11@donaldson-vaughan.net,"Warren, Bartlett and Mccoy",1f8bde440f380ca9,v2,Somebody why pattern letter.,2026-03-01,hurleywilliam,Role the save two. Field ask opportunity lay.,1
bfecea99-721a-4308-a19a-977442a30aa9,Exclusive 6thgeneration hierarchy,Finance,12.8,1.5,False,28.9,USD,False,e38b79e1-50f6-4a61-bc41-6ab84a271c8b,Brittney Bray,villarrealcaitlin@hill.net,Johnson and Sons,95268953b645c7ef,v1,Hit water not wall.,2026-02-24,ycabrera,Must behavior hour economic example.,3
a66ad658-d6f1-4140-b1e3-7effa14ffe36,Configurable human-resource instruction set,Tools,5.6,2.3,True,0.0,,True,0535a657-4781-4f01-80f0-9ca06187ca42,Jennifer Byrd,xscott@camacho.org,"Sullivan, Sanchez and Holt",f85d883afde7e370,v3,Better have next newspaper.,2026-02-20,natalie78,Fly result under pay road protect if. Join decision growth well.,3
ebf4f853-85a6-4524-a60d-b8ca05d49090,Multi-tiered even-keeled interface,Productivity,11.1,2.9,True,0.0,,False,2081c737-1ae2-40cb-90c9-9ff93f526a3b,Micheal Rogers,david87@bell-simmons.com,Gonzalez-Campbell,db80cc658958e1ab,v2,See because figure culture.,2026-01-14,qlane,Physical take nor story total. Across take learn within. Attack maintain culture try fill.,3
eb6e5e98-3853-4db4-985c-a76b6403fec2,Decentralized fresh-thinking groupware,Finance,2.2,3.5,True,0.0,,True,611b71da-e6e1-48e3-bc85-08d82b2d5490,Brandon Caldwell,bwilson@johnson-contreras.com,"Ball, Perez and Oconnor",7a64cedfd40a0982,v3,Piece skin language skin rather rock federal.,2026-01-29,bblair,Economy prepare behind art. Team plan focus nothing threat.,1
2f1ae8fc-77fe-4a2c-b450-d0bc22d0c4dd,Operative motivating standardization,Games,11.1,1.3,False,48.98,USD,False,35799b28-f847-4bce-8eeb-ed31aeb008af,Susan Flynn,ian54@simpson.com,Clark-Gibson,84c42da6ecb52db8,v5,Loss knowledge practice your ahead star upon.,2026-02-06,lvasquez,Increase yet pull. The class series race history himself board.,5
33de7226-d820-4019-8a65-adb6bd95d856,User-centric asynchronous functionalities,Tools,8.5,1.3,True,0.0,,True,717f1596-0874-4116-9025-0cb07147594e,Casey Clark,mitchellpaula@cardenas-young.info,Valentine Group,1326768f1f24dec1,v3,Alone box interesting imagine during watch red.,2026-01-09,andrew92,"Community bit response back.
Player people note well. Her those night much.",2
39eb1ebe-5fbd-41a0-a72b-f57c9728ad79,Down-sized transitional challenge,Tools,8.4,3.6,True,0.0,,True,f085a6ea-2e4f-4fc1-89f5-cfd65bcd166d,Dylan Lewis,jason78@garcia.com,"Wright, Duncan and Patterson",0a4b048ebcf9f89b,v3,Television even wear successful become some gun.,2026-02-22,jeffreyreed,Note community tend situation. While me face central.,2
191379c8-9c50-4f14-8e38-20aae396a83d,Quality-focused mobile firmware,Games,9.5,1.6,True,0.0,,False,6bbcdd52-f46e-4d03-b3f3-acc8f5550246,Michael Jimenez,catherine50@holt-smith.com,Steele-Sanders,e5ffed09c99e8691,v4,Thing trial coach operation ahead.,2026-01-07,rkemp,Different adult follow her campaign toward radio. Reality significant business father front.,5
ecaa36bb-aa5e-4477-8306-729371386c7f,Total multi-state time-frame,Tools,12.9,1.5,True,0.0,,False,6244ec42-f36c-47ee-92c9-ee31d4221396,Andrew Horn,emily75@roman.com,Hoffman and Sons,7b6f174998f3461e,v2,Four a agree cause scene structure.,2026-02-13,tashathomas,Budget wind sea other natural. Would check than letter.,3
dd11864f-941e-44b4-9028-c3f3e458447b,Reduced 6thgeneration extranet,Tools,6.2,3.8,False,29.86,USD,False,3f2e2b28-55c0-4e50-9b75-35e545228d18,Melanie White,ohenderson@harmon.com,Kim-Alexander,aecc5659d44f0c79,v2,Loss situation own whose.,2026-03-04,nathanle,Office career reflect later mean woman. Explain general wind opportunity.,1
41d8043d-f09a-44cb-a093-45678cccbd0a,Face-to-face homogeneous projection,Finance,4.2,2.4,False,27.73,USD,True,8f8a3a64-baff-4631-998a-6d887dfab30e,Catherine Petersen,amandamalone@cook.com,Lopez-Wang,97027041b76adb3a,v3,Peace all back five.,2026-01-03,corycollier,Skill start me wear. Himself activity enjoy people street raise. Card series movement.,2
996f736f-9a4a-4705-8d7d-f722552787ef,Down-sized executive application,Education,10.9,1.7,False,33.21,USD,False,f6acc690-a278-45d1-ba82-8704584ac4bd,Elizabeth Smith,manuelcollins@smith.org,Bennett-Foster,8a544814cb636a9a,v1,Bill under cut pay Mr.,2026-03-03,cynthiamarshall,Too information way ahead free attack.,3
39f0887c-ea23-4b0d-aafc-2dbc40d7000b,Cross-group foreground encoding,Productivity,4.5,1.2,True,0.0,,False,a83bd18c-897b-4e81-b3fd-6ec99e99d735,Amber Alexander DDS,sarahwhite@dixon-gonzalez.net,Flores Inc,ecd785ed04c8e544,v1,Magazine sell cup possible bed food.,2026-03-05,tranamy,Rate despite poor represent participant cover pass. Never industry space economic network.,2
3ac90245-bd9c-4ff6-b49c-12daf02b217a,Future-proofed analyzing superstructure,Tools,11.4,3.4,False,8.02,USD,True,dfcfd463-5752-4298-b9f7-c03672c23857,Vanessa Davis,melissa09@brown.com,"Padilla, Bryan and Silva",80d7f80f09718ccc,v1,Million hold once character everybody no.,2026-02-15,jacksonkevin,Operation environment example authority among author now.,1
8f417e28-8c1f-4d09-a974-ea367611ab04,Re-contextualized real-time contingency,Finance,7.7,3.6,False,42.42,USD,False,eacb45d3-a0f3-44fb-845e-e428fcdd4976,Kiara Willis,wilsonjennifer@lindsey-lee.com,"Khan, Hunter and Smith",ba3a54cc440cc5d9,v3,Century smile power news.,2026-01-24,russelltaylor,Edge help fear garden test. Whatever response break over what know happy evidence.,3
594ac56b-6c8e-49b6-bd48-e17f35650ca2,Object-based fault-tolerant matrices,Finance,4.0,2.8,True,0.0,,False,ebd923f7-8230-405d-baa2-2b449ec2a18f,Candace Keller,summer60@miranda-irwin.com,"Dennis, Miller and Gordon",f28739310798bbc9,v4,Us own lot true.,2026-02-20,abbottalyssa,Ago should forward it cut some exist.,5
52af5eb2-8ed8-4158-8136-a3bda6746d82,Public-key secondary concept,Education,8.1,3.7,False,8.34,USD,False,f7cbb8e0-9382-4fbc-893e-6c5b5e1d6a6a,Jennifer Delacruz,eochoa@lawson.biz,Hall LLC,5430deda24a85a28,v1,Moment west door around.,2026-02-12,griffinmaria,Author necessary particular matter especially development. Position local high quite.,1
880e4196-dc55-4986-ba5c-c15774a4c29e,Adaptive contextually-based knowledge user,Tools,2.1,2.6,False,37.38,USD,False,e9db1c08-091c-4d56-80fc-1b7f7b9f6036,Lee Morris,robert68@allison.org,"Mcconnell, Christian and Carter",a27e7844f2aafe0d,v4,Authority although half improve produce trip interesting.,2026-02-03,john22,Law someone him trouble. Machine specific ask let seem. Into how low career site service.,4
2d33e6f6-f0bd-4c15-84a1-e9d84a28f7a0,Cross-group mission-critical product,Social,5.0,3.0,False,47.72,USD,True,936e653d-1b44-4fe2-a81f-256bbf02d8b9,Kevin Martin,toddwright@smith.org,Wright-Thompson,415ebde0a2a0d9c2,v2,Peace police fine.,2026-02-12,keithlisa,Base mention truth. Discuss not difficult coach stop.,2
1241db24-d956-4814-b250-efc5cd9fe83e,Future-proofed tangible moderator,Social,8.3,3.5,False,38.62,USD,True,9471052f-85f8-4ee1-9511-ec3fdc29479a,Jessica Daniel,arodriguez@russell-potter.com,Orozco and Sons,9963c09a06ce7945,v1,Let month machine street.,2026-02-22,sheila41,Window seven professor because next. Which business above month.,3
e70ce057-4bec-43f5-89d7-4a35a57b25f7,Face-to-face needs-based flexibility,Social,6.6,4.6,False,41.32,USD,False,c7ab84f1-c46a-4feb-ae8b-bb864dc6f731,Timothy Cook,johnwhite@rose.info,"Mckee, Perkins and Brooks",b0eeb7262f3ca9be,v2,Evening budget good foot.,2026-03-05,joshua32,Like star card loss key strategy. Current five with rather fill much firm.,2
fae36263-cd3c-4966-8d02-eda09b61444e,Exclusive needs-based installation,Tools,11.5,4.8,True,0.0,,True,9ff52ebe-6cf3-4619-82b8-ce9c46accc9c,James Jackson,holmeskenneth@maddox.com,Lynch Ltd,b9a6a70c76e81f1c,v3,Drug kid be near management newspaper international tonight.,2026-01-15,wellsjill,Foot later suddenly court page those loss those. Well simply management meeting.,4
5d9e1845-0362-4022-9429-98f82ec3102f,Automated optimizing core,Productivity,11.4,3.2,True,0.0,,True,e4f3fb0e-d4fe-4118-b3e2-ff2365aa8be9,Arthur Valdez,campbelltina@johnson.com,"Lee, Kelly and Evans",4764b228e068c459,v4,Population bad thank term.,2026-03-03,jack86,Doctor your simply. Card cause serious offer whole.,4
045230fe-600c-43c9-ac7d-2a234ed5e6f9,Synergized systemic circuit,Tools,6.1,2.8,False,43.47,USD,False,b009224b-0020-4d86-aaa3-0a30e9f5b290,Kristin Gonzalez,jerryduncan@davis.org,"Mays, Ray and Miller",7a68f8601becd7f6,v5,Project ever return skill herself citizen.,2026-01-20,nbuchanan,Continue table wide garden production. Garden agency raise. No answer do study.,4
4fa68e5f-2a1d-4ebc-b6c1-ef898d3b1ff4,Upgradable user-facing archive,Finance,5.5,4.9,False,21.21,USD,False,d78c77c5-733b-4c12-85a2-d362ea00dcb5,Christopher Ferguson,calvinpadilla@curtis.net,Dunlap-Lamb,e51cf398925269bd,v5,Along create care.,2026-01-20,brownsusan,Power test prove baby health. Population order society.,1
499d0830-d659-4f66-b017-a15fe8d954bd,Public-key global matrices,Productivity,3.8,4.9,False,5.38,USD,False,df5d151b-4ae8-457e-b924-e19be2af55a1,Joel Brady,msmith@campbell-harris.org,Wilson PLC,89910017947f8211,v5,Strong both floor message build painting word.,2026-02-10,jonathan13,Perform want child wall. Sometimes wish smile model story. Level third economic child sense accept.,1
69f418a0-651c-4902-a188-f995578a1be7,Profit-focused value-added application,Education,12.2,4.4,False,14.75,USD,False,a0a71eed-518c-431b-a1df-4f973802208c,Kevin Warner,hughescatherine@atkinson.biz,Houston Group,7fee67144aa800b8,v2,Officer professional north.,2026-02-05,kathleengarrett,Fly until offer land whether. Challenge color both available that.,1
e673dfb9-ffa4-4c4b-812c-04853dde2f25,User-centric heuristic frame,Productivity,9.1,2.8,False,23.29,USD,True,db20506e-6159-4cf9-89f1-b682110ec3e6,Lisa Reeves,weaverdanielle@johnson.com,Hicks Ltd,6f2e176f1eba1d15,v1,Large finally to decade be.,2026-01-15,alee,Dream everything everything focus it soldier wife. Seat contain one avoid arrive pull store data.,4
6cae83ae-8631-4beb-853c-d9bd33d0671d,Diverse neutral productivity,Productivity,4.9,3.3,False,3.87,USD,False,4d0ce9b7-7a15-4850-be1d-51eb7aa7cdf4,Patricia Powell,jessica52@gray-pace.com,Berry-Rice,be10c92e98ef5661,v2,Start image American senior production near TV.,2026-02-03,walkercatherine,Apply design hand. Same responsibility control adult top every they.,4
41979e9d-e962-4ef6-96aa-9345c310ca9b,Grass-roots clear-thinking toolset,Productivity,4.2,3.1,False,25.1,USD,True,3601cd7b-486e-446f-85dd-3a2e2376bc9b,Robin Pugh,christopherdaugherty@hardin.info,West and Sons,5f1983b3899cb9e2,v3,Price particularly carry majority take wide.,2026-01-02,sandra01,Window wife through skill lead. Past like true.,2
ac66c560-19a2-4957-966f-61b6b50aa270,Visionary multimedia algorithm,Tools,4.0,1.8,False,14.8,USD,False,5ce62ccd-b8bd-43b5-a528-92fc738a3c13,Peter Bailey,franciscoburgess@garcia.info,Campbell Inc,9c3b0c2c6282bef8,v3,Long possible type person analysis save.,2026-02-05,laurierodriguez,Score radio across wonder month where similar. Get represent war movement.,5
6fcffad5-f16a-4101-a8b2-392fdaf27d18,Balanced asymmetric monitoring,Education,11.0,1.8,False,20.09,USD,True,c9631394-e08c-4c00-82ef-c13222ce9a8b,Jacob Howe,ehernandez@lang-gomez.com,Sims-Meza,0d602039de617014,v3,Nearly prove spend prove color throw station economic.,2026-01-11,yprince,Air chance risk. Performance ability lay night Congress growth.,2
1d0db141-47e4-4047-8d11-952bd5c68e28,Centralized holistic process improvement,Finance,5.7,3.7,False,41.57,USD,True,a7db3ee0-d048-4844-999b-ed368164f40e,Heather Rollins,tkhan@jones.com,"Mccarthy, Morgan and Jones",04b8a2621c3e8c41,v4,Interesting discover ready describe history just.,2026-02-11,janetclark,Three finish per single many film wear. Someone past project happy official account owner industry.,4
0753fcb3-103c-491f-bc42-8c4fc90fb1bc,Persevering bandwidth-monitored challenge,Education,12.2,2.9,True,0.0,,True,a2cacfb4-5edf-4c67-9a5c-1f1f53e1b1fb,David Nixon,mayokenneth@padilla-cooke.com,Acosta-Martinez,87035cdcf26c4397,v2,Animal though every sell win person.,2026-01-31,gdean,Push detail agency use appear. Decision on risk sell exactly citizen effect them.,3
acf560b5-c6f4-42da-8f41-78206d05d850,Cloned full-range pricing structure,Tools,12.6,3.0,False,21.25,USD,True,6da1cdea-528d-4ce6-8d9f-d2dfeb865df3,Mckenzie Henry,thomaskelly@patterson.com,"Hardy, Garcia and Alvarado",b3d5be18b60dee18,v5,Building each goal.,2026-02-28,brownjesse,Education various back. Relate pass impact already red see.,5
f27b33e4-2c44-4481-8272-4a9e98596a0a,Focused 24/7 orchestration,Social,11.0,3.2,False,21.68,USD,False,35a37616-ffb5-4142-a140-40a577387682,Cody Foster,qallen@patel.com,"Palmer, Forbes and Vega",b562e7deb7450bd8,v5,Industry teach table position lawyer painting we new.,2026-01-17,tiffanysmith,"Travel team two. Five industry defense eye smile leg land defense.
Market remember may easy fear.",4
4d3c9f3d-5935-43b4-aeb6-09b8c545ac92,Reverse-engineered web-enabled ability,Social,9.2,2.8,True,0.0,,False,c8cd63e8-21a4-4a3c-b153-537c62de7127,Jessica Arias,ryan61@lambert.org,"Pugh, Rodriguez and Rogers",4db175f4562e1740,v4,Age sign station ability administration happen.,2026-01-14,lfoley,Only hair rather business.,4
c8e1cb21-8fe2-4026-9d5c-a58e6f2e6288,De-engineered scalable implementation,Social,1.9,2.0,True,0.0,,True,10bf2d31-c3de-4312-b2a7-45a9a6b30876,Miss Maria Edwards,tracey12@parker.com,Martinez Ltd,02377e13f4f60b3d,v5,Over strong school.,2026-02-02,melissagaines,Life upon join test. Surface sit million treatment drop fear blood entire.,5
37ad8e86-1284-4a16-964b-f04a93be62a2,Virtual 24/7 support,Games,2.9,4.6,False,28.02,USD,False,84c43bc4-363a-4ecb-9a70-7168b3e7bdf6,Stephanie Skinner,jameshopkins@frank.info,Sanders-Berg,327238a353506034,v5,Of cut room goal.,2026-01-28,harperheather,Study carry reveal loss recently challenge box. Instead issue peace market benefit clear would.,3
224846f1-7ba1-4fee-8ad1-1c09bb3bf001,Persistent stable collaboration,Games,4.4,2.3,True,0.0,,False,9152bf5f-98bd-40de-91d9-bfa9a3a606e5,Samantha Ferguson,nshannon@walsh-ponce.com,Allen and Sons,587a79f322b947a0,v3,Since marriage take letter must.,2026-01-09,martinezjonathan,Keep small well control. Expert end baby voice. Create seat finish oil lay.,4
1f623be7-62c0-404d-98c1-acb067c8d921,User-friendly context-sensitive info-mediaries,Education,11.4,3.0,True,0.0,,True,c5a2ee91-7ed8-4d9e-b1b5-06009ae44d4c,Russell Reed,jesse69@hawkins-eaton.com,"Nichols, Stephens and Anderson",611f848061297e2c,v2,Traditional similar fine decade ten kid.,2026-01-05,jwalker,Firm discover just method. Where while person only. Sell region life control claim deep bed put.,1
0927a4ca-4cb6-4f24-b3c6-6e856b5ff4ca,Stand-alone maximized firmware,Social,3.4,2.8,True,0.0,,False,97124875-9f68-40ac-bf5b-eb62f33db691,Molly Garza,johnsonjason@price-tran.biz,Davila-Scott,c5c825ca19960163,v3,Own lawyer go process your while us.,2026-01-05,andersonallison,Traditional mention read. Smile public strategy put business well us.,4
b643c4c7-4a53-4778-bd39-c39cbd4fb202,Focused even-keeled toolset,Productivity,2.0,4.0,True,0.0,,False,89b53099-2e88-489b-a8dc-3549d7c21a8e,Joseph Moran,stephenjones@ware.net,"West, Flores and Burke",54a72585db991ddc,v5,Condition blue collection individual.,2026-02-25,wilcoxsamuel,Blue than better truth. You study senior everything gas laugh seven.,1
c37e632e-84d1-41ae-bec1-b3b5b58cc7fa,Phased uniform database,Tools,7.1,2.9,True,0.0,,True,ef67f5fd-bda5-4ea7-9d7b-7722c42b5c76,Kara Petersen,alexingram@brooks.com,King-Le,2092aaf7d7bdeb99,v1,Across skin art world once president state.,2026-01-09,kristengreen,"What for generation surface safe also. Hair big material national age.
Goal project chance.",1
6d1f6457-edf5-4230-a1f6-07989c3db213,Optimized user-facing Graphical User Interface,Finance,11.3,2.9,True,0.0,,False,bbb77b48-1c2d-4daf-9f21-7bd3fe200bdf,Eric Kelly,fbyrd@robles-moore.com,Stewart Ltd,3fa8b8ec33722ae9,v3,Peace develop group population health statement individual.,2026-01-17,danielbaker,Education thousand stand although.,4
c0dd39f9-98e1-420c-b436-1152d68a986b,Universal hybrid ability,Finance,10.2,4.2,True,0.0,,True,fac2f462-a3b8-4dbc-8c4d-cbd67d522cbb,Erin Baker,richard94@werner.com,"Fernandez, Gillespie and Jenkins",eea304316d28e696,v2,Like really light represent.,2026-02-06,david49,Question article chair off guess him. Window against answer where step part.,1
5c66feff-ac63-4453-a316-f36d26802b19,Enhanced discrete firmware,Education,12.1,4.7,False,18.71,USD,True,0bdff197-8e75-4405-9a3b-d15cfca0fa44,Shannon Williams,logan07@grant-holloway.com,Page Group,502734b81790a02f,v4,Argue nearly paper property.,2026-01-22,qcarr,News senior family family perhaps. Describe political guy beautiful word hope all.,5
59a90160-7f96-4c58-b043-f3e1236bc72d,Public-key dedicated time-frame,Finance,6.3,1.7,True,0.0,,False,48480806-134e-45ba-85c8-b685c9991b97,Tina Perkins,moralesdiamond@scott-howard.org,"Perkins, Huang and Hernandez",4da438a25aeb2fe6,v4,Six case address far have statement spring.,2026-02-16,llewis,Live father provide. Rather sense management degree they environmental.,4
e4bdcff0-1907-4bc6-8305-054d493b9656,Networked 24/7 benchmark,Education,12.8,1.5,True,0.0,,True,03fde6f4-77c5-424c-9db3-7bbf2c9ba2dc,Sandra Lopez,mercedesharris@brown.com,Perkins-Contreras,d3155a6ac27555b6,v3,Great so structure answer music western.,2026-01-14,ggutierrez,Fill action themselves draw deep. Really become candidate summer point ask.,3
f36b2235-1a02-4645-8158-11a2f452dd58,Automated local data-warehouse,Games,4.4,1.9,True,0.0,,True,8e877ee5-700d-483d-a3f7-9a90cb447608,Stephen Brady,bonnie87@knapp-york.com,"Myers, Soto and White",da8d08503ebe721b,v4,Sense data in guess staff.,2026-02-12,garciakristy,Me one space serve. Rule newspaper task however hear building.,3
38ee0793-6673-4c49-af9b-77bf2f87cd7f,Decentralized coherent encoding,Social,6.2,4.1,True,0.0,,False,75c76297-e60a-4ff1-b5c0-e2f3505ea5d6,Jessica Boyer,eatonroger@roberts.com,"Young, Hart and Moore",14e1ddcda844c55f,v4,So case less new page chance travel.,2026-01-15,jessicaaustin,It nation poor nearly I. Wait service effort item. Leave skill choice involve.,2
afaca391-c109-4255-9014-7fdb226c5a67,Configurable encompassing solution,Social,1.4,3.3,True,0.0,,False,d1916e6a-1113-41e5-8a02-6eb35206b0c0,Candice Austin,danielgreen@johnston-hernandez.com,Franco-Sullivan,ce896eee82c809d9,v5,House allow situation rather small value can.,2026-02-10,teaton,Score improve she finally manager produce adult. Whose mother be. Gun born around call enter.,1
f49720c8-4d30-4457-9c8e-87ebff28578f,Multi-lateral disintermediate challenge,Games,7.0,4.2,False,32.3,USD,False,45bb9edf-e727-4684-85e4-17ecca88958c,Ana Thompson,nblake@edwards-garcia.net,Evans Inc,93adb66b60b67b65,v4,Walk account action front themselves line.,2026-02-08,bradroman,Once report phone with leader heart behavior. Financial after address radio.,2
56d3b237-9e70-4474-8b55-53c48c9e5c31,Managed local process improvement,Finance,10.0,4.8,False,24.62,USD,False,f194bef2-1548-40e7-a37a-9d5aa1151cc2,Amanda Gonzalez,nelsonnicholas@gaines.biz,Rojas Group,4698c9329c7380b4,v3,Two Mr partner say everyone option dog.,2026-03-04,carlsonderek,Vote get your. Check true baby. Consider worker these protect.,4
cad338f4-494a-441e-9f9b-bb1145abae67,Reactive even-keeled core,Education,1.1,3.2,False,25.03,USD,False,487d6860-d8b7-43d2-9aeb-c29ac59c1348,Bobby Taylor,melissagrant@gomez.org,Scott Inc,522a0293bd9ab562,v1,Necessary perform themselves begin off.,2026-01-31,catherinesellers,Particularly create sort various us little its movie. Action part own.,2
94470ee2-22a2-4490-8d3c-13763b1796db,Visionary modular instruction set,Tools,2.6,3.1,False,49.22,USD,False,5f97d683-fabe-42bc-8c5d-8ec0d606bdb8,Marilyn Jefferson,ntravis@delacruz.com,"Wagner, Fuentes and Nelson",0331efe82caf5da6,v5,Own this though way buy cup.,2026-01-10,royfrank,Rise then employee cost. Degree gas media music computer.,3
e4c5d077-5e4b-410a-b7db-8abb079e3ce3,Balanced disintermediate paradigm,Education,4.5,1.6,False,39.94,USD,True,709166a7-fad7-4b06-8a4d-4f17e28db3af,David Ferguson,kristihoward@daniel.com,Young-Baker,ffba3b785e378095,v2,Court her not option computer.,2026-01-26,baileytodd,Beyond list industry knowledge name middle poor maybe.,4
58a2e38c-eab4-4c57-9e08-1e6e47569a50,Persevering contextually-based infrastructure,Social,12.6,3.1,True,0.0,,False,fb57e69c-0b09-41a4-b67d-c45873312436,Angela Smith,ugriffith@neal.org,Zavala-Martinez,4c6075332dd0e552,v2,Ball political wife detail.,2026-03-04,benjamin84,Pretty stay knowledge house year. Anything perform several effort. Maintain must about.,1
0ea64e99-abb6-41d6-afb6-c1abf51b5614,Fully-configurable real-time matrix,Games,6.5,2.8,False,34.71,USD,False,c2c284ea-15d9-4fa7-aeb6-134c6acad6fa,Stacey Woods,christy83@griffith.com,"Gibson, Walters and Williams",59d73595411c3e25,v1,Ground staff white new finally huge.,2026-01-13,lori37,Owner former entire now well set sport to. Throughout thus treatment to official.,2
bbf8c30b-6733-4b5e-aece-a27a66dd1d5f,Horizontal coherent migration,Education,9.5,1.2,False,19.0,USD,True,7e7469dc-e5f0-48a3-815c-1d75827b2afd,Michelle Morton,johnstonshane@weiss.biz,Jones-Kerr,e3306116c729981c,v2,Continue policy word player child push high.,2026-01-26,coxanthony,Consumer help plan PM garden. Language itself affect. South reach figure.,5
fcf8a1b5-7ae0-48aa-bd2e-7ffbb9378846,Progressive exuding collaboration,Finance,10.2,3.3,False,44.79,USD,True,dfb8ecb2-a50c-40a2-bb79-6443f0abb410,Isaac Horton,manuel63@turner-berger.com,"Taylor, Morales and Ortiz",6e6b0215c20f405a,v5,Sell action true agreement eye site.,2026-02-08,littlejacob,Among I city experience line save. Bag friend scientist rest former smile lot structure.,3
0b143f03-7ee6-430e-b8ec-66014a6e8d49,Synchronized real-time data-warehouse,Social,7.8,3.3,True,0.0,,True,349d175e-a5d0-4fd7-b1eb-d83e3f1d76fc,Kevin Brown,kathyhall@smith.com,Cook-Morris,150bbcd04de83175,v1,Practice consider heavy whole pay.,2026-01-25,michaelwood,Skin raise continue because.,5
00b38ee9-4c7c-4697-b27a-6ad1b9beb50e,Seamless zero administration contingency,Finance,4.2,2.0,True,0.0,,True,8b98f92e-e277-4e4a-8d8c-4c30eee6ef58,Michael Daniels,nweber@rodriguez-hernandez.com,Spencer-Fischer,672984c9d23851e1,v5,Trip improve explain begin.,2026-01-16,williamsonjessica,Air benefit woman increase. Professor big wide chance final.,2
a9f8b514-7d1d-4fba-991b-031b0638e0dd,Exclusive holistic access,Games,8.8,1.1,True,0.0,,True,c51ea49d-1ea3-4277-9863-acf8140a8752,Jason Burnett,andersonpaul@alexander-black.com,"Pearson, Cruz and Jenkins",2c8dc9ff9b9fd273,v4,Include building along note thought join too.,2026-02-07,thomaswaters,According seven analysis. What boy eight part.,2
7e8eb95a-0643-4212-8754-bb7af36dc652,Enterprise-wide grid-enabled system engine,Games,8.8,3.0,True,0.0,,True,4603ed30-e439-4b55-aae9-e2719badac02,Danielle Ayala,bobbyreed@thornton-richard.info,Gonzales Ltd,f501f604d1c8e57a,v2,Four population writer bring cell.,2026-02-09,zmorales,Painting speech tough leg. Nature book wide choice three gas mention.,3
1b411c36-24d1-4155-9177-283df131a574,Fully-configurable analyzing synergy,Education,1.3,4.7,False,34.26,USD,True,7afcc163-6564-48a6-a153-1418d2bab277,Gregory Weeks,gchen@harmon-ramirez.com,Anderson PLC,c1b22bf7f2f4566c,v2,Cost past practice where computer.,2026-02-16,bsalinas,Difference his open ahead enjoy. Police system affect through second.,3
a3865a6f-98d6-4e71-8daa-21a7672cda25,Horizontal dynamic support,Games,1.2,3.1,True,0.0,,False,bb5bfba5-54e7-4988-bf98-32d588428edb,Lori Mathis,qmontgomery@thompson.com,Walker-Bullock,61edc0d604e9d8ba,v1,Partner mean why west outside property fly.,2026-01-20,danielethan,Account reveal cause day. See person strategy everything to. Business debate upon option.,5
a5fcbcc3-fd5e-477d-a2b3-53f2b9309d04,Synchronized content-based firmware,Social,12.8,4.3,False,37.79,USD,True,07b4e558-b6b1-4524-afb5-f0d1293442e8,Samuel Mcgee,matthew72@strickland.biz,Williams LLC,dd76384f154e3770,v3,Space accept record seek.,2026-01-24,leefrederick,Run give war short news look. Important other player month drop role sit action.,5
61509735-1b90-4855-9894-343b4a062d60,Front-line full-range definition,Education,10.2,2.8,False,2.55,USD,True,ef4671af-eace-4a89-bc36-cc5fefb92b20,Deborah Fisher,cwilliamson@khan.com,Bryant and Sons,645093d027c69053,v5,Owner school only lawyer sometimes particular Congress.,2026-01-09,emily10,Beat hotel thank prevent special anyone clearly. Character possible management feel beautiful.,3
d8f9d707-ae0e-4c9c-bf70-8f666f7237df,Streamlined intangible database,Education,12.4,4.6,False,29.99,USD,True,fe850f2c-ae19-4678-b631-60922e5d63ac,Cody Henry,wle@hardy-glover.info,"Brown, Scott and Cooper",ec29511ccbc38168,v4,Fight either stay either Mrs box.,2026-01-23,oliverkayla,Health indicate soon result people support west.,5
9580c5f6-ed98-4627-bbc4-c743e1b3aaa6,Decentralized static system engine,Productivity,11.5,1.9,False,24.93,USD,False,979756e4-8ad6-43a5-92f4-df6a80319c99,Jerry Garrett,russell53@marshall.com,Phillips-Phillips,fddda15445d240d0,v3,Both ahead together appear time.,2026-02-11,mackenzie58,Level party deep what. Cell professor woman change anything audience.,5
e9f790c2-358b-4f1d-bf04-4871b4a51ec1,Distributed demand-driven monitoring,Education,11.3,4.3,False,23.0,USD,True,21cdfe62-e222-48dd-9c7a-b8bfda45a281,Joanne Woods,bellbilly@rodriguez.net,"Jacobs, Webster and Carter",301847a4b46984b9,v2,Tax yeah her radio.,2026-02-27,mendozalee,Spend investment last material. Case kid truth television air.,2
2d3d9a58-062b-4908-b953-a3d8ba4dc6cf,Versatile foreground budgetary management,Games,3.8,4.6,True,0.0,,False,160347f0-5dfe-46b2-b184-33c087db1b72,Timothy Pierce,fcarlson@fields.info,Beasley PLC,c80f564e55433d89,v3,Ability course central several its.,2026-02-20,laurenbryant,By shake under state analysis federal event main.,1
af677725-9068-409e-baed-328b75356ac9,Implemented leadingedge protocol,Productivity,2.7,3.8,False,28.16,USD,False,0a4907e9-2f31-4e63-8b8f-02b2556bdab1,Katherine Diaz,stephanie96@walter.com,Smith and Sons,def98a933075dc1d,v4,Sort tough religious company for step.,2026-01-29,chungcharles,Full feeling green wrong offer. Peace management case popular hair near treatment us.,5
ea0729b4-a14b-42e6-8210-a41ef72d060d,Centralized national info-mediaries,Tools,9.8,3.3,True,0.0,,True,e1a4749c-cc78-4c6c-ba8d-c7c9bd149518,Janice Cervantes,lewischristopher@garcia.com,Michael Ltd,5c6bbd7f326f9056,v3,Field indicate huge mission.,2026-02-24,sherrihawkins,Some mention week partner teacher. Economy girl explain write be site.,4
4a7cd695-82f3-4715-a63e-3240ae670ccc,Universal optimizing algorithm,Tools,5.5,4.7,False,41.43,USD,True,d9db8bdf-91a5-48d1-b45d-ab2be1d777c6,Michael Mata,gregorymack@jones-garcia.com,Evans-Williams,0ea5e0e8617a995b,v4,Better race little big sometimes before.,2026-02-14,amyingram,Run box best cell note seem. Change body forward stuff weight effort. Itself arrive also today.,4
b1041e4e-0349-4205-862e-9416538c2e0f,Reactive solution-oriented task-force,Social,11.4,4.8,True,0.0,,True,1d726b06-ac1a-43b3-84ff-349112d931d1,Shawn Fisher,kathryn99@graham.com,"Rodriguez, Cameron and Molina",83ea0b792b037d83,v1,Executive American door effect rule involve.,2026-02-25,emily37,Position total list space girl commercial. Here skin join service worry body education want.,2
0aa80004-fc1f-4114-a5bb-7becfd8bcb87,Stand-alone modular standardization,Education,2.2,3.7,False,41.06,USD,True,d4cde1e4-8f32-4c61-ba9f-ed5224107ccd,Kimberly Pineda,josephsampson@weaver-hess.com,Sullivan Group,2cc695616ed9fefd,v4,Know task risk answer develop positive dark.,2026-01-20,pturner,Sit house kind guy let top. Understand sit including woman save its.,4
99bba850-e404-410a-9052-aedc69ffc6b4,Secured leadingedge algorithm,Finance,1.8,3.9,False,7.04,USD,False,8f605e75-1011-4594-9a21-be66e0e7370d,Carl Morgan,romerojames@dixon-lowe.com,Barnes Group,0e29272a06b44689,v2,Truth newspaper hundred physical.,2026-02-17,utaylor,Enjoy service stay case develop run. Chance easy simply size big.,3
00f66f9a-bb9a-4b30-bf50-3d5102525a00,Proactive demand-driven standardization,Finance,11.3,2.2,False,30.74,USD,True,ebd855c2-2541-4f67-ab74-dc71461fe340,Heather Henry,fisherdonna@herrera-kidd.com,Powell Ltd,1cd87b35b429d2e2,v4,As forward boy read professional.,2026-01-17,johncox,"General lawyer ok two risk suddenly experience.
Art trial occur decade class show.",3
e0571cee-6e56-4672-a450-8b2cf37064e9,Diverse encompassing functionalities,Tools,11.0,3.7,True,0.0,,False,5bfa0e16-a8b2-4914-9df5-2ce66ca377ab,Deborah Santos,danielle72@huffman.com,Riley PLC,55f8cf52a201e660,v1,Become word require force lead should suffer.,2026-02-09,wwalker,Financial even fast civil standard can.,4
009a3c69-435a-412c-bddc-a3b381b8bb42,Switchable incremental knowledge user,Games,10.3,3.0,False,28.17,USD,True,6a65d6f0-002f-4bd2-81fd-1e8e5aaf2087,Eric Davis,amy64@cortez.org,Rose Inc,0e045f5ced062754,v2,Century very fill mind record fight seat.,2026-02-19,monicajohnson,Realize become region lawyer my. Difficult key law generation. Nearly ten cost sort.,1
86d08231-9cba-421e-b8b7-b8ddd217e0b1,Digitized methodical firmware,Social,3.0,2.5,False,41.98,USD,False,80301429-e439-407e-91f2-d637747fc62e,Brian Glenn,jamesedwards@jackson-wilson.com,Pena-Rose,380fb21c8948aae3,v4,Over yard health expert through return manager.,2026-01-19,qrodriguez,Laugh age during guy so back myself. Be popular bag he simply still. On thought return.,1
bdc17f1d-5c3f-4532-8022-2cfcb4a38344,Upgradable 6thgeneration data-warehouse,Games,11.3,4.4,False,33.34,USD,False,6cbd575f-30fe-4645-84bc-489b9add73d1,Joseph Jones,charles70@garcia.biz,"Klein, Logan and Fleming",6a7bfcd1fbbdd19a,v3,Professional feel form middle game.,2026-01-31,josephwilliams,Small particular sister quite too. Always Mr general analysis ability. Same usually capital goal.,1
d6a77f63-6bb0-436c-a49d-ccacf3283a0b,Versatile intangible concept,Tools,1.9,2.1,False,24.48,USD,False,18de8939-b025-4b4e-bb6f-0cc938055911,Cathy Contreras,farleyjohn@powell-williams.com,"Simpson, Bates and Moore",618dc8bf1d03c1b8,v5,Congress child under administration.,2026-01-16,vanessa56,Pull behavior week under. Art where plant and. Value class between degree bill.,1
81294619-54d0-40f7-bea6-a77a4f66b7ec,Customer-focused 4thgeneration Graphic Interface,Games,11.8,4.5,True,0.0,,True,88942e86-ba2b-4642-8c71-71518f806218,Christopher Walsh,christopher15@sosa.info,Wilson-Chandler,8f5f9f00266f42ee,v4,Choice exist kitchen blue.,2026-02-06,brett05,Ready night green physical. Must dream husband. Hour home per.,3
b0466907-0d46-42f8-904e-7372e8c0cedb,Visionary bandwidth-monitored open system,Finance,7.1,4.0,True,0.0,,True,45781eaa-8961-485f-a3ab-65b478956c93,Gina Mcclain,mgriffin@jennings-romero.com,"Jackson, Warren and Morrison",82656b3f805e61ed,v2,Movement apply suggest hospital indicate bag.,2026-01-03,yolandabright,Theory scientist same baby response bank catch. State put onto themselves news his.,4
5fd858bf-5a83-437b-83f5-672ff3ccbdab,Robust systemic knowledge user,Productivity,11.6,3.1,True,0.0,,True,b056a16e-1eab-41d3-82a9-a79f2b7fde65,Heather Mayo,moorebarbara@edwards-ramirez.com,White LLC,5c352c361844b2fd,v4,Such rule operation catch product general.,2026-02-28,ricardocook,Last city design dream. Can boy guess doctor trial fast rest. Believe late our some most.,5
a08a981e-4f64-4729-8823-36d231790435,Expanded even-keeled workforce,Games,10.4,2.8,True,0.0,,True,f3a5b9bf-0bc9-463b-b174-ef1b930e7666,Nathan Barron,carmen09@stuart.com,"Morse, Charles and Keith",75f4ab6545ca1ee9,v3,Game wife fire service voice.,2026-02-25,leegarcia,Soldier later brother increase government. Commercial man catch live two.,1
20279393-6d0d-4a6e-ac60-985230283431,Profound encompassing groupware,Tools,10.8,5.0,False,13.37,USD,True,3ddb843d-d170-4a3b-a720-cd39e18d8542,Antonio Martinez,christopher48@scott.biz,"Griffin, Khan and Hernandez",99b23fce9decd53b,v1,Type hair professor exist.,2026-03-04,briancantu,"Training star lawyer. Sell some film out.
Amount season ground plan.",1
8118f181-e8ce-433d-9f3a-8c19617bbdce,Centralized context-sensitive customer loyalty,Social,7.0,2.9,False,28.46,USD,False,24df7033-65a2-43f5-adda-91db6efa1d7a,Eric Oliver,bmack@wolf.net,Hall-Castro,3533cdaaaa5bb39b,v2,Wish ground wide recognize.,2026-01-21,sford,For process bank girl energy might agree affect. Administration long player employee no front for.,5
8396e594-077e-415e-990f-c1b26a053de2,Triple-buffered analyzing collaboration,Social,2.4,1.6,True,0.0,,False,c2c507ce-b42d-4a9a-a58c-353d3508e336,Rebecca Valdez,william04@ruiz.com,"Boyer, Fuentes and Young",7a086b84c52e3602,v4,Agent house case allow director leave TV.,2026-02-11,brian46,"Perhaps at leave. Whether father wrong.
Research music knowledge TV suggest.",2
ff0bd74f-9528-4c8b-b66d-cebc294bfb43,Focused object-oriented migration,Education,4.2,1.5,False,37.33,USD,True,29d481b0-a20c-43ac-8ff5-ae014b34f231,Taylor Kennedy,erika43@skinner.com,Wilson-Cox,d77683d3f2fe4db9,v1,Direction hear both international reveal statement Republican learn.,2026-02-24,bsalazar,Among live wait foot box these. Yeah world stay nature to.,5
15927b7f-6851-42d9-a285-98ece6fe1097,Monitored actuating website,Education,10.0,2.9,False,2.6,USD,False,ba646509-8838-45a1-a9dd-747b1ba1f95e,Jermaine Walker,jamessmith@davis-curry.biz,"Mercado, Rodriguez and Santiago",59e9656d4127d9b8,v1,Bill oil actually region.,2026-01-24,patriciagibson,Member scene admit democratic bit film and. Happy network local school.,4
5dbbc2ac-0639-4172-a3c0-cd6f6de1d07b,User-centric bandwidth-monitored matrix,Games,7.9,2.5,True,0.0,,False,a1f76d2d-9d2a-44bf-a9ab-1383e4e2dfa6,David Valencia,abrown@good.org,Jenkins PLC,d6ac54ab42b806dc,v2,Rate mind skin.,2026-02-17,molinapamela,Final within baby alone provide. Form treat open grow movie meet quality.,3
bf4f1b36-d44c-4dfc-b6b6-8ea959c9202c,Managed exuding extranet,Social,12.5,1.1,False,49.94,USD,False,e894c9f2-9dfc-42de-a306-d41033ed17f3,Shirley Reid,fjones@norton-holt.com,Hays-Bates,1dbfe584f106ea3d,v5,Over there probably drug yet anyone.,2026-01-13,mcneilmichele,Move data mother expect simply. Popular then yet. Air interesting senior raise know water.,5
af5f1674-7689-49a1-8559-ed9a68aca616,Upgradable systemic encryption,Education,5.1,3.3,True,0.0,,False,09659aae-2ced-4a1c-9ac2-a0a091fe773a,Mario Villarreal,garciawilliam@munoz-mejia.net,Norman-Palmer,5f2699f272ef8a88,v4,Glass front board.,2026-02-18,andreaday,Better her employee save computer. Watch sell under health near. Spend smile team quickly whether.,1
b0c42af5-eb7a-41bb-8bc0-5e41e4b70064,Open-architected needs-based benchmark,Productivity,12.9,2.8,False,33.68,USD,False,6da8b1e7-c0fe-4fab-a85c-9e4f77baa65d,Eric Flores,amybenson@tran.com,Delacruz PLC,bfae037274424457,v2,Strong collection son safe people mention center.,2026-01-19,lisapatterson,Nature experience significant. Within year find claim soon offer among.,3
8b1ed535-d0ba-4fd6-ae5a-24d31e3d9afe,Object-based analyzing task-force,Social,11.3,4.2,False,26.54,USD,True,36691ce7-5a6c-4cc0-9a47-ecebbbfa65ba,Jeffrey Williams,valentinezachary@young.info,Hernandez Group,01c8f724f671aeba,v5,Affect government show none.,2026-01-10,randy76,Large century bar outside indeed sister side.,4
87fb216a-5a1e-4398-80a1-19122db2a6a7,Organized high-level system engine,Games,10.1,4.5,False,9.79,USD,True,6d1f059b-4158-4ba9-9aed-f51551fcf7df,Kathleen Gamble,welchkimberly@torres-burton.org,"Gates, Wilson and Jenkins",ed5c98edaf234357,v2,Head break her find end doctor.,2026-02-10,stewartdavid,Much Republican health fact huge per. Situation blue per health side measure without.,5
43778181-3fdd-4190-9200-9a49b2593c79,Cross-group transitional initiative,Games,9.5,3.4,True,0.0,,True,c6616a76-18ea-49f8-80f4-77a27ac99b36,Darlene Wyatt,johnsonashley@tran.net,"Brown, Hernandez and Clark",c27b8f91d1d8e314,v4,My fire man change seat matter opportunity physical.,2026-01-26,jeffreypage,Detail beautiful owner authority message. Soldier prove sign.,3
0e1615a6-bb0a-4c35-b1d6-10208f9170a9,Programmable regional support,Social,1.7,4.5,True,0.0,,False,4cab6400-9ea9-47fe-aa61-2847bf7fac48,Kimberly Irwin,schaeferlindsay@carlson.info,"Melton, George and Shepard",ec77fb0e93e8db9a,v1,Box senior dog together treatment word.,2026-01-04,williamjohnson,Idea clearly resource agreement. Story cold federal.,5
f823d404-c6eb-4626-bd17-922e7001d107,Monitored bandwidth-monitored architecture,Finance,1.9,3.9,True,0.0,,False,55f960d7-00a1-4c62-9cca-4f676ccf9b77,Christina Sandoval,frankaustin@conrad-williams.com,Moore Inc,432cb7f110137908,v3,Anyone school always none.,2026-01-13,brooksmelanie,Government able relationship strong. Great practice two reason nearly and event others.,5
0b27750b-c67c-4eb2-aa62-4307140b3cee,Enterprise-wide 6thgeneration functionalities,Social,3.4,1.5,True,0.0,,True,2259138b-0295-4504-831f-635cc2f43dfe,Connie Jackson,efowler@miller-larson.biz,Mcgrath-Howell,9556800aae53c35c,v4,Official foot present difficult send attorney.,2026-03-02,zamoratodd,Carry civil good much police skill. Research ball authority natural so.,4
2212a6ac-b216-4e0f-b5c5-520ad782006f,Compatible national archive,Social,6.9,2.2,True,0.0,,False,57cda7b0-a43f-4b48-b226-da4693f52aea,Rebecca Clark,paulchavez@jackson-robbins.com,"Price, Lynch and Miller",80fd82e93ef1e120,v4,Vote think safe position value recognize.,2026-01-04,matthewmartin,Suffer quality senior leg budget. Study degree get well leader sound.,3
b8fdaedc-36dc-4876-b04b-0a43fbe271ad,Vision-oriented 24/7 adapter,Social,9.3,2.6,False,9.95,USD,True,9bf56ad1-741b-4ab0-8145-1e7b61fb41db,Adam Willis,ryan29@warren-chapman.info,"Flynn, Williams and Ryan",3075beefcab965f2,v2,Call wall arrive.,2026-03-01,brownkelly,Natural save pick discover fact attack drug laugh. Bag free somebody common ever.,4
aabe90ab-999a-434b-abc9-a957f5349647,Persevering responsive process improvement,Education,11.3,3.5,False,29.09,USD,False,4797da9b-664f-4e4f-90ab-51fbb56537db,Kara Cain,mccallrobert@briggs.info,Noble PLC,9fca089051bb06b1,v4,Into believe impact apply hard cultural.,2026-01-03,burchmatthew,Challenge form TV PM cultural. Financial one reach thousand conference. Politics once public by.,5
e672712e-be33-46db-bd05-ae5dfb56193b,Monitored 6thgeneration paradigm,Productivity,1.6,1.4,False,19.62,USD,True,209453f4-6c8f-4cab-b3c3-d2ab23716da7,Timothy Cortez,fhunter@garcia-shields.com,"Sims, Brown and Wilson",70a13d8204edadb6,v2,Simply manager administration election hair rate professor.,2026-01-13,frogers,Left success camera consumer. Loss believe full little simply everything his.,1
869a0e4c-77e4-4d69-a6b7-c649a48daf4f,Team-oriented bifurcated hub,Productivity,9.9,4.1,True,0.0,,True,a2962ffa-b95f-42ba-aef2-44eec896bea8,Mindy Stevenson,yevans@rivera.net,Wells Inc,7768b4e040d4aaf9,v4,Cell despite herself carry where.,2026-01-25,stephaniewagner,Total deep past have learn relate become modern. Want rise attention answer available either.,4
ec993b06-a05b-4a37-a330-d27326b03336,Realigned zero administration synergy,Productivity,10.1,3.8,False,8.5,USD,True,a6c9205f-7a43-4ac6-b158-4bf72bdb20a1,Maria Watson,sharonjohnson@castillo.com,"Hill, Dominguez and Wade",668ea73a58ef3105,v4,Front wait fast represent they.,2026-01-05,paulacoleman,Life be trouble business put human. Role particular base together.,3
2d17b993-daeb-4ca6-8f03-b05c90535e22,Pre-emptive radical matrices,Productivity,4.1,1.2,False,3.07,USD,False,2e222462-648a-4723-afe9-70887b62d8eb,Ronald Wilkinson,jacksonbrian@jordan-adams.com,"Pitts, Haley and Green",5a352ca0ed822b8b,v1,Most charge respond and country note.,2026-02-17,jennifer23,Organization possible theory again. True yard soon finish now.,2
ca0a3e88-1a5f-4943-82c0-65d43a5c15ae,Enterprise-wide bottom-line middleware,Productivity,10.3,2.0,False,4.89,USD,True,e23497ba-a97b-4d33-b60c-ab9f80672a7e,Kenneth Orr,wewing@stephens.com,"Larson, Perry and Peters",51d092638ec49dba,v3,Appear each easy bring main soon.,2026-03-03,kevincastillo,Major appear need culture dinner number Democrat story.,5
af5ec9e9-869a-4143-8df3-abec8e809ad2,Virtual needs-based superstructure,Education,12.7,3.4,True,0.0,,False,8168e18f-1532-45cb-83af-2b1ac472ce12,Scott Boyd,melanie21@hardin.info,Hernandez-Sanchez,77aae5c524f64e3d,v5,Fight how leg involve if else.,2026-01-31,nstevens,Them wife environment child always happen. Fear they listen. Visit education either discussion.,5
d8c09bd7-7faa-4364-accc-eb3626ff835c,Optimized background system engine,Social,5.5,2.2,True,0.0,,False,81e84e3a-0670-428b-a714-fbf3bd71d5e2,Dana Ross,walkeremily@medina.com,Giles-Davis,d719fa83db5b2acf,v4,Everybody provide modern down.,2026-01-08,charleshall,Argue kid report. Car available appear. East compare wish day.,5
a24e3063-3f1f-45f1-a4c0-2ad5dd6b55f3,Automated zero administration middleware,Social,8.0,2.1,False,4.37,USD,True,3531b7ce-35fc-4158-8f9c-1552a86fbf4b,Lisa Page,denisebenitez@calhoun.com,Schneider-Lucas,add7912b5c90b4be,v5,As almost number poor play likely tough.,2026-01-10,kristinsmith,Sister population officer although. All what short news. Out increase old large.,5
84549ddc-0491-4ddc-b7fc-9b44cd9bfcb9,Virtual multi-tasking monitoring,Education,7.9,1.3,True,0.0,,False,6574b675-c729-4a05-bcef-83378ae6d57d,David Harmon,xmontoya@foster.com,Smith Inc,4b3a26bab2e3b08a,v4,Only world identify reason letter central.,2026-03-04,padillakathryn,Name conference out add those. Large common response them score attack. Visit him somebody.,4
df76fd21-1939-44bd-a6e8-fada6a23aa89,Adaptive tangible Graphic Interface,Education,1.1,2.1,False,11.76,USD,True,41893ada-a42e-4009-aa2f-cfb4c6f4b17e,Lance Thompson,makaylakeller@lewis-decker.org,Bender-Taylor,4a4fecb0b6281618,v2,Town town until success edge together democratic.,2026-01-18,nlee,Whom worry second rather Democrat great rather. Either control style major final everything.,3
43d13540-ac28-4e8d-ab83-064d408f7e75,Focused cohesive capacity,Productivity,8.5,3.0,False,15.11,USD,False,6f2cea8c-10e2-45aa-99f8-785cd3c0a29b,Mitchell Sampson,kevinfoster@ball.com,Robinson and Sons,71628248dc86d78d,v2,Allow available once my.,2026-01-14,deborah78,Paper game report rest moment skin. Or huge whole law act issue.,4
b68d566e-6538-47a6-bb8a-580ed038746a,Decentralized solution-oriented superstructure,Games,5.6,2.4,False,4.04,USD,False,a6d3d24a-5bce-4e28-97b5-aa564238b9f6,Bianca Jenkins,heatherfrench@miller.com,"Browning, Little and Garcia",8d8f3964719d5527,v2,Laugh herself few out control be there.,2026-02-04,jcaldwell,Article mention win fine son current science. With rather player eat let.,2
c5634e65-337d-4c2a-a8f5-e4433940284f,Visionary cohesive frame,Tools,12.5,3.8,True,0.0,,False,881ffd79-99df-4269-b53a-69ae2a442487,Benjamin Mcfarland,danakim@hunter-luna.com,"Flynn, Williamson and Baker",b9fe04f0c6394bb7,v5,What mouth why place.,2026-01-17,christopherwood,Account education occur power put story. Sometimes but since. Fine night push call task when.,4
31897235-98f9-4477-bddc-06c1acface43,Streamlined 3rdgeneration analyzer,Finance,6.7,3.7,False,26.55,USD,False,d82ab05e-555f-481c-b1ac-ef521c53dc9f,Dr. Daniel Stone,stephanie77@decker.biz,"Dalton, Jones and Gibson",aea890581bb51c7a,v3,Movie worry nice organization off.,2026-02-26,andrewjackson,"Market best around yet note often according. Possible subject a.
Eye save event price boy hard.",5
dfdd25c1-a07d-417f-8108-805aee69cf9b,Open-source disintermediate Internet solution,Finance,1.8,1.3,True,0.0,,True,cbb0625d-b284-407d-9423-346394648e22,Stephen Williams,freemanmolly@johnston.info,Steele-Figueroa,2844d946a5628017,v2,Ready behavior responsibility.,2026-02-02,marshallheather,Paper believe add magazine. Accept organization life class. Land finish should protect price laugh.,4
7c8fd0c2-e8a2-453b-807f-66e2ad5462bf,Managed hybrid throughput,Productivity,12.0,1.5,False,25.81,USD,False,cae2647d-84cb-479b-862f-b8b5fdd25a2c,Kimberly Short,zacharygriffin@washington.info,Garcia Group,2212f21417c5e1d0,v3,Interest take health.,2026-01-13,beltranlatoya,None identify pressure heavy bank hotel picture. Both nor generation here him wait top back.,3
7766624a-53cb-4371-a367-c79bdf50d3dd,Re-engineered executive definition,Finance,6.7,4.4,True,0.0,,False,e6a66ed8-18af-4bc1-8ee2-d64c0e312f28,Andrea Norris,eanderson@wolfe.net,"Cowan, Peters and Shields",6a7f3cb78241c3ad,v1,Study decade five myself already.,2026-01-14,albert73,Wear nearly game past teacher business play.,1
8aacbec9-6ae6-4502-8b37-376070deef7d,Reduced zero tolerance customer loyalty,Finance,8.0,2.0,True,0.0,,True,361202f9-08f2-4974-9fd0-90524ffa5a99,Marie Wilson,nbaker@johnson.com,Richardson Ltd,9a1cfb016d13cab5,v5,Trial shake bit draw miss truth remember determine.,2026-02-17,jasonmiller,"Goal now up front. Well kid what test manage particular.
Town suddenly machine forward.",5
8eb3e0e4-2871-4269-97c3-6568810ac864,Persistent incremental instruction set,Finance,5.6,1.1,True,0.0,,True,01bf51d4-6d55-4ab9-bbd0-08d26397a393,Heather Stewart,justingreen@miller.com,"Patterson, Grant and Harper",8fe485b215c9d6d8,v3,Property bar ability data federal laugh save.,2026-01-07,christyhernandez,Tell poor heart tonight life true. Pressure toward police huge beautiful.,2
4bad9e82-4b3f-4e61-9741-398b9def5053,Integrated even-keeled contingency,Tools,5.3,2.9,True,0.0,,True,90901cd8-639e-4829-8b8e-e10f38281ed6,Christine Hill,lisadrake@smith-cisneros.biz,Sanchez-Nelson,40511ff0f8799e84,v2,Impact especially social represent stay total clear.,2026-02-12,steven12,Indeed home cut night show few red total. To floor blood whose stop.,3
da919ddd-3ba6-4b23-8574-c33e0961f9c3,Operative responsive capability,Education,9.4,1.3,False,26.52,USD,False,0f512380-8f1a-43f1-a98a-b36708862a6f,Emma Parker,burnsrobert@rivera-robinson.com,Brown-Grimes,9b7f41dd4bbd0bf3,v1,Short what book realize impact wait sell.,2026-02-02,michaellawson,Teach find know toward note watch century.,1
87241ecb-d1b5-4fa3-a199-ff72b1ff752d,Automated next generation Graphical User Interface,Productivity,4.6,2.9,True,0.0,,False,69d5e9df-15e1-439f-9705-01edb77ee337,Rachel Lyons,michaellowe@barton.org,"Harris, Carroll and Cowan",ba9864af1cda9bee,v3,Account wait everybody new because still.,2026-02-06,amyoliver,Thought line give seven money half. Stuff road run radio. Add audience sort.,4
aadd0b2e-7610-424b-8ce8-3d43efa2600d,Proactive multimedia project,Games,4.2,1.7,False,29.67,USD,False,a10d2e76-b49f-4860-a8e5-091f7e6ce99d,Nathan Hancock,halljudy@singh-gilbert.info,Fuentes Group,ba1009f92da33c4b,v3,By design although moment much.,2026-01-29,wyatt56,Condition according inside never deep experience company.,5
93cffa25-de28-46e2-aec9-9ef2cdb10ba0,Total tertiary model,Tools,8.9,3.9,False,6.94,USD,True,02fb2bac-8cc3-4aaf-a4c2-20eb4327ac79,Kyle Moore,christopher44@scott-gordon.com,"Ellison, Harrison and Hart",2bbc455fd70e70d1,v1,Month mother allow ask same information.,2026-01-20,gillespiemichael,Drop pass challenge shoulder tell hotel big. Reveal try eye skill.,5
663eab85-0da0-48a6-8208-921db456a08c,Decentralized interactive superstructure,Games,1.1,4.8,True,0.0,,False,de5b4180-7f0c-434d-9faf-d75a832e7b7b,Kenneth Martin,arthurbates@york.org,Morris Inc,b4571543be197dab,v2,Reality concern plant wrong suggest bring daughter practice.,2026-02-14,ehill,Detail common type factor book.,3
6c68ee29-4b05-4b6a-8318-4bd3f5d101c8,Self-enabling client-server interface,Productivity,2.7,1.8,True,0.0,,False,8c086b1d-a1dd-42d6-a7a0-ad1f22857f1b,Madison Clarke,chambersrobin@peck-davis.com,Hunter and Sons,b4a6c9600bb1dee9,v3,Most artist century next.,2026-01-31,ethancarr,South effect course owner color these. Value over computer store.,4
2459e878-8ded-4db0-a339-f1505e4cdafc,Visionary contextually-based Local Area Network,Social,12.1,3.2,True,0.0,,True,929573be-ce7a-40d2-ad1c-cba87dae86df,Jason Bowers,thompsonjeremy@wiggins.com,Payne and Sons,b9ccf4371412ac2e,v2,Large her animal question himself away.,2026-02-19,monicahart,Teach find Mrs wind care. Describe away coach interest decision today pick.,2
47ded4b3-bc81-409f-a6f9-767ac2053e69,Devolved transitional Graphical User Interface,Education,12.0,2.8,True,0.0,,True,c1480502-3202-496c-a5c1-0fb548924763,Craig Cruz,ccook@york.com,Hancock LLC,fb53ae3a109201f7,v4,Car treat hotel.,2026-02-28,michael96,Wear such student foot let least. Again ahead magazine though part.,5
4df65e42-ee23-47ef-9cc1-ee27c725d7dc,Enterprise-wide user-facing Graphical User Interface,Games,4.6,1.8,False,18.04,USD,False,c2f2017c-f9ba-48c6-9624-dfbcca5c7a2b,Jeffery Ward,anthonyjoseph@silva.info,Foley PLC,a513da4061ff4b05,v4,Society medical term region customer lead south west.,2026-01-08,adamharrison,Cause tough give modern. Its person she whose agreement history miss my.,3
cebe2b4c-3083-4d93-82bd-c3d4aadbf610,Up-sized eco-centric strategy,Social,2.3,2.9,True,0.0,,False,4dcce40b-ee2b-4f17-928d-ee0c8b237083,Patrick Hill,nicolecruz@williams.com,Gonzalez-Boyer,f6832b56321ff727,v2,Industry time million natural forward.,2026-01-06,mwilliams,Allow first among agency down she rather expect. Experience thousand world without than.,3
78a88060-247f-4f07-b87a-6a99a63e199b,Digitized disintermediate knowledge user,Games,9.6,1.5,False,16.06,USD,False,15dd3935-01d7-4796-a03f-034310a275da,Arthur Collins,ofowler@thomas.biz,Reeves-Brown,8f3354e8513a20a6,v2,Individual student machine purpose material leave move over.,2026-01-14,mark54,Professional conference avoid future enough him always she. Rise close news amount fund.,1
472f310e-7ba0-4a63-8b72-d40886f96a54,Business-focused clear-thinking toolset,Games,11.0,2.0,False,5.19,USD,True,39cca1e5-7919-4c5e-b8d0-224ce034b61f,Todd Villanueva,amanda92@henderson-taylor.com,Walker PLC,53ddba4b4d1fb7b4,v5,National beyond nor but off investment.,2026-02-16,lindaedwards,Be big produce identify quality. Computer wind way pressure market.,4
f294ec60-f166-4e11-88a5-15108f9edd64,Ergonomic intermediate approach,Games,1.1,2.6,False,13.28,USD,True,ada64e3b-21ed-4199-b843-382b95a29403,Kristi Hernandez,jerrysanchez@goodwin-frazier.org,Nolan and Sons,8fb4367c57345f85,v4,Network soldier fund seat grow quality career.,2026-02-15,andersonkimberly,Heavy her order personal involve analysis. Trip budget stuff off likely. All north do grow drug.,1
89e9b74c-133c-44ae-b3ae-3eed4dc1b337,Synchronized directional artificial intelligence,Tools,7.0,1.6,False,40.61,USD,True,8c055dfe-ee8a-4cb7-9088-8ab9098b0f38,Michael Bishop,william21@berry.net,Scott-Nguyen,d10707cab6f44d47,v4,Outside return decade his step.,2026-02-08,brianna73,Action same five a reveal. Pull impact because body. Send oil responsibility.,3
3ecbe328-2930-41af-ab84-a021217049aa,User-centric clear-thinking portal,Social,12.0,3.6,True,0.0,,True,40f0b4b7-2e03-4a28-99aa-dd3400f0981b,Kathleen Watson,matthewmahoney@brock-navarro.com,Lara-Adams,45505670800509ec,v3,The long always coach.,2026-01-22,xquinn,Nation deep race. Interest trouble operation president table month.,3
861943c4-84ef-4a6a-849b-116b8ef819ca,Assimilated content-based core,Social,4.4,2.8,True,0.0,,False,aaebadab-9f71-49bc-bc53-c6c2a16195e2,Dean Young,jasonmitchell@cruz-thompson.org,Johnson-Norton,5194001ddbee3b25,v5,Floor upon small article need himself.,2026-02-20,nmiranda,Book three section. Mrs fact him past.,2
2f0ff465-1dcd-4b7d-894b-9744c683708a,Organized solution-oriented hub,Productivity,2.8,1.6,False,19.58,USD,True,40f1ea16-331d-40ac-9b94-c298eb9d4fdf,Bruce Hines,uwong@williams.biz,Hicks-Morgan,d2e28b5906481d07,v1,Blue leave adult out walk.,2026-02-07,mescobar,Best old pressure fish word. Agency too somebody just break.,4
3a4e27d6-6f7f-47ed-b520-642a1e93239e,Re-contextualized zero-defect function,Games,6.2,2.9,False,26.0,USD,False,d1bff94e-d42c-4843-9b3b-64295b92505d,Kelsey Johnson,reynoldsbrian@hill.com,Lee LLC,db18837404eae953,v5,Become chair suggest field order just billion.,2026-03-04,karenfleming,Before much different perform good. Practice mother finish economic model.,2
d8a9bd80-8324-4660-8296-cd689c892bbd,Pre-emptive bifurcated extranet,Productivity,10.0,4.8,True,0.0,,False,45943121-d0a4-45d7-8524-ab13bc733651,Thomas Baker,kylemitchell@dorsey.info,"Wagner, Ellis and Wilson",54c00c9c5cd104c6,v3,Individual much admit simple land since marriage.,2026-02-07,turnerteresa,Along while show born fish special. Picture even huge social education kitchen.,2
31ce4e6d-dac5-44cd-a0ce-166552748e63,Phased exuding flexibility,Finance,5.5,4.0,True,0.0,,False,c19dbeb5-d0f0-4784-98a4-9a541655f960,Michael Grimes DDS,jforbes@moran.com,Duffy-Jones,ae5452bd0f099d3b,v2,Federal oil inside role.,2026-02-05,nelsonstephanie,Industry outside go beautiful put people baby. Go according audience boy expect.,1
77e308f9-489d-496f-bf5f-a392ac4cd513,Profound disintermediate ability,Games,10.7,3.9,True,0.0,,False,41010303-3797-4346-b7e5-ace58182e882,Lynn Hall,lauriesmith@mullins.com,Perez-Perkins,2a152505a1d994d1,v5,Store will discuss coach.,2026-01-24,frederickmolina,Low case paper the national kind rest security.,3
b1230f94-2a68-4c5e-9034-e1f84f40bbbf,Versatile foreground function,Games,10.8,2.1,False,14.81,USD,True,f80e7cc5-e36d-4573-ad32-79017416d42d,Christopher Hanna,annetterhodes@mitchell.com,James-Mcdonald,21648ffff380da39,v2,Ground war my what knowledge left seek.,2026-01-19,maurice13,Able dinner ability center so. Situation line family can surface sing rather art.,3
e49c47a7-38b5-4036-82f1-d12cb6d14e51,Function-based dynamic circuit,Social,12.7,4.0,False,34.48,USD,False,76b81378-57fa-4098-9766-51eb460c72ee,Lynn Gonzales,oramirez@johnson.biz,Pineda Ltd,cf98d533c21856b5,v2,Affect administration upon black short week tree.,2026-01-07,stevenrichmond,Who also rate speech. Ok dream argue those evidence writer. Floor talk several before up.,1
5dc89441-f69a-430c-b059-9868f7a6de37,Virtual mission-critical contingency,Finance,12.1,2.6,False,13.33,USD,True,3bbd88b9-95ae-4d15-bd67-c0fc21c9699d,Christopher Fernandez,brandi54@martinez.com,Johnson-King,506845dcef867b68,v1,Ask past wide country.,2026-01-27,thomas77,Sit research ability perform ball action.,5
ab922e3c-df05-41c1-a88a-f26dcba89072,Realigned holistic process improvement,Tools,11.7,2.7,True,0.0,,False,4d77628d-42d4-41ab-b291-f12fa161e4d9,Alexis Cardenas,robert67@lee.com,Barr PLC,f57c6f4652c6a453,v5,Police bill such land hope thus.,2026-01-24,piercejanice,New PM stand skill. Strong fish allow.,3
61c58388-93aa-4d6e-a103-44e4c4f5eb22,Cross-group clear-thinking access,Games,1.1,3.9,False,38.08,USD,True,16dcb7bb-8593-4ff9-91bb-dbfbafe909d0,Theresa Hernandez,stevenwilliams@anderson.org,Olson Ltd,aa0fb89b72ee50e7,v2,Simple something large everyone message.,2026-02-13,danielle73,Detail five sport either live.,1
2a58a7e9-f971-4a7b-8f21-2b360efe71f6,Reverse-engineered methodical database,Productivity,8.0,2.6,True,0.0,,True,16272f39-77d2-4e44-b065-f55613716725,Debbie Ruiz,mcohen@jackson-buck.com,Jones Group,5abbf2773c919f0f,v2,Marriage development in.,2026-01-19,lle,Heavy specific different treat foreign allow talk. Western whatever son talk live.,4
49600f33-6ce1-4ca1-bbaa-eafb532799e8,Grass-roots radical success,Games,8.6,3.4,True,0.0,,True,e0029d1b-6718-436d-ac09-72b20da2b4a1,Linda Jones,juanchase@willis-brown.com,"Adams, Williamson and Williams",91f4724b6003fedc,v3,However low hand sort available free race.,2026-03-01,adamreyes,Mind wall shoulder big industry. Card every three from.,5
f318e701-54d0-4aab-aaf0-5f541ccf9e45,Re-engineered scalable extranet,Productivity,10.4,3.5,False,12.95,USD,True,4ff48a5c-fafa-4743-be84-012c7239e2cc,Michael Johnson,harrisheather@campbell.com,Daniel-Garcia,faf9f50413a2d04a,v1,Question call professional charge.,2026-01-29,vjohnson,Per front area use special president eight audience. Tv color market approach fear play.,1
e4da81b4-2d69-45f0-a27e-c375d953cf70,Team-oriented reciprocal function,Tools,1.3,5.0,False,1.82,USD,True,6e6c3160-3cbc-46dd-acbf-166889e68ac7,Katrina Stewart,robertlee@pierce.org,White PLC,9257972656fdd38b,v2,Parent sort into.,2026-01-13,nowens,Class another race. Compare would family scientist structure.,5
ae4ae154-54a1-44c9-858d-6cbde09aa2a8,Mandatory intangible solution,Tools,12.2,2.2,True,0.0,,True,0d9e6bb5-1ed1-4832-acb9-de64b7462170,Billy Walker,cochranstacy@hardy.com,"Gomez, Spencer and Phillips",92a2fe6b144c788b,v2,Lawyer again more near.,2026-02-07,reneebrown,War capital most. Work real stay lead house mention. Whatever arrive list guess.,5
d9179aea-ea42-49c5-91fd-92de1b69d6e9,Team-oriented exuding help-desk,Productivity,3.4,2.5,True,0.0,,False,7005b3aa-e970-49c6-9a5d-00d1bd52b4cb,Kimberly Crawford,thompsonsharon@green.net,"Ferrell, Spears and Lynch",be18c551b02f23bb,v4,Close watch arm truth admit.,2026-02-03,uwatts,Child school think church. Seek decide method possible foreign individual.,3
72719810-2e26-4d1e-b764-35b83147f438,Open-source leadingedge strategy,Productivity,9.2,4.1,False,43.6,USD,True,7bb3dbbb-1e9b-44f1-859c-c227ea43dcc4,Marco Welch,janetsaunders@bennett.com,"Stephens, Tate and Anthony",aca597ec38066aaf,v1,Wish care generation build responsibility group color.,2026-02-26,kristenmurray,Community store in especially. Dog dark share opportunity sport lose with. Couple assume here guy.,3
7f057219-01d7-4435-a696-68dc88412249,Progressive interactive service-desk,Finance,5.5,3.6,False,42.64,USD,False,faf338b2-8555-4b52-a3d2-b6a737214f1c,Raymond Davis,sheilawalker@liu.com,"Orozco, Harvey and Miller",e9a1c7017631834e,v2,Maintain our project tend or summer necessary.,2026-01-20,gkemp,Computer form first. Trial major partner campaign. Leader education while.,5
87b0f0f4-3b85-4038-ac4d-2547b3d777e0,Public-key composite instruction set,Education,7.9,2.0,False,44.67,USD,True,63fb0c72-8365-4b73-9180-3655196513c9,Joe Murray,whill@wright.com,Miranda LLC,27d16c441fb91723,v1,Audience sister player run simply success.,2026-01-03,john04,Mother across area statement miss manager. Particularly toward deep.,4
41c31411-b3d7-4f36-9fb7-82b4f9ab2e3d,Robust analyzing core,Finance,4.1,4.5,False,12.53,USD,True,f1843a50-7f3a-4e67-82c1-af501a04e836,Andrew Mccann,joneschristian@carr.com,"Davenport, Martinez and Sanford",8711bf72c4f0b7f0,v5,Thus various friend if wish even town day.,2026-02-08,isaiah75,Speech car hear ever study listen. Give heart factor religious.,2
e6ce2818-c352-4069-9b33-49d89e90df13,Multi-tiered encompassing circuit,Education,3.4,3.4,True,0.0,,True,47427780-89a0-46f1-a3a9-d15a6ee04bf1,Elijah Erickson,kelseysilva@thomas.com,Wright Ltd,d6644e00c2366261,v3,Oil hear still record yet certainly Democrat property.,2026-02-01,joshua81,Mr see appear. Rock impact case for up decide affect.,5
1ff2a799-8984-488a-8913-4b20a7614517,Polarized bandwidth-monitored moderator,Games,11.9,2.4,True,0.0,,False,849d6613-b591-4c0a-95bc-eaf1b8ba0ed2,Trevor Richardson,kathleenparker@jackson-mullins.com,Jenkins Group,111f206c3319e9fd,v3,Reach gas maintain concern increase same learn.,2026-03-03,amartin,Power stop education win. Media choice prepare the. Like anything writer.,4
0f452638-51fd-4ff0-85df-c14a5026ed12,Managed bifurcated archive,Games,4.0,4.1,False,17.31,USD,False,65d3c46a-d34e-4817-9b96-16ebe2f9650f,John Johnson,oreed@thomas.net,Harris-Blankenship,80591b8f88ae7f32,v1,Claim own purpose media support attack wonder.,2026-01-29,robert39,Eight here ball agent. Heavy free age realize fact professor music.,4
8c4ee8fc-3385-4154-a5a2-3216aa82ab46,Ergonomic exuding collaboration,Finance,1.2,3.7,True,0.0,,False,5281635a-dc53-4d30-8fca-8b233e5ff6e0,Christine Duke,ohernandez@brown.info,Johnson LLC,1460633bf6221fb2,v2,Foreign Mr world price per information price.,2026-01-01,april66,Accept land wait full apply American. Culture meeting travel question your.,2
d339fbc5-e134-478d-a90a-f5c8e127fa77,Stand-alone object-oriented workforce,Games,9.0,4.6,False,12.74,USD,False,e3660995-2256-4014-9027-5e2133a51641,Roberto Christensen,roberttaylor@jimenez.biz,Garza Inc,9c0bbb64160c6817,v2,Ago see plan treatment majority appear beautiful yeah.,2026-02-16,vincent01,Arrive fall western show able nice consider.,5
d8ae00b3-f9c7-49c2-8616-6c19055a730d,Programmable holistic collaboration,Education,7.9,2.1,True,0.0,,False,a03fbfe3-b555-452d-80c7-a424af71e3a6,Megan Ramos,charlesenglish@taylor.com,"Ellis, Diaz and Barron",dd1a69033244c426,v2,Single position cup around card red.,2026-02-01,bentonmark,Door common thing soon drive responsibility. Red way budget place.,2
c62dec69-807d-483a-86ea-3002f025d547,Face-to-face zero-defect hub,Social,5.4,1.5,False,48.2,USD,False,c95312ed-c0f8-4372-86dd-153782869b2e,Mark White,marybenson@watson.com,"Foster, Brown and Compton",3d18a2007e180d99,v5,Evidence far policy many.,2026-02-08,kristenpatterson,Structure a table section. Its able store unit. Maintain want director yard visit how.,1
07a08bcb-92e5-45ed-8b58-0116be3f5fac,Assimilated bifurcated Graphical User Interface,Finance,7.5,2.1,True,0.0,,True,b937f098-a7f8-4f22-8157-fa94757b7b0c,Andrea Thompson,paul04@bright.info,Kelly Group,8a54de684ca778a3,v2,Surface development reach in smile window.,2026-02-04,johnsonsean,Anything project involve whatever service evidence account event.,5
d90f69d7-05a6-4ce8-b11d-7cf351b265cf,Object-based secondary access,Social,8.5,4.5,False,14.22,USD,True,c128a432-4184-4e50-bb74-d36846c485e8,Monica Collins,weaverkristen@jenkins.com,Jones Ltd,d2da8d6ad69dbbb3,v4,Design trip general age allow popular size.,2026-01-28,trodriguez,Hotel moment accept ahead team.,3
022864fd-4006-4ded-b640-3c9fdea014f4,Object-based object-oriented parallelism,Social,2.1,3.2,True,0.0,,False,c2e0c4e2-a940-46ab-a064-33bc6231d66e,Alisha Ward,walkerjoshua@price.biz,"Logan, Carter and Fitzpatrick",b7234092acd919a0,v1,Responsibility point lead drop feeling positive.,2026-01-03,grantjodi,Option daughter board leader stand appear investment. From network design better mention.,3
49a0e121-3b40-40bf-a873-214e07530a31,Front-line multi-state knowledgebase,Social,8.0,3.0,False,7.84,USD,False,7be8c4bf-0f23-4dae-85b1-1d7f9fd0ba2a,Brian Nelson,philipbeck@morgan.com,Smith-Becker,b9f9cf50d3435cff,v1,Chair son security second nice yes.,2026-01-28,mark08,Look peace before. Life car authority us unit meeting. Project high than true new.,5
56cc3306-3d14-438a-a4da-475d83c4bb8a,Balanced systematic hub,Productivity,2.8,4.4,True,0.0,,True,0b11a461-91e9-4811-8cd8-14f6f11148a9,Jonathan Walton,renee32@clark.com,"Stevens, Gay and Ramirez",bc534a890e86b285,v1,Even have any lose message without.,2026-01-24,david59,"Financial after area give. Smile gas something.
Artist long behind take. Try tough price turn lose.",2
64ac1406-da29-45fd-8a41-2d32401441bb,Persevering user-facing challenge,Tools,12.7,3.3,True,0.0,,True,0499d93f-d953-4247-9028-d9af7169679c,Adam Jimenez,emorton@hodges.com,James Group,4416c4108cf7714e,v3,School allow bill determine difficult.,2026-01-16,jonesalicia,Last water include. Partner hospital put have.,1
28beb6e9-f70a-489e-a5f3-e0e37f517a25,Profit-focused motivating structure,Finance,9.2,1.5,False,6.39,USD,True,70ec703e-7d97-405d-b951-d6553282cb72,Pamela Henson,rodney98@mueller.com,Kelly Inc,518adb1596234430,v2,Agreement someone argue which.,2026-02-24,mariageorge,Easy truth defense total card.,5
d0f15698-37b4-47c0-9536-1767d95671b7,Re-contextualized directional matrix,Social,8.6,2.0,False,30.75,USD,True,9edefb88-0be8-4110-b42d-f194d8731502,Sue Hernandez,melissa63@swanson.com,Clark-Lopez,b82b0ded7ebfebdc,v5,Message head once really never everything need travel.,2026-01-17,michelle66,Girl painting among focus. Day bit director go.,5
7ed369f0-52ca-4ba2-b9ae-698f292140f0,Reverse-engineered disintermediate leverage,Social,1.9,1.5,False,31.03,USD,True,a71c68b5-199b-4d95-80e0-9e901276ee12,Jeffrey Jackson,ashley27@montgomery.com,Petty Inc,6dbf9c7e2f2daf0d,v5,Data near business financial maybe.,2026-03-02,melissa13,Because shake because. Social effort can bar season value interest country.,4
ebb4a918-46bf-4e8c-8813-053387ea6bf9,Fully-configurable uniform matrices,Finance,11.9,2.3,True,0.0,,False,5ebae6a3-e775-4bfa-a7a3-2e7070ecff4e,Kimberly Lopez,lopezkaren@carter.com,Mcgee Ltd,e1bcb735e4212f75,v5,Consider class visit grow treatment respond decide more.,2026-01-27,qchambers,Now together for answer.,5
c96fbf97-796d-4fba-bbcc-7e0078b4447f,Future-proofed foreground matrices,Tools,2.8,4.7,True,0.0,,False,2b6fc129-4cfb-451e-9836-91b606f7a421,Michael Massey,rebecca73@hill-cohen.com,Walker-Thompson,c0c035ff2ac78fc3,v5,Collection dream follow gas.,2026-01-09,yolandagarcia,Course gas school skill part real. Meeting begin shake. Smile instead piece way north break.,5
1c477109-e8da-43ec-8a38-94c323c12565,Horizontal user-facing secured line,Education,9.3,1.9,True,0.0,,True,c78cc5b3-e3cd-4eb6-a53a-9aaf3df157d7,Angela Martinez,schmidtdaniel@smith.net,Sanders Inc,dea1bbf213cd4b9d,v2,Road student partner bad design low opportunity fill.,2026-01-26,williamskatrina,Later consider discussion financial reason end. Bit gun both back.,4
66aeae24-ef2b-48f8-a94e-149c49cd539f,Switchable optimizing migration,Education,4.2,2.7,True,0.0,,True,f802dc91-467f-4029-912e-f9b288828c35,Johnny Smith,matthewmorrow@hayes.com,Walker LLC,c6bf5dcbe31e5163,v4,Economy fire store treatment continue others month.,2026-01-30,danielhunter,Senior sport often despite system central down size. Team trial property letter able word.,5
40233752-9daf-4d49-ada2-294e480471a2,Object-based real-time Local Area Network,Productivity,4.6,4.2,True,0.0,,True,796a3d70-9ff6-4f7f-bc6d-f7fc5b1a9f90,Bonnie Diaz,ahowell@matthews.com,Donaldson-Grimes,60c5c2f2e9a7c8e9,v2,Inside center various medical.,2026-02-13,mayerheather,Speak those last you heart special. Of party pick clear nation ok.,3
2b188f7e-f729-4ddb-99f2-171808f022c1,Extended responsive toolset,Tools,7.0,4.3,False,17.69,USD,True,fffd5dbc-f9d3-4727-bbd5-f127e2dfddbf,Kristen Anderson,ashley92@rodriguez-jordan.com,Wheeler Inc,b923f30547888146,v1,Far scientist tree media article magazine training.,2026-01-13,hrowland,Might can pull blood music despite answer study.,1
9d9c6568-3dc9-4bac-a819-a74bee19b6b4,Operative asymmetric product,Productivity,5.7,4.9,False,29.88,USD,False,29875bfd-2135-4632-b079-8b55cefd3703,Helen Williamson,dana87@taylor.org,Crane Ltd,4bb61240dd71c4b1,v2,Game time admit word.,2026-01-13,xcoffey,Able spend glass market. Data college lose his. Always least benefit talk.,5
adbc07f4-527e-486f-ad04-cc06830df907,Reduced exuding orchestration,Finance,2.8,3.8,True,0.0,,False,eec74f00-2c44-4c2a-9d12-4feee1a1e2ee,Travis Taylor,ariana87@morse-herrera.com,"Ramirez, Jackson and Perez",5878de8ec5d4c620,v1,Chair learn goal fund page pull.,2026-02-24,mooreallen,Conference southern or. Site lay popular the cover.,3
08eab54c-5f70-4ae1-b565-af3edb0b09c6,Customizable uniform help-desk,Social,10.9,2.0,False,2.08,USD,False,02d539f6-98ae-4a56-ac14-ab729923a01c,Alyssa Perry,adrian59@mendez.com,Nguyen and Sons,db9510e7c1a171bd,v3,How city country future tree.,2026-02-04,holderdiana,Environmental energy physical next along policy Democrat. Court coach month minute on.,2
eeab21ab-20f9-44fd-a129-866a65c0bb7a,Extended dynamic middleware,Finance,12.2,4.4,False,25.29,USD,True,0d820c60-ec73-46c3-8c5b-82571683e634,Derrick Hill,scottgonzalez@west.com,Caldwell-Thomas,279ce520fa3b5be5,v5,View per body training this bag.,2026-02-20,zdavis,Itself seek meeting participant standard life. Organization city through protect hand finally.,1
086ac3a6-63a9-4388-bc00-a8ae2a611251,Reverse-engineered global process improvement,Education,10.6,1.4,True,0.0,,False,56f62d6a-b387-48ed-aff6-bee00d25461d,Stacy Bell,kaiserrandy@walsh-hunt.org,Griffin-Shea,3e86accc6128a891,v4,Threat work expert do.,2026-02-19,williscaroline,"Few situation produce culture.
Son huge drop culture safe.",4
14833c27-ec32-4e2a-99a1-af8fd03363f8,Fundamental impactful budgetary management,Social,12.6,1.6,True,0.0,,False,31984b9a-f36c-41cf-8815-a2516046c3d5,Laura Rogers,tinadodson@kim-payne.com,Cruz-Johnson,f32f592a654f0768,v2,Will fund what window measure manager energy.,2026-02-23,angela92,System somebody thing information. Figure class enjoy.,2
ff78bca8-00b4-4f8a-a0ae-ca05fe4e7cb6,Exclusive static alliance,Finance,10.9,2.6,True,0.0,,False,a62f1867-0bab-4d0b-935f-9490bdb2e3ef,Kristina Rodriguez,yjones@butler.biz,Glenn Group,a04b3eefa5635067,v1,Day outside could tough prove someone air.,2026-03-03,jennifer40,Church pay at team. From trip chair hand station company really.,2
f70207fb-03f6-41af-8f10-3c0c62dd5433,Cross-group zero administration knowledge user,Finance,5.7,2.0,True,0.0,,False,b8a7a616-243d-4718-b42a-71655b459a06,Teresa Brown,emorgan@patterson.com,Woods-Valenzuela,5282ad7e3a6ff31c,v5,Identify environmental shake American whom approach.,2026-01-31,sswanson,Also should beat situation. Education production charge discuss sure. Seek growth he within.,3
3dce3416-7673-4c24-a0ac-8138f27cadb8,Integrated homogeneous firmware,Tools,8.8,3.8,True,0.0,,True,8fe14ca6-8f0a-4391-9ec7-0f3367afda1b,Debra Anderson,tmorris@oliver.org,Richard PLC,021b94c99c1fe807,v5,After others reach section free level for party.,2026-03-04,awilson,Total let reflect door focus even stop before. Marriage lay decision despite teach audience allow.,4
678a8aaa-dc6b-4d5d-9778-836640318eab,Focused 24/7 help-desk,Social,2.5,2.9,True,0.0,,False,019ee66f-5e6d-4e20-be41-dea8bfa9bec0,Ryan Montoya,aaron50@carter.com,"Garza, Ellison and Short",c25789b676f4ac33,v2,Open order fish exist difference.,2026-02-20,johnwu,Investment say call green them gas doctor.,2
ed0a229b-f1e3-4eb0-835b-7fb42e648ba9,Ameliorated 4thgeneration standardization,Finance,7.9,1.7,False,1.75,USD,False,9300fde7-4825-4431-b807-fec015c9e9dc,Heather Knight,dtrujillo@coleman.net,"Gaines, Clayton and Cline",16905f6fd15042aa,v1,Half human number.,2026-01-08,alan52,Discuss during health base significant teach create. Task could together truth easy.,4
13c760ba-c5b8-4c17-acbc-e394600ff825,Intuitive scalable software,Games,3.5,4.5,False,40.78,USD,False,4dc3f43b-2f42-4b79-ab4f-5b7692642b61,Willie Berry,frederick12@morris.com,"Cummings, Harper and Adkins",4e5ca4b94446f792,v1,Trip learn two easy.,2026-01-11,adriana04,Skin relate institution city consider. Reality charge admit product fast project.,1
3797ed67-bdaf-4fea-89c4-eb5aaa545f9e,Managed static hub,Education,2.3,3.7,False,32.49,USD,True,69953836-07e9-438a-ae55-23e8607fcae2,Sandra Smith,robert21@king-young.com,Stewart Ltd,53c921d3a26cad0a,v1,Ok eight certainly.,2026-01-16,ashleyhuerta,Cultural himself role born. Anyone sure yes dog night.,5
54a8dc6b-3dec-4cdb-a7b0-1dae3a670a6e,Expanded non-volatile core,Productivity,3.3,1.2,True,0.0,,False,00e0fd76-411c-4b59-bf24-68255817e0f3,Tiffany Daniels,murphyjennifer@holmes.biz,"Gray, Roman and Castro",ce6f85d3d9d7616a,v1,Also staff safe evening near report.,2026-03-01,tmartinez,Analysis challenge page less system treat. Participant effect court together lose family.,4
e72dd3a2-68cf-42b6-bb62-d1ca1d3e1fbf,Automated composite service-desk,Finance,9.0,2.1,True,0.0,,True,679cf576-bb0b-4855-84df-066acff40c68,Amy Gonzales,patrick07@murphy.com,"Alexander, Henderson and Anderson",3d0c77c2335d21c9,v1,Above meeting machine task smile authority rather.,2026-02-10,doughertyrobert,Speak beat ago cover apply ten give. Alone billion key laugh. Voice unit door light expect boy.,2
8b7b0852-f2da-4c59-8923-818f6dd6588e,Adaptive asymmetric project,Games,8.8,1.9,True,0.0,,False,0973f682-0be8-4376-86bd-ae43b3f9c54d,Karen Quinn,hannahshepherd@doyle.biz,Avila Inc,6750f95bac8dc087,v2,Final anything have.,2026-01-23,nboone,Color sort about nothing. Drive from health sense.,3
969fd366-3510-460f-b43c-98697df1931f,Secured high-level moderator,Tools,12.7,4.4,False,14.31,USD,True,26bc0fc2-957b-4cb5-b0ea-a06b49aac815,Jenna Compton,rachelrobertson@torres.net,Allen-Johnson,4439faab16033b85,v2,Investment camera age big.,2026-02-08,drobles,Others those seem debate determine. Article we attention military huge development.,3
dbc286a6-00a4-43ba-992f-008154614919,Multi-tiered clear-thinking middleware,Games,5.5,2.7,True,0.0,,True,2b96a340-79a8-4c37-9bfd-eb0b71f006bd,Hannah Jones,qdouglas@johnson-salazar.net,Clark-Hernandez,e8fffe3237581bac,v3,Article floor everyone and meet door see.,2026-01-14,elizabethpollard,City machine station court. Teach laugh Democrat smile Democrat herself now.,2
40fc449e-b706-42b4-9d42-9783a1230cb4,Up-sized 24hour access,Social,11.9,1.6,True,0.0,,True,21bdbc08-f581-4878-a687-11790d7f9307,Jennifer Bailey,alejandragross@mcguire.info,Gutierrez and Sons,c2df04e2698a3489,v5,Room prove coach race huge machine.,2026-01-08,owalker,Rise without brother go. Parent box nor.,3
c8784efe-54e1-4dc2-89fd-5c76cff91dde,Optional systematic conglomeration,Social,9.1,2.5,True,0.0,,False,546b5cfd-9152-40d4-873f-e1a8d3518116,Ryan Garcia,hannah48@oconnell.com,Mitchell-Black,7c5ef01eb6119df4,v5,Have inside executive culture instead serve help.,2026-01-11,garciaelizabeth,Seat financial where sign impact.,5
cdc91aeb-bbba-49c6-8306-a4f990dc06d8,Reverse-engineered mobile productivity,Tools,8.4,3.2,True,0.0,,True,b7d39a0d-7145-4cf6-8af7-807630c0c1f5,Stephen Soto,ecollins@gilbert.com,"Miller, Park and Washington",f8b0505575e8cf22,v1,Hot per throughout customer.,2026-01-05,farmerkathleen,Today line bill sport character work. East capital how memory father culture international.,4
553df872-0de3-4e67-8ccc-a51e9b354506,Business-focused well-modulated workforce,Games,10.0,2.0,False,37.85,USD,False,88e72ac3-f64b-4b12-b6ef-7c4cece60a12,Albert Gonzalez,thompsonmaria@combs-hendrix.com,"Quinn, Riley and Adams",53bd3dd04a9e45b8,v2,Address less player result.,2026-02-16,evelynbaker,Bit first so interest growth senior. Environmental population eat. Likely you sing draw purpose.,4
03f403bd-ed78-4a9e-b79d-8998f5bbc668,Stand-alone national collaboration,Finance,1.6,3.8,False,31.89,USD,True,f580195f-4ce2-47dd-9f03-2a825fe3f248,Jeremy Blake,savila@lopez.com,Mack-Kramer,774eda25a0ce4146,v4,Often meet cause sort summer current important.,2026-02-21,andrewharrison,Expert gas wait fine. Water gun that boy.,3
f2ee0c92-2547-4c23-9ca7-f7c255feb384,Cloned optimal secured line,Social,12.2,2.3,False,41.1,USD,False,53e3641e-9ac4-42b9-a296-1e0c2e5edba9,Joseph Chambers,qsmith@jones.com,Dominguez Ltd,b41ba9d2b04e6301,v5,Type economy none indeed hear pick chance another.,2026-03-04,travis36,Cultural bit leg describe animal entire wife eye.,3
259db825-c2b1-42b4-afc9-b335c08cc06d,Innovative systemic software,Education,11.2,4.8,False,20.38,USD,False,aa6c5cde-228e-4e58-a943-0c5d1cb8bd3a,Lucas Coleman,higginssteven@strickland.com,"Miller, Stewart and Moore",9f275453b79873da,v1,Mr loss huge base than act school hot.,2026-01-02,samantha80,Lawyer score size board. Space save song agreement nothing.,3
11232176-1326-41f1-adcf-1d7faaff2b1f,Sharable content-based challenge,Finance,12.6,2.8,False,45.69,USD,False,4142a6dc-e97a-4555-969f-4938887ed84c,Tommy Larson,laurasmith@johnson-richards.com,Rice PLC,997234e5a9d2bed6,v1,Specific nature ever family easy perform.,2026-02-25,anthonymurray,Model decade computer design to author senior. Increase two reveal research range.,5
31f8fb52-8149-462b-be97-24011ea7ad51,Customizable bandwidth-monitored intranet,Social,7.1,1.5,False,31.17,USD,False,6157527a-0f3d-472d-b056-118e9fd07c57,Jeffrey Wells,peterssheri@reed-hunt.com,Green PLC,a50f2075f5594ad3,v5,Character summer dark former energy bank move bad.,2026-01-10,gaguilar,Common follow would add start table central into.,5
b9429362-f624-455f-897f-cca2b0fbeba4,Reactive client-server policy,Finance,4.3,1.6,True,0.0,,True,0137c794-d2b6-4abf-a89c-5c519821fd8b,Robert Dillon,ylewis@chandler.biz,Parks Group,761754aff4ffe0e9,v1,Participant price town though generation.,2026-02-21,lcole,"Carry rock computer lawyer. General chair blood treatment section say.
Record thank against tell.",3
6ed6b8df-20c9-4ffc-83bd-66160c600794,Secured cohesive function,Social,2.5,2.9,False,36.95,USD,True,dd74dcb0-5c38-4cdb-b330-5cddf6c1c0c7,Devin Johnson,parkerwilliam@zimmerman-wright.com,Brown Inc,8a746bd84de38caa,v4,Represent site audience data trip six understand kitchen.,2026-01-05,rbray,Money every water mention coach. But their collection.,4
22aa7e8e-f558-4089-bb5a-e2ce2b7e706b,Virtual bandwidth-monitored challenge,Education,11.2,2.6,True,0.0,,True,ab448c3b-47b8-4606-9a9b-68b52cb6de85,Melissa Tate,carla24@dixon.com,Smith and Sons,221ead552d271f2f,v1,Buy will teach.,2026-01-02,eric43,My main parent call house. Stand behind nice lay nice peace.,3
11526b3c-38e7-4507-985f-57391ffd616d,Visionary hybrid standardization,Productivity,6.1,1.4,True,0.0,,False,6bf299e9-ef8a-40f9-b26a-e782ddec8766,Evan Rodriguez,kevin07@lawson.biz,Jackson-Cain,db2e7e423b5bf3c0,v4,Yet exactly dark option table education decade big.,2026-02-25,jcurtis,Fear capital throw benefit enter address choose. Miss force side town hour west.,2
8dc56dca-cfee-4fe8-b33d-064769a2215f,Re-contextualized dynamic open architecture,Finance,7.5,2.0,True,0.0,,True,b87cda4c-b3eb-4530-8d7b-2385d8726dcb,Sean Hayes,vshaw@yu.com,"Padilla, Price and Sanchez",c037d93071e2ab41,v2,Blood shake pay likely.,2026-02-02,jerrygreene,Knowledge unit senior center.,2
3c244e5d-7069-4889-8cc5-65dc1762c056,Programmable analyzing frame,Social,1.0,2.3,False,33.31,USD,True,ada58201-7eb2-4ce5-bdeb-166a67cd0553,Ashley Espinoza,ymerritt@pennington-wiley.net,Giles Group,293bfa8808e10503,v1,Never take story meeting their measure something.,2026-02-27,patriciadurham,Available per space.,3
1397cd5b-b6d5-4921-91fb-4f5a4d2c41dc,Synergistic intangible database,Finance,7.4,2.1,False,23.84,USD,True,bdd5dd7f-ca8c-46d2-aae8-11bdca68ca56,Karen Davis,mary94@hicks.biz,Rodriguez-Mcclure,21b878c255ed2295,v1,Near behavior state news store when.,2026-01-18,walkerashley,Way less its of. Rich couple she medical arrive kid. Fine sea up join bed.,3
a24222d1-df2b-40ed-a09a-b92fac91e7c2,Decentralized content-based standardization,Education,11.2,3.1,True,0.0,,False,708a4903-d1be-4013-adc4-1fd63026fc13,Erica Page,carterdeborah@spencer-brown.org,Jones-Palmer,33b19b28a3421da6,v1,Involve mention bring ground million provide agreement.,2026-02-09,joycelinda,Catch save size more public. Finally whom mouth morning. Outside cause father money.,2
cabb8ca6-856a-4eab-a50a-67417f039972,Front-line multi-tasking software,Productivity,12.0,2.8,True,0.0,,True,381f2d47-07a3-4a65-9bbb-4348ab3b3ab6,Francis Gilbert,jonesjames@taylor-franklin.biz,Strickland-Anthony,50e41264e35264c0,v2,Beat town increase find most statement.,2026-02-28,wsmith,Item push leg. Positive bad dinner technology little.,4
c72ff6cc-16ab-4d55-9f4a-94e90a1b7c10,De-engineered national protocol,Social,7.7,1.3,True,0.0,,False,cb14def3-a1a2-4767-93a0-0f7f806b49ef,Brandy Clark,vaughnanna@hubbard.com,Hunter Ltd,a74d5d9448722ca6,v1,Management special generation community early ask.,2026-01-16,cory26,Yes turn risk single offer drive public. Talk response pretty knowledge power ten.,2
e767d80e-1a2d-45e1-be74-aa9304d45729,Configurable disintermediate capability,Education,2.0,1.0,True,0.0,,False,c070496e-5821-4a06-bb26-d7e55c704c98,Alicia Daniels,xramirez@parrish-davis.com,Wagner Ltd,12ee38caef13a5a2,v2,Partner including fill summer laugh.,2026-02-25,beckerjohn,Responsibility group half them. Speak result rock material story. She process whether white.,5
b93a7309-7d34-4efc-a584-f047f24f70ae,Multi-lateral foreground intranet,Tools,6.2,2.6,False,33.12,USD,True,9c44095b-b236-43cd-a37e-dc983c47260d,Lisa Keith,sabrina42@pierce.com,"Johnson, Wu and Howard",28065fb7407a92af,v5,Cause put these.,2026-02-12,vmorris,Hospital wide color game any. Hit large Congress.,4
619bef79-a2b8-4fb9-821a-7386d361e676,Stand-alone cohesive standardization,Productivity,8.0,4.0,True,0.0,,True,01e3d299-43b6-46da-adb8-be43242e393b,Shelley Salinas,cheryl83@elliott-mann.com,"Klein, Mathews and Collins",86c1478b59d4f480,v1,Third truth world accept amount girl.,2026-01-23,leecaleb,Court director him product peace whom interesting.,3
9d565c17-d3df-4bc9-8c35-b62ffb439560,Up-sized responsive knowledgebase,Social,1.4,2.7,True,0.0,,True,496303c2-ac4b-4af7-9c30-e6140f32c4ff,Jesse Smith,corey69@hawkins.com,Brown PLC,17867552ba6d8eb3,v5,Receive car such foreign mouth.,2026-02-25,garciagary,Unit role choice nice. Subject capital and tell important.,4
c92e3e06-e488-403e-944e-0a836114d4a7,Total heuristic hardware,Productivity,7.1,5.0,True,0.0,,False,d45e39b4-f76c-4301-a31f-8130f3e45ab7,Elizabeth Reynolds,tphillips@phillips.com,Salinas Inc,f930faac3d41c79d,v1,Discussion newspaper it yard.,2026-01-23,pottscaitlin,Instead set others meet modern economic amount. Participant service experience image draw without.,5
4d4b9c7d-ac25-4cf2-9480-741525abd4a7,Focused bifurcated open architecture,Tools,5.3,3.1,True,0.0,,False,e69d81d0-5eba-4a84-b1ac-3a4b8f6469bd,Jamie English,tiffanytaylor@murphy.biz,"Kerr, King and Carroll",5584f9f9a9cb9513,v1,World way street institution fear worker.,2026-01-28,jimmyhurst,Time every charge. Local available water. Along rich program even southern contain guy.,1
36d03c9a-6302-43c4-8524-5eab6010fae6,User-centric logistical Graphical User Interface,Finance,9.9,3.7,False,44.71,USD,False,f8e14135-cca1-46a1-a684-c7623dc107e4,Steven Shannon,colemananna@webster.com,Miller-Wright,82992ebfa219e329,v4,Chance that this because ahead.,2026-02-18,camerongarcia,Pattern beat quite his. Per relate pick assume grow blue state. Suffer local character all.,4
2ba5ca70-24e8-4b37-8a5f-114220aa9811,Distributed static matrices,Finance,2.4,1.7,False,35.83,USD,False,64a1b64f-bd0c-4e0b-9158-880cb8b5179a,Sarah Maddox,omedina@perez.com,Sellers-Anderson,c37ff8011eb9bc07,v1,Series born soon unit scientist get pass.,2026-03-05,austinsmith,Field especially resource model another read. Include yeah open ability near myself leg.,5
aff246b6-af72-4215-9017-b8ac3c900ade,Reactive holistic data-warehouse,Finance,7.3,1.1,False,46.16,USD,False,a44105b5-4fd1-4570-b5d9-e0ffefe26616,William Armstrong,fstephenson@lopez-nash.biz,"Lee, Edwards and Vincent",da9c530f04cce568,v4,Century Republican front term social.,2026-02-14,kingjason,"Near on owner. Yourself bad save.
Professor decade fill. Student reflect clearly.",3
81367c98-c5b5-45be-8c85-65ce64feacf1,Enterprise-wide contextually-based complexity,Education,11.2,3.7,True,0.0,,False,50f0e7ad-445e-4646-88d3-61e7a4c937cb,Richard Hurst,carol30@collier-hernandez.com,"Marquez, Hale and Perkins",3ad458e45a69e812,v3,Teach final almost hot.,2026-02-27,rpitts,Other pay often this at note traditional. Child my network marriage paper give face.,3
493a2116-e1c8-4f63-a1d5-78c11b42d3a9,Ergonomic eco-centric flexibility,Finance,12.4,2.9,False,34.59,USD,True,acffda56-8b27-4ae0-bad6-c56b537b0e19,Phyllis Anderson,shawnhoffman@ramirez.com,Campbell-Molina,7b2f7d7ec6e36a97,v4,Finish month movement kid southern whom lead.,2026-01-18,marcochan,Spend understand likely ask especially. Stop mention arm million note claim ball of.,4
db91bddc-a7d5-4be7-ae82-69095a4e7d89,Customizable contextually-based throughput,Finance,9.7,3.2,True,0.0,,False,1c6d5fc5-1988-43ef-bc4f-8f4b6676ef0b,Monique Willis,anthony67@meadows-smith.com,Weeks-Pitts,9d8c7102d23769b5,v1,Laugh support thus market scene section total.,2026-02-25,adammoore,View anything less control place. Vote area beyond minute manager your although.,1
b32dc2ce-80d2-4b98-8766-a2722a00ae25,Visionary clear-thinking monitoring,Tools,10.9,1.3,True,0.0,,False,0cf766a3-c6bf-4819-972c-168cff3e42aa,David Hamilton,sanchezangelica@roberts-elliott.info,Chen PLC,e61d5ae3aeefa85e,v4,Yourself popular special performance fire west.,2026-01-15,michaelhancock,Rich box throughout only once. Black arrive your national. Its her mission effect water.,1
59993016-725f-4047-ab2f-7fd759eb6ab2,Optional client-server encryption,Education,1.9,3.9,False,15.66,USD,True,9f67c3be-3c67-4a3d-ba64-fcaf1bb13094,Jennifer Jones,xdavis@moore.com,Campbell Inc,4347d34359f73b79,v3,Purpose fund involve see hundred allow.,2026-01-15,wgordon,Already her author trial above. Business fall follow manage.,5
4e3da2cc-d06c-48ef-a15f-f1f51a5441ce,Total static algorithm,Games,5.4,2.5,False,35.73,USD,False,e12d8dbd-e0c3-46ee-88f4-2b6cadc9260e,Robert Ball,bryan55@price.com,"Calderon, Elliott and Davidson",c6de4899101807be,v3,Take send church decide state between.,2026-01-27,gonzalesdebra,Too wonder fast pick west story article. About make speech left.,2
18b38680-1e04-4ed7-9204-deeca6bf2adc,Realigned background data-warehouse,Finance,2.9,2.0,True,0.0,,False,fcf0a923-6e29-40e5-aa35-4ad09ea64e37,Robyn Cardenas,devincoleman@patterson.com,May Inc,8415e8285c306751,v3,Likely along western threat.,2026-01-26,smithsherri,Yourself still group instead us beat. President down line let avoid.,3
c5d73556-20da-4975-bd24-8c1d1c41f5d9,Reverse-engineered bifurcated extranet,Finance,3.6,3.6,True,0.0,,False,19a5f6fb-2c0a-4c92-a49a-a97f137d046f,Christopher Kirk,johnhardin@johnson-byrd.biz,"Spears, Hatfield and Martin",3e25d291cf70b4fe,v2,Situation spend fill school.,2026-01-16,davismichael,Town glass generation behind consider money scientist east.,5
35cc9e89-1343-41a1-8271-8ac033c9f3ee,Seamless zero tolerance service-desk,Finance,9.0,2.8,True,0.0,,False,26d75753-131d-4ceb-9c7c-be6a1d2d40cb,Amber Deleon,heidishaw@sharp.com,Mclean-Snow,d107175d0731adb0,v4,Attorney Congress group next modern affect computer act.,2026-01-03,lvaldez,His already without middle. Sort state bed contain. Cost happen couple several whose head.,1
7f34de39-49ca-4fff-8448-c304adf23e32,Business-focused 5thgeneration Graphical User Interface,Games,3.1,4.6,True,0.0,,True,443f4b3c-0bc6-4363-8671-f441d5465baa,Robert Wilson,jessicaevans@robinson-roy.com,Benjamin-Lee,c3d40101a7256984,v5,Determine hear record series form if role.,2026-01-10,joseph00,North fish nothing summer owner face bill. Carry bring past.,1
3bdc01c9-e018-448b-80ab-3e7e176a79e3,Enhanced multi-state project,Productivity,2.2,1.2,True,0.0,,False,193bb049-0140-4a9e-8fcb-40efc523f26c,John Schwartz,hvance@ford.com,"White, Macdonald and Barnes",fdab8bf4cd69e3b7,v3,Possible purpose see nice easy position hot.,2026-01-24,morganveronica,Something beat apply among foreign Mrs but. Behind return science down.,3
f5ae09d7-acd9-4dbf-b2c7-1641388c6dbe,Assimilated 24/7 projection,Games,4.4,4.1,False,11.83,USD,False,5d4b9ec7-eedd-4c4e-8b5c-52822418c0bc,Stephen Mejia,colemanlucas@jones.com,"Turner, Rice and Cook",5f02c0906e4ee4b8,v2,List few high machine.,2026-03-02,benjaminmccann,Consider party action none young approach form federal. Player foot often.,4
8829cbbb-bf4f-4ff9-bd56-4c78e76f2089,Networked holistic access,Finance,9.5,2.3,False,33.21,USD,True,77182319-272d-4736-89b5-b7e314b04466,Michael Dixon,jodigomez@thomas-woodward.net,Cameron PLC,bd96034edef6003f,v5,Movement age enough.,2026-01-11,piercestephanie,Fine once camera thank. Different morning send your popular make. Customer kid create expect.,4
9d32e427-23e4-4617-bf73-87b76e03ee49,Versatile non-volatile parallelism,Games,11.3,4.8,True,0.0,,True,1554e2f8-6511-4e7d-afb7-38c50a322840,Michael Meyer,mcculloughjohn@ayala.biz,"Phillips, Vaughn and Williams",d216c9c6505b6a9f,v1,Bank purpose different run again.,2026-01-28,dbernard,In often mean when. Interview shake soon forward financial last education.,1
b3b14637-7aac-430d-8093-3c643cc6fe7e,Horizontal stable knowledge user,Tools,6.7,3.2,True,0.0,,False,1605a934-3137-4bc4-8222-2d56cbdf40c2,Gary Ibarra,garciatina@west.com,Greene-Lee,c59d36700129c1f0,v5,Cultural Republican recently audience.,2026-01-29,epatterson,Happen painting clearly notice. Everything form often ahead.,2
d03d2ca7-037c-4706-a606-ebb1b33a979d,Adaptive content-based policy,Education,3.6,3.3,True,0.0,,False,71851ec7-f17c-47b8-8a06-be560bb9ec60,Nicholas Mason,michaelmeadows@warren-keller.com,"Miranda, Brennan and Werner",221a39de8fcc4945,v4,Do floor ten positive.,2026-01-31,katelyn00,General east teach debate town. Government stuff another I month decision serve.,2
05357459-b0ba-42cc-b8bc-abba3a1ddbf1,Reverse-engineered bifurcated middleware,Games,11.8,1.9,True,0.0,,True,51b1da2b-1e6e-47ca-a382-ea9de48ba6e4,Jessica Martin,ycarter@parker-martinez.com,"Stanley, Perez and Thomas",65a7f63f75fd8dd4,v2,Discuss western by own seek sound.,2026-02-25,malexander,Account region goal hand month last. Student drug kid help society color.,2
58f301f2-ba54-411b-9f42-7bf10f547d2a,Front-line contextually-based interface,Finance,9.4,1.1,True,0.0,,False,f7995a19-cfd3-4540-a1c2-7a8814a65aba,Joseph Stokes,gcarter@miller-lloyd.net,"Wright, Martinez and Warren",80a9a7c2563cb925,v1,Example religious consider size buy nearly.,2026-03-01,kellymaria,Benefit drive social nothing position. Page reach month. Interest style finally role gun skill.,3
95100cd7-2ec3-4339-a7d6-87b73c97abd4,Vision-oriented maximized matrices,Education,6.1,3.1,False,14.27,USD,True,e535e684-7c16-4d9e-b05a-a6a43b93c49b,David Salas,elivingston@roberts.com,"Mcgee, Pratt and Jensen",c0312ff0d4fe749c,v1,Fund under he piece.,2026-01-30,garrettanderson,Despite scene character discover human seven win. Throw lot garden hotel American.,5
a8c872ae-7a28-4211-bb78-05300274c7c7,User-centric methodical workforce,Productivity,11.8,1.1,True,0.0,,False,cf74f252-50c5-49a8-9e48-370ae9be19fb,Daniel Harris,webbmitchell@herrera.com,Hughes-Arnold,f49a83ad183d69d4,v3,Unit rock interest on power because western.,2026-01-23,samanthagarcia,Produce claim town professor. Any staff site form probably.,3
4e229b94-c95a-40bd-b4f2-9201df40d6e2,Virtual attitude-oriented website,Education,1.1,4.3,True,0.0,,False,782313ff-50f7-4e31-a1e4-55cbd315dd19,Allison Wiley,kathy91@marshall.net,Anderson Ltd,de74df176da8d252,v2,Future tax option.,2026-01-12,garciaalexander,How explain political age. Grow ball same computer political country protect official.,2
d0acbfc7-3f8b-44e0-8f1a-e8b52ccdf345,Monitored optimal ability,Education,4.4,3.7,True,0.0,,True,b4a8be21-7908-43f3-a60c-72aaf3d50b01,Eric Sanchez,kingrose@lee-tran.com,"Jackson, Browning and Davidson",d6a6b2aebf819e3c,v3,Congress produce arm place loss.,2026-01-25,michaelherman,Suddenly ready station. Cultural reach economic pretty yourself. Civil fight more single.,4
643d4a1c-f363-4c0a-8a83-ed5d650f58d1,Organic asymmetric protocol,Education,3.4,2.4,True,0.0,,False,16808ae7-3fd2-4364-894f-0ffca0f2faed,Joseph Ayala,eclements@olson-rivera.info,Johnson Group,0cfbc54a471f9caa,v5,Bit create assume region spend computer husband year.,2026-01-20,rmcguire,"Visit line indicate.
Free news standard job action. President player month late remember build.",5
31b0e2c8-da1e-4c1c-b81d-7e0c9cfd4224,Optimized maximized algorithm,Productivity,6.5,3.1,False,24.3,USD,False,acc8d07d-72d7-4df3-8d13-5d10d0a0665f,Rachael Mitchell,oedwards@murphy.info,Harris-Spears,e9fbcda542264982,v3,Once evening region music her school.,2026-01-09,whiteheadsuzanne,Language focus television PM ball. Nice parent process since others hard past.,1
fa18976d-c83b-4266-9a96-15a01c5c494e,Customer-focused logistical software,Games,7.8,4.1,True,0.0,,False,03082b8a-998d-4312-9bbf-c46ddd65eddb,William Pena,nathan48@johnson.org,Jackson-Butler,ef66268608ad3c0f,v3,She law pretty idea different seek responsibility.,2026-02-19,batesmark,Wife subject film car seem she information. Dark song character rock gun relationship.,1
6f752631-70e5-410f-8f3b-4aee6d80f8eb,Object-based next generation moderator,Finance,1.1,2.9,True,0.0,,True,c8ef66d2-c2a8-4dd6-b089-a8bf45f4126e,Angela Montgomery,joelsimpson@french.com,Bridges PLC,573bcbf75e660548,v4,Result wind half.,2026-01-17,barkerjason,Economy play machine quickly happen. Bed present lay above computer.,3
e0fe74ed-0fea-4985-9bae-bab0536abb9f,Phased real-time collaboration,Finance,1.5,2.0,False,46.18,USD,False,21f49172-0949-4806-8923-ccb44296a4ee,Joshua Sanchez,brentallen@flores-washington.com,Davis and Sons,154daacc77cf4007,v1,Must hotel long beyond after expect.,2026-01-11,jared15,Inside serve compare interesting. Probably mother somebody. Decision must rock base.,3
36b4fe80-0dab-4b1d-94cd-310c7b61c205,Switchable zero administration implementation,Productivity,3.4,1.6,False,48.15,USD,True,2b39be6b-bef5-4461-a5c8-c90007ba66a5,Joshua Benjamin,laura73@ryan.com,Chase-Heath,8d353b8445e12bfe,v3,Animal kind letter.,2026-02-03,julie95,Yet ready marriage like. Significant fine card five. Surface like plan happy moment.,5
49b1a7b5-ae03-42c2-bb82-9f6479c3ac9d,Polarized 3rdgeneration project,Finance,8.4,1.2,False,36.49,USD,True,df62defc-0b9f-4688-85c6-c76cb95237ca,Anthony Long,pgutierrez@lewis.net,Smith-Trujillo,e8472c7856be056d,v3,Science allow you each top contain throw.,2026-02-01,carriedixon,Might end all our trade. Toward window almost field less think bed recognize.,5
8c351385-0896-47bb-97ce-1b5b34eff1de,Cross-platform directional data-warehouse,Productivity,6.8,2.6,True,0.0,,False,de8f1921-1849-4b62-9994-124a338a4ecb,Theodore Fischer,ezhang@williams-lawrence.com,"Henry, Curtis and Reeves",8377338422bf7756,v3,Everybody where present as.,2026-02-18,kbarker,Budget else share short. World give have once. Measure finally staff actually they during.,3
772ab92d-dca8-4be4-b927-9cc0337daf49,Distributed scalable concept,Games,11.8,1.0,False,33.94,USD,False,50cb2d7f-6bf8-40de-b534-c94e336bbe0a,Isaiah White,gomezamanda@hall.com,Cook-Burke,cf6daedbc28cd38c,v1,Economy main or perform effect less.,2026-02-18,daniel82,Writer story remain hot seven. Least sense stock environmental production.,5
dedd9362-2d97-4a92-9667-4af485a4f5c5,Ameliorated cohesive solution,Finance,5.6,1.3,False,6.34,USD,False,46eb8fb5-672c-4d16-834e-37ac5441efee,Mr. Dean Roberts,jdennis@walker.biz,Roberts-Gutierrez,a98a6b0a0e3323ba,v5,Class stop eat today full party.,2026-02-13,vincentharmon,Though point expert agree. Thought short success should.,4
9d76470b-fdbe-40f9-8e46-8f8ab0385ee8,Face-to-face dynamic middleware,Games,1.1,1.1,True,0.0,,False,53e15994-badd-4cf1-bc13-1cc625338c97,Samantha Phillips,thomas42@drake.info,Knapp-Tran,f5e5ada87ea1c03d,v2,Cup rich deal hold thought agent center yes.,2026-02-08,heidi51,Today likely PM believe.,5
6a2c6ad6-d831-47a9-95b8-b541086d9c88,Fully-configurable neutral portal,Games,10.3,3.5,False,9.36,USD,False,d0831743-b019-46e0-84f0-9d80904bd15c,Andrew Roberts,nancyjones@galvan.biz,Nielsen Inc,088dfde642be1ce5,v2,Quite family within garden expect stuff start protect.,2026-01-19,zmichael,Reach religious nothing think.,3
f4a5a58c-21b2-4c2c-ab90-905d1368e3e2,Organic maximized benchmark,Games,7.4,2.6,False,10.09,USD,True,02639c63-30bf-47e8-8ed1-006e15141acf,Megan Cobb,xsmith@haynes-mendoza.com,Cox-Palmer,b882681183e116ef,v4,Fine he consider much old color wrong.,2026-01-06,tortiz,Card career media social. Book star pressure up reach.,4
068906f3-d652-4043-823b-096c9733ea9d,Virtual motivating strategy,Tools,11.9,1.1,True,0.0,,False,5273a122-9bdd-49fb-b734-73bcbd20bf96,Benjamin Manning,kellyhenderson@benson.com,Burch Inc,9b43df7ec0137327,v1,High describe quickly position bit picture.,2026-02-10,gabrielle90,Short believe participant group defense.,5
b5234715-6c0d-4dc7-8da7-2dbc2ddf6b61,Reverse-engineered high-level process improvement,Education,4.1,4.2,False,21.0,USD,True,1f0449b1-657e-460a-a65a-00e958d463c4,Kimberly Glover,grahammaria@davies.com,Lewis-Morris,ff512742b08f406e,v1,Drop member bar born religious.,2026-01-25,shannonbeard,Specific score return go moment system. Nice back fall method.,4
dc239e14-a554-430d-94c3-5a7a7fc95746,Multi-layered tangible conglomeration,Social,2.3,2.6,False,32.33,USD,False,11ee30db-2e4c-4562-882d-d147882ac9ad,Dr. Natalie Sanchez,bradleyhailey@townsend.com,"Huerta, Moore and Johnson",2ebd9731f275f58a,v5,Blood either week anything social improve.,2026-02-26,jonesmelissa,Decide late foot environment perform international. Hand arm science hot size lawyer.,3
53ca3a64-e595-40cc-9542-7bf6c1a3e0fe,Centralized secondary initiative,Games,9.6,1.8,True,0.0,,False,41e02100-c87d-450a-8a4e-638bd176c2a6,Jeffrey Moore,bridgetcoleman@webb.net,"Mendoza, Gonzalez and Harris",6a09f3062bb65862,v1,Coach family hand inside.,2026-02-01,wendy72,North instead final moment maybe. Ten support short some instead bad.,5
2ee947f7-91f5-4929-857d-3c80f7e34e01,Inverse context-sensitive capacity,Productivity,11.4,3.9,True,0.0,,False,c7c26b8a-62a8-4f1a-a120-63ff83893adb,Brenda Brandt,miabennett@murray-callahan.net,Brown-Garcia,7726898758ff9241,v5,It interest become hospital.,2026-02-04,nkaiser,Push level no. Pay begin music month plant leader.,3
832854d3-2f3f-4a73-b932-528806f19818,Quality-focused 24/7 Graphical User Interface,Education,7.2,3.9,True,0.0,,False,6103363e-9e1d-4795-a3a9-474e78851c23,Jeffrey Evans,gomezscott@webb.net,Lewis Ltd,07e122e41fd01e2f,v4,Street catch outside each.,2026-01-01,cortezandrew,Both science officer while ahead. Cover option vote along language feeling yard enjoy.,1
16d977e5-c7a5-46b3-a9c7-b96ba7b15f0e,Face-to-face explicit flexibility,Social,7.2,3.1,True,0.0,,False,a0663a7d-3f6c-459f-9aaa-2e8b0e871e8d,Michael Contreras,nelsonjoyce@campbell.com,Smith-Allen,1c2d057b2c9d0525,v4,Available control scene effect catch security girl student.,2026-01-07,bherrera,Knowledge whole enjoy place.,1
88256b4f-b7a1-47ea-aa9e-2bad68fb2265,Advanced stable hierarchy,Education,6.3,2.3,False,16.17,USD,True,a9bc6216-b53a-4de8-9a19-b332760ea372,Stephanie Bell,kristinsnyder@harris.net,Ritter-Luna,5683ed3cfc6e15c5,v1,Future north first these.,2026-02-11,mariah93,Dark politics song perform far. Character worker people later each recognize all ever.,2
3e0b3594-7de8-4a74-b720-25d65bfe02ea,Ameliorated value-added middleware,Finance,6.1,1.6,True,0.0,,True,9d8b422a-3aa6-475e-a7ee-77e08ce1b25d,Earl Cisneros,matthewmathews@gibson-jackson.com,Adams Group,872e1c94a9dd7dfc,v4,Soldier benefit prevent.,2026-02-22,ylewis,Along production material those. Event paper finally personal.,3
8db67ac3-43d9-4b07-9f10-7b6680b9c395,Multi-lateral web-enabled help-desk,Social,7.7,3.8,True,0.0,,False,6acf55db-c9ad-4491-a435-2e2fad277c89,Kevin Mclaughlin,oliviacharles@moran.com,Smith and Sons,23b6049647d58bf8,v3,Claim fly customer difficult.,2026-01-28,hdavis,Sister professor worker final develop four poor. Most hold try institution bank page report admit.,4
3d55aa12-6a17-4eef-a714-4227c9935f27,Visionary homogeneous synergy,Education,11.5,1.4,False,42.0,USD,False,0d41ebf8-4959-438a-98f8-cc641cb2aa7a,Shannon Frye,jenna54@moreno.com,Guerra-Jackson,7ff1399c84638ed6,v1,Magazine front just agree government care ready.,2026-02-17,sandybrown,Usually perform you. Test it oil.,1
6b1f11d8-fa8b-4961-b5df-ad832c559d85,Automated empowering success,Social,10.5,2.9,False,27.35,USD,False,d04e21cb-29b8-4c32-971f-6891bb52a167,Cody Fischer,clarktyler@lee-smith.net,"Sims, Campbell and Hansen",cb99b512984deebb,v5,Outside north gas language glass when tonight.,2026-01-29,llee,Town difficult old speech. Certainly all hard whether plant. Work mind live reality.,4
cc3deed5-00d3-42e6-a0f0-a54d5bf1a29a,Future-proofed neutral utilization,Social,5.3,2.5,True,0.0,,True,85f049ac-df08-4743-a592-6ef8a3ef0394,Cristian Terry,elizabethtorres@moore.com,Blanchard Group,d08e72699c1b326d,v4,Degree discuss general still nor.,2026-01-28,delgadosandra,Tv bring education affect. Time painting send.,4
c84a2b54-e80c-483d-a5d1-6f67ae627a9f,Polarized non-volatile strategy,Games,10.0,5.0,False,35.76,USD,False,e815f1eb-a390-4f53-806d-e38e4c9bc325,Katelyn Holmes,judith88@smith.biz,"Vazquez, Phelps and Smith",444019b3c01bfa00,v3,Conference service interesting arm major fine federal occur.,2026-02-03,aprilhayes,That lot hotel sure result budget rock. Sing simple provide rich why. Sister account another whom.,3
f2e6c957-dad9-41b6-ad36-a2432ebad268,Cross-platform modular function,Games,4.2,2.1,True,0.0,,True,3fdd7620-05bc-4264-990f-36f0cd88dcf9,George Moses,kellykelly@dodson-edwards.info,"Perry, Landry and Moore",5e4ad48d97f505e0,v4,Boy movie or sometimes thought much whole.,2026-02-25,pricemichael,Account various arrive arrive check above win. Pretty choose student control.,3
c297676a-6100-45e3-ae6c-0ec4479d7039,Extended dedicated hardware,Finance,4.0,3.6,True,0.0,,False,1658cc7c-b936-444e-8b89-54391c29e449,Eric Noble,tammy09@alvarez-page.com,Nelson-Pierce,9c6e88ec7effd644,v3,Never close be send.,2026-01-23,lgraham,Onto image change performance anything anything pull. Among almost create although street foreign.,5
9238b688-f7b4-404e-8c9a-0ed9b0047aac,Cloned optimizing definition,Finance,1.9,2.2,True,0.0,,False,9ce2c3d8-eb7a-40c4-98ef-8e6e5a1d5eb6,Tasha Smith,lisalynch@hall.com,"Reed, Carlson and Scott",b6c921a2e5ba4289,v2,Politics day beautiful behind once news.,2026-02-20,browncandace,Help sense station travel always. Audience ability edge heavy country table know every.,2
27f2eb97-cbf7-4ec2-9d7c-8bb123721e3f,Managed context-sensitive process improvement,Productivity,3.0,1.2,False,35.41,USD,False,59f04d98-c1f3-46c6-bab7-470f45bbe5d5,Madison Gomez,james72@chang.org,Haley and Sons,343e1cf79af38b59,v4,Seek treatment development.,2026-01-06,amandaskinner,Kid candidate full near. Trial place but work answer computer oil important.,2
686d92b4-b0c9-44b4-adb9-d4f2b2d31abf,Ameliorated zero tolerance flexibility,Productivity,5.1,3.1,True,0.0,,True,0c112497-03c9-4d3e-8bd1-096a0de7bda2,Brian Banks,fwilson@silva.biz,Flores-Wilcox,f497c3f6cffb1c0b,v2,Soon behavior generation mother hospital certainly throw inside.,2026-01-27,natalie76,Day big size week. Arm point involve now cultural. Now nearly issue trip high campaign.,3
7d9ab7fa-e17a-4863-9fa6-4d5d2920b041,Team-oriented optimal challenge,Education,6.5,1.4,False,24.3,USD,False,c66e4bce-0828-4cb6-8d49-5921e78b4cab,Christopher Lam,thomas98@brown.com,Acevedo LLC,ed273305fd18f5ce,v4,Her good heart side.,2026-02-20,lindsaypowell,Foreign about call big increase. That choice exist evening worry us effect.,3
b8dfa6c5-ac21-4941-91ae-2f3dfb837e9b,Ameliorated asymmetric projection,Social,7.3,4.1,True,0.0,,False,109b3bbb-874c-472f-99b7-62ace067c3e2,Diane Tucker,denise61@hughes.com,"Torres, Sexton and Gutierrez",eb575ca751e5f564,v4,Voice prepare help power director.,2026-02-10,jamesellis,"Law leave owner.
Career whatever radio describe fall financial since.",4
9d96d923-8446-4dae-ad6e-dfc25479032d,De-engineered directional framework,Education,1.1,3.3,False,28.64,USD,False,ae88ef0e-6642-4353-8434-42a7fafe3d25,Leah Buchanan,mackjennifer@taylor-yang.org,Underwood Inc,1cbb1c05b668716a,v4,Improve second painting local world only.,2026-03-03,annnelson,"Least perhaps employee course better.
Worker any no. College style note board sound may less.",5
e7ba3fe2-7d01-4b0b-97f7-7fac87ba486f,Cloned multi-state service-desk,Productivity,5.2,4.9,True,0.0,,False,b8e9c7e6-1188-4fcd-8845-5c984a66a156,Sarah Weiss,benjaminstone@perry.org,Davis Ltd,10a7955dd233be8c,v5,Know whatever pick.,2026-01-14,dianaellis,Participant feel south. Capital image minute. Anyone art college old recognize.,2
fea99ae7-8d2d-4306-bc0a-3505ec18c51f,Down-sized bifurcated attitude,Games,1.3,4.2,True,0.0,,False,e5156d53-2adb-40f4-a6f7-4c07d7437aaa,Peter Taylor,smithfrances@gay.info,"Chapman, Graves and Nelson",ccb5d09e44f2bab6,v1,Candidate back rate let light pay.,2026-01-20,conradshannon,Such determine bag beat. Because force talk sea. Other per hour by.,3
d3e97306-4d29-4495-96bf-34a264f2ed0e,Inverse uniform database,Productivity,12.1,2.4,True,0.0,,True,3a5f838b-b926-4d4b-99f9-edf4d5ffd5f8,Allison Johnson,courtneyjenkins@garcia-gray.info,Maynard Ltd,5e6b842af3163f17,v3,Window career cultural heart yet third.,2026-01-29,joanna85,His true star move. Film against give billion what painting it. Mrs sense some film.,3
92947962-8687-46f6-8f9b-6f6d1a908b52,Object-based multi-state frame,Games,1.3,2.5,True,0.0,,True,88323995-d4ca-4c52-a316-c970b4bbe980,Daniel Green,ajones@newman.com,Mcgee PLC,5729f61536eee8d8,v4,Speak among city cost business they daughter.,2026-02-08,hernandezmary,"Model lead owner region. Whose food some. Test collection those.
Scientist its fall practice head.",1
33a9f30b-068d-4fd7-b4d7-63c3f05361a8,Diverse mission-critical toolset,Finance,3.9,2.5,False,15.45,USD,False,085107de-bbf9-42b0-90b0-71abbca2d753,Robert Flores,bradfordvictoria@dominguez.com,"Black, Williamson and Price",e4ef3735745770f2,v3,Author star player follow future care.,2026-02-28,esparzarachel,Ten whatever involve add state add friend meet. Green recognize fish.,1
bd4731f6-dd8b-4b3f-975b-b5a979c7f887,Reverse-engineered systemic open architecture,Finance,7.7,3.2,False,18.51,USD,False,23ece496-6a05-41f9-888c-bb0b595c2d1b,Katherine Jones,grahamangela@estrada.com,Schultz-Shaw,1bd12be294c5ca40,v3,Candidate need law say day treatment.,2026-02-25,lindouglas,Citizen Congress fear. Industry plan control. Effort admit will old yeah point reveal.,1
969ff48c-06d4-4037-b28f-56b8372c62c1,Profound optimizing flexibility,Tools,11.3,1.6,False,24.24,USD,False,8ad9d25b-b493-4cec-956a-dc4eab0956ff,James Frazier,cynthiamunoz@horne.com,"Alexander, Rodriguez and Hines",33048b29d783c0da,v5,Many mother nature drive college real.,2026-02-12,stephanie01,Himself light popular. Guess nothing why place.,4
d841b844-48fc-4740-8bb3-21fe73a6c54e,Self-enabling zero tolerance access,Tools,4.9,2.6,True,0.0,,False,adf6e5ce-f016-41a6-ad88-57e08799673d,Anthony Hudson MD,gkennedy@whitehead.biz,"Martinez, Wilson and Rice",1e68b7641fa02eb2,v1,Sure couple company group moment.,2026-01-15,heatherperez,Author late protect. Actually although character pull. Face memory remember.,1
95724cb3-e769-4af9-b7ab-f1f2758ec666,Synchronized analyzing projection,Productivity,4.4,3.3,True,0.0,,True,a31357f8-0a65-4eed-8d38-48fb9552ac47,Carl Farrell,mikayla05@leon-evans.info,"Martinez, Michael and Kelley",061e2f77553755de,v3,Rock of own will front whose action.,2026-03-04,iho,Hard suddenly area begin left smile together. Brother standard sing whole less soon now.,4
81e01938-eb58-4acf-a2f6-5f8c49868966,Total user-facing interface,Finance,10.3,4.6,False,48.25,USD,True,ca69efdd-df19-4eb0-aa4d-8e9df96d8b94,Shannon Brown,pfloyd@duran.biz,Henderson-Simpson,a74482b679fe6169,v1,Wrong accept face.,2026-02-09,stevensonbrandon,Today south likely. Which market get appear perhaps.,1
3c036955-5994-4723-aba1-d81c818eeef9,Centralized analyzing middleware,Education,7.2,1.1,True,0.0,,True,4631b6f3-ed02-42e0-8dee-27968604a759,Ricky Morrow,lscott@ford.com,"Sanchez, Figueroa and Scott",bbc775ecdf4e5c80,v1,Discussion prepare sister wear.,2026-02-02,whitejennifer,Cover guy property start. Hundred owner like science town. Later he amount color help.,5
fd293fc4-16ec-4f9f-a7e1-6adc99818dc7,Profit-focused global approach,Education,11.5,4.2,True,0.0,,True,923dd0ce-79bf-4eea-b4e7-428980b416b6,Darius Stewart,williamvaldez@carson.biz,"Sanchez, Carter and Lee",3dbb04b32fa87535,v5,Couple follow deal talk spring report.,2026-02-25,shawlisa,"Mean far tax forward. Place possible determine money day away.
Sell sell condition professor.",1
d9e049e5-9392-478d-9bf6-303487cb7634,Ameliorated attitude-oriented framework,Productivity,8.1,2.4,False,24.24,USD,True,1d8923d4-fd2e-4267-8760-f168380f87e5,Greg Holland,rmonroe@bennett.biz,Castillo and Sons,bc522b59f1741918,v5,Measure war think camera network avoid.,2026-01-03,hbell,Man impact American dog. Word student goal find. Million current impact population watch.,3
b3033971-bdd5-4eae-b638-4db5f6c35f44,Up-sized discrete migration,Education,10.9,3.7,True,0.0,,False,e01e10f1-8ac3-4881-a89e-89bfcafcbc5c,Jennifer Sanchez,kathryn24@hoffman.com,Lowe-Webster,20142c8dd667ba9c,v3,Meeting become nice police mother which reveal.,2026-02-01,stephensbradley,Cause across long prove. Return management check see. Way fact material firm itself subject.,1
dd0a7b1b-296d-4383-8c71-0c6931b1a14b,Networked next generation superstructure,Tools,5.8,4.3,True,0.0,,False,48ac18ce-1dcc-4769-a37a-c244881ebdc3,Allison Brown,jimenezjonathan@ortiz.com,"Evans, Taylor and Washington",cc7f716a79e3d476,v2,Travel others listen country.,2026-01-24,qsilva,Mr onto remain two do federal. Town type decade reflect standard conference inside owner.,5
94f7d56b-7722-4c74-aa97-dfa36e33792c,Realigned grid-enabled open system,Productivity,6.2,1.4,True,0.0,,False,a4fb3e95-82ab-4623-9f07-766983782d13,Donald Reed,howellthomas@turner-martin.biz,Barrett-Green,71c2c3dfb3d807a5,v4,Ask movement must popular everyone site best.,2026-01-09,trevorcooper,We concern weight issue return down. Kitchen level ball more.,2
99f2c6e3-fa2c-4e88-9fd3-a1361b381e02,User-friendly logistical contingency,Social,9.3,3.8,False,4.57,USD,False,b603aae9-19ca-4076-9a7a-c846b42dce1d,Ryan Hawkins,robinsonbradley@jordan.com,Rogers-Murray,c584e033fb6752b8,v3,Result use former million campaign report.,2026-01-01,garciatina,Wife large strong should. Meeting certainly business tax. Ok draw down chair onto hit party.,5
1224ce16-b970-4a80-a6bc-ecc1baf9b4b4,Profit-focused grid-enabled matrices,Games,9.7,1.7,True,0.0,,True,8ec7e6cb-c0a5-4794-b5c2-c967331def49,Frank Taylor,morganharold@sanders-watson.com,Miranda-Johnson,6be821958336d7c9,v1,Employee practice professional environmental time majority happen.,2026-02-20,zavalamichael,Fall recently two. Knowledge nearly ground long.,3
5ed83605-e20d-47a3-899c-d413db946c31,Multi-lateral stable superstructure,Social,5.7,1.4,True,0.0,,True,e6239b77-8c9a-4451-b64a-cb26e4ca8921,William Ward,katie17@lewis-adams.net,Williams-Hernandez,0549481ef46e315b,v1,Who ever it loss deep.,2026-02-05,isaiahedwards,Should account reveal. Guess recent oil such.,2
f091191c-6efc-49b5-abf5-36f89102cf71,Total grid-enabled contingency,Education,11.0,3.3,True,0.0,,False,f28fc3bd-5d0f-417a-b056-ca4ccb26cfb6,Sharon Vincent,bradykaren@garcia.org,Fox Group,aa81ee13034bddb2,v2,Sell avoid anything line push already appear their.,2026-02-15,dboyer,Book no mind determine personal billion. Relationship care city business.,4
f8309de0-d9bd-4c7d-bec2-a95502c7f06a,Profit-focused 6thgeneration monitoring,Social,8.3,2.0,False,20.55,USD,False,d7fa8724-de56-4026-bff3-e6ab8bc861a6,Chris Pacheco,walkercharles@williams.net,Becker-Hernandez,4a09e0dcd5c91d23,v4,Action author debate soon.,2026-01-15,alvaradobrittany,Picture usually check activity. Over include will medical practice family court play.,4
05b21b69-13ee-4c66-9530-58e74c25a71d,Versatile stable extranet,Social,2.8,3.2,False,48.26,USD,False,4b94a57c-fd83-40ad-a599-60aff0b6f39f,Anthony Hoffman,spencerjustin@franklin-johnson.biz,Hansen LLC,2cc37e4338400a9e,v2,Opportunity create party hour reveal sea across low.,2026-02-19,maria57,Our among happen television clearly explain. Parent performance cause skill.,4
0c9872c5-507a-40df-a066-fa561cfd4d7c,Versatile multimedia workforce,Finance,1.6,3.2,False,44.54,USD,False,f1be6d93-40fe-422a-87a6-b914410e82b8,Danielle Anderson,baldwindavid@cox.org,Williams Group,9447b2cdfb207bf1,v1,Old natural low the response write bank.,2026-02-19,donna52,Country concern mouth both fall say fire. Fly hour small serious.,4
99afa3ec-7076-42c0-a89a-32cd7904cc2a,Pre-emptive background leverage,Tools,1.7,3.2,False,29.65,USD,False,116f3753-e7d3-43ff-8c26-07473c24757e,Christopher Larson,fsnow@miller.com,"Anderson, Galvan and Davis",3b667fafae6cfcf1,v5,Turn catch off black exactly born similar.,2026-03-02,pricejeanette,Carry maybe part talk morning here. Between Republican wish could collection beautiful.,5
f3a47f98-d2c4-4832-bcb2-2065a7ffb82c,User-centric needs-based encoding,Finance,8.6,2.6,False,31.1,USD,False,1621bed6-7a8d-4d6e-8075-35dd3e17f316,Meagan Henderson,yvonnecampbell@austin-parker.biz,White-Briggs,ee05049d792b5162,v5,Act loss color evening race front.,2026-02-16,wgray,Letter he interview. Environment baby move against.,5
a5cc9de6-2acc-4d84-9928-b8dd0809a602,Fundamental 3rdgeneration open architecture,Finance,6.5,4.9,True,0.0,,False,afc64e51-54a0-4286-818f-f0b8733755cd,Roy Walker,jamesbutler@norman.com,Campbell-Lee,7e402d91447ee8c5,v2,Can student happen others lose later something.,2026-01-07,yreese,She ask garden unit. Experience left home.,3
58023514-a3c7-4dab-b0cc-9ebf07728a20,Integrated multimedia adapter,Finance,1.3,3.6,False,7.47,USD,True,0e614cff-fb98-44e9-a68d-d5221feb9d2c,Katherine Parrish,johnmorales@underwood.com,Brewer-Martinez,48f99b68f58fd109,v5,Among book article try performance woman president.,2026-01-09,seanhowe,Strategy movie claim somebody wide. News none including idea business.,4
d0d4f1f8-ecf6-4bc5-a651-9b4f34d946fa,Mandatory leadingedge flexibility,Finance,8.9,4.5,True,0.0,,True,105d3f8e-6aee-4bfd-8492-13bbd9596b47,Kayla Wagner,udavid@todd.com,"Kramer, Contreras and Wright",005fe1e86c6ea1fe,v1,Offer message determine send offer kid.,2026-01-30,fosterkevin,Between executive woman magazine. Individual expect short choose and price.,3
243c85b7-2f21-4809-ab09-f61ceb2abc74,Re-engineered 24hour moderator,Games,12.3,3.6,False,18.17,USD,True,8b573bb5-b8a9-48ee-beb1-72dbc8d82b65,Alex Armstrong,singhjeanette@savage-sloan.com,Shields-Farmer,f49a3fee4c9d9789,v3,Century cut treatment already performance.,2026-02-03,joshua03,Bag how movie meet be. Sister great skin mean all. Spring television reflect participant go.,4
109b1fb3-5576-4b19-9af2-8c7200e71b9d,Cross-group global complexity,Social,8.6,3.8,False,40.21,USD,False,4c57db95-2f61-4c6d-9e18-23d676a54eed,Dale Gutierrez,michelle49@maldonado.com,Hawkins LLC,2de56169369d5806,v5,Either including ten foot.,2026-02-03,jon51,You movement especially live. Wait result listen car culture watch follow.,1
2dc32a12-9546-4d86-9dcd-184f13ad1319,Function-based bottom-line leverage,Productivity,11.6,1.9,False,8.72,USD,False,b604b13b-3aac-477f-aefb-926bf590441d,Catherine Harris,sarahfischer@jones-smith.net,"Wilson, Arroyo and Velasquez",4f2e9fa4bd6aa4f7,v3,Region also recognize could nice.,2026-02-02,bwagner,Arm series fight agreement nearly anyone. Key shoulder glass happen foot rest.,3
c005beb7-f826-4d58-b072-2992198a97f4,Re-engineered bi-directional secured line,Education,5.9,1.9,True,0.0,,False,09a702be-db71-4db8-9ea1-621f2c7c170e,James Davidson,reginald13@rowe-morgan.com,Craig-Moon,4a5f05ab7b0c77e1,v5,Finally trial administration too young education just.,2026-02-27,georgedurham,Reflect start open never. Answer human better for across.,3
40001bf5-d1d0-4e51-996d-29825314f374,Universal local hierarchy,Finance,11.7,1.9,True,0.0,,True,54a398cb-297a-4c72-af3e-e39873e69502,Troy Hartman,joshuabailey@esparza.com,Montoya-Manning,4d4b5b969c0ef2a2,v4,Society dinner worker good first.,2026-02-05,stephanie35,Difficult win city film teach purpose.,3
761d90d3-29d4-416a-8b5b-c9b02f6b849c,Profound content-based website,Finance,10.0,1.6,True,0.0,,True,dd6f14e3-5db1-49ad-ae88-af9befc377ea,Michelle Myers,anthonywalker@james.net,Vance Ltd,3210ac7de1238ae0,v3,Wall entire throughout check trade white.,2026-02-02,ljohnson,Smile this feeling lawyer do focus. Common nice into we little million control.,4
b2c93d3d-89a0-4f9a-a836-a8d0ad542a2a,Advanced bandwidth-monitored structure,Finance,7.2,2.7,True,0.0,,False,4797c0ab-51e8-4c22-9ed6-7418deeb4d3c,Anthony Crawford,erinpayne@harrington.org,Henderson LLC,7ad7126af3e2f284,v4,Occur point size edge result take seem.,2026-02-22,shawnsmith,"Respond church win.
Enough result through reveal. State early partner challenge measure.",4
548308d3-65b5-4c4d-8d08-aaf82f91e66b,Programmable full-range project,Finance,8.4,3.7,False,10.59,USD,False,3a74728a-2948-4788-aaa7-c142a686a6b2,Danielle Mendez,wigginsheather@walker-walker.org,Allison Inc,d597a033c87cfa8a,v1,Keep arm her born.,2026-02-06,warrenwilson,"Drop mind money technology.
Try less leader way. Begin south rule time result.",3
efa143fb-d2eb-41b4-82e0-e1101963ec0b,Implemented intermediate matrix,Tools,4.6,4.7,True,0.0,,True,8dcf6d19-d477-4301-a369-805ba3c1e461,Elaine Ellis,froberts@gonzalez.com,Bradley-Fisher,dae9cf4f5c5e56b4,v1,Suggest player herself eye staff although arrive financial.,2026-01-31,brent09,Cell phone information near. Today task item attack plant traditional.,1
f985831e-3c85-43e6-8307-826b9146e6a8,Universal disintermediate database,Social,6.0,1.1,False,39.73,USD,False,0c1913db-6e82-4eed-8065-10dc9124f7f9,Carolyn Anderson,scott40@joseph-archer.com,Hughes PLC,49232ae13370462a,v1,Little necessary article too rate know.,2026-02-25,brooksian,Color three start friend. Look security same free. Blue play also source necessary.,3
4598d535-9e2b-4dfb-95d2-97b8c628a84e,Extended methodical methodology,Finance,6.7,4.1,True,0.0,,False,60e98a5f-d26d-42be-b57f-1a85e13f7f33,Kelly Lam,sstephenson@wood.com,Garcia Ltd,cf82bb5f3769560a,v3,Trial pattern say should both individual record.,2026-01-23,sydney68,Window rich cup cold management. Drug teach family until friend life future.,4
d00cc923-269b-4105-beae-12c79327325b,Total multi-tasking function,Tools,6.6,2.2,False,13.8,USD,True,25ba79f9-87d9-4dd1-89f6-6041809fd30d,Michael Carlson,petersonjoseph@salinas.net,"Allison, Lowe and Thompson",2ded5389a277a3ef,v4,Mrs listen officer firm.,2026-01-18,welchjonathan,Change team near size together message stand. Help guy range herself only.,5
65302bec-403b-4eb5-96fa-df48c8519483,Robust multimedia projection,Social,3.7,3.4,True,0.0,,False,a2dd84ec-def8-4ab3-9ec9-b1b1031215b7,Tyler Henry,fbecker@may.biz,"Shepard, Stephenson and Cook",6633c2b79a619912,v3,Choose fact whole thank could finish.,2026-03-02,kristinlarson,Wrong sing interview movie manager. Skill best near where dinner.,1
5a5f6267-3d6a-4c0c-8e43-7d77174430ac,Switchable motivating neural-net,Social,7.5,2.3,True,0.0,,False,69613b74-c04e-4087-8ed4-1fafc0e6e2ba,Rebecca Lopez,cookemary@taylor.com,Valdez and Sons,4235a9bbb24df222,v4,Necessary sister upon where experience half.,2026-01-05,williambernard,Support many evening hospital each.,1
64d796bc-38c4-40eb-90ac-ef7916887e10,Business-focused attitude-oriented structure,Education,3.8,2.9,False,23.29,USD,True,8c89690a-1776-4749-8eca-6826d8ae87a6,Carla Scott,matthew97@suarez.com,"Scott, Stephens and Calhoun",43f3ccbf2dca11bb,v4,Wrong positive heart performance he board shake.,2026-02-27,rwashington,Pay east pretty same. Whose true degree because image fall. Voice hot do full challenge structure.,5
7536589b-86c8-4073-966f-e96d401aae22,Versatile scalable Internet solution,Social,8.7,4.1,True,0.0,,True,1d2590e1-20d1-45e3-8505-90711a46f138,Michael Burke,alexis50@keller-miller.com,Allen Inc,5a847cfff43ab916,v3,Entire task too issue see boy one.,2026-02-16,bolson,Let lay sign language. Group evening have life might same together board.,4
78ee0a7c-c027-417d-b5bd-1012d6d1ba4a,Switchable well-modulated functionalities,Games,12.0,4.0,True,0.0,,True,c47ddc7b-cf39-4c5a-b4d4-96914b1bdbb3,Angel Mills,william06@allen-hansen.org,Williams-Edwards,e6201943f49e6103,v2,Effect between charge nation rule.,2026-02-22,josephfisher,Green another world lead laugh suffer. Bit movie cause gas bill.,3
06a81e3f-d790-4692-92f7-f5baab5955da,Exclusive hybrid framework,Social,6.6,2.9,False,4.98,USD,False,57c67aef-abf3-4dda-a110-870fbd4a540f,Richard Estes,tthompson@rodriguez-wiley.org,Cox Inc,d3e5be040d478f49,v4,Entire certainly key from world base.,2026-01-09,johnsonruth,Society staff some onto help responsibility. Owner tax travel begin only daughter.,5
ad0a75c1-7132-4cf1-a64c-c7d3487e4d64,Synergistic optimizing frame,Finance,10.4,1.7,False,35.58,USD,False,16471027-a755-4684-9fc9-21ec6338e6c6,Joel Williams,joshua87@parker.com,"Velazquez, Simmons and Villegas",fd42f9713a1fd498,v2,Shoulder weight detail.,2026-01-19,josephbell,Ground somebody read. Per sit commercial fund pass American according.,2
b9cd163f-eea6-47ac-ab1b-bfba69392c5f,Compatible client-driven parallelism,Finance,12.0,2.5,True,0.0,,False,06a8534c-db90-4c14-a043-e353fabfa5a5,Chad Wang,nicholas34@morris.com,"Phillips, Johnson and Cox",d3cc05485be66f5e,v1,Charge people friend western expert forward head minute.,2026-01-05,rothamber,Under sometimes carry clear. Mind chance few be world system.,2
1e9a6010-33b6-4ef1-9db3-2c9fde247b85,User-centric bandwidth-monitored secured line,Games,1.9,2.3,False,3.58,USD,True,ef747fdd-85d0-4b52-9e1a-73c2107e740e,Sarah Reed,ahill@robinson.org,"Morris, Hanna and Ortiz",401b2db957aaa055,v1,Their reveal respond fight assume bed.,2026-02-20,halltimothy,Decade deep game ball. Four guy structure.,1
2d395a41-dbee-4359-98d1-f5e9015791e1,Customizable optimal customer loyalty,Productivity,11.5,2.0,False,24.75,USD,False,ba6957d2-d68a-419e-9923-1a3fe93d69e6,Scott Morrow,horneamy@scott-key.info,"Long, Mccall and Figueroa",b84b3aab2315d7c7,v4,Include success own population worry.,2026-01-17,heather67,Series seem reality sit crime. At clear left skill group trouble his.,5
7078fcb4-91d2-4f20-9a73-0a0b4b4aeaed,Front-line multi-tasking application,Games,4.8,4.0,True,0.0,,True,92e22f27-c3ba-4bff-80b3-b1e02a4326e1,Donna Russell,jamie27@allen.info,"Waters, Young and Nelson",99cd19724bea3578,v3,Which day fire.,2026-03-01,karenwall,Above suffer collection account hotel. Fill upon yet occur full send.,1
657fb584-d91a-49d0-92e8-840c0597e939,Diverse multimedia implementation,Education,5.3,2.9,False,10.38,USD,True,94ab1b5c-b65b-482c-966b-d40ef4b92d16,Randy Fisher,mikaylacoffey@richards.com,Chang and Sons,6987990ec4b168d4,v4,Outside health successful each floor country organization.,2026-01-30,brandon58,Similar back cell lead former message arm. Enter quality evidence reveal agreement recognize arm.,1
03f25738-191e-4f54-bf37-aeac76ac4e60,Integrated methodical data-warehouse,Tools,7.9,1.6,True,0.0,,True,0988a102-e7cd-4415-adae-150ee70c19ab,Shane Taylor,terryriley@burns-patel.com,King-Cantu,72048bc318f732ac,v3,Early particularly who thought positive stage.,2026-01-18,danieldavis,Course key she organization customer too prevent. Cause building control seek evening radio hotel.,2
f3ef7800-b483-498b-957a-7644f59dc10c,Multi-layered 3rdgeneration moratorium,Productivity,3.6,4.7,True,0.0,,True,a60cc770-cd49-4d3d-8659-4793f0f86d4a,Lisa Armstrong,jennifer93@guzman.biz,"Kramer, Conley and Berry",d3ef0154a989b401,v4,Region every collection ahead provide note.,2026-02-03,roweerin,Reason send general close deep may. Control center bad arm.,2
5c830dc1-ea2e-4234-b4f8-3a67759cbb35,Secured user-facing open architecture,Tools,8.8,3.5,False,32.2,USD,False,d00ea1df-952a-4e01-b221-c871b563dc19,Timothy Hester,dsanchez@vega-roberts.com,"Warren, Floyd and Smith",c4dfc13431e5d9dc,v4,Western home goal upon play walk.,2026-01-07,kgreer,Television push start space. Mrs social include necessary they religious.,4
f3c091b0-b2d4-4ff1-b68f-cfdd572c57a8,Progressive empowering productivity,Productivity,10.1,1.4,False,39.78,USD,True,56ea1ff4-aab5-4b1b-8ce3-3a07bb02bee4,Sarah Martinez,jeffrey06@burton.net,Smith-Maynard,2fee90d270157dfe,v1,Investment require natural expert room wrong everyone.,2026-02-28,zedwards,Step themselves year base job standard.,4
7118937b-599b-4dbf-ba23-58c7e4cad82f,Virtual secondary intranet,Social,7.7,3.0,False,45.82,USD,True,27157a8a-7dd0-430c-a7ea-4d4ca1a8bce6,Tammy Rodriguez,carpenteralexandria@flowers.com,Rodriguez-Lopez,eaed399455f2a71a,v2,Fill people writer real piece economy inside.,2026-02-09,erin86,Half under thought ever.,4
514d6f85-dab1-4f19-b6a3-c3442eb28f7a,Robust systemic leverage,Tools,10.8,3.3,False,17.72,USD,False,24dcbacf-6143-47de-97a8-aa211f90ac59,Tara Allen,jason46@flynn.info,Rodriguez LLC,b4cc9583313961a7,v1,Building pick smile anything most.,2026-03-02,jennifer20,Task ten sit pay myself may body indicate. So amount cause.,2
487fc500-cca5-415c-ac9e-5f63b045ab28,Ameliorated intangible knowledgebase,Tools,3.0,5.0,False,43.44,USD,False,3c3bf2c5-2f2f-4d02-b91c-6f21915a72ec,Joseph Gonzalez,johnshepherd@short.com,Ward-Espinoza,38d35c11e27698c0,v5,Trial ago recognize foreign that candidate his.,2026-01-11,debbie38,Sometimes about particular weight. Because style he could let decade art.,3
d7b45eb1-cf2a-4e1d-b53f-7b481870e4ab,Virtual transitional open architecture,Productivity,8.8,4.7,False,18.29,USD,False,52edcf24-d88e-40b9-91e9-b93260fb9aab,Thomas Brown,smartinez@ellison-ryan.info,Guzman-Lara,d48fb6a5151f0aaa,v2,Himself term management particular suddenly form music.,2026-01-29,leejoshua,Year among prevent claim knowledge southern.,3
4418e5d4-259c-4bbd-b285-a8ef59d16a9d,Decentralized human-resource adapter,Productivity,7.6,3.2,False,4.87,USD,True,9e2a401e-01ff-49eb-b241-cb93aceb2035,Shane Thompson,thenry@hall-flores.com,Lewis LLC,ebf90c7aebd09034,v4,Now occur response bad room physical billion voice.,2026-02-28,larry17,Begin than left line born. Shake cell early site. This among edge tax ahead.,5
e00b2b42-7ba0-434e-9c89-f6b1b6d7c82e,Versatile asynchronous archive,Productivity,9.4,3.0,True,0.0,,False,f7aa3030-3044-4ced-a5de-eb184387f69e,Regina Grant,juliacross@foley-morgan.com,Tapia-Dennis,438d4a43ad1e099c,v5,Full gas edge for.,2026-02-09,kenneth87,Least letter little someone. Skin whether you teacher modern Congress analysis.,3
8e077e0d-f0d6-480d-985e-9944dbd9f115,Total multi-tasking solution,Games,5.8,4.3,False,4.02,USD,False,f0a75ed3-b793-45cc-af10-2b25db581100,Katherine Murphy,thomas12@rios.biz,Powell Inc,960c2ea5ae14cb43,v3,Require operation themselves man price inside.,2026-02-04,anthony35,While thought old appear whom. Address push pretty church dog choose little.,1
27a3af8e-1f56-4e46-9033-7413b4d66349,Stand-alone executive superstructure,Social,5.4,2.7,True,0.0,,True,af761611-64bc-4e70-8820-984bf3d86bdd,Darin Coleman,vpetersen@davis.com,"Reid, Robinson and Best",e0c7cb6598b39853,v5,Time consider speak special indeed TV local.,2026-02-01,keithware,We especially long near art history. Consumer sign woman visit.,1
73fbbd02-45d3-4ce0-8a83-a46cb2a10bd6,Inverse hybrid encryption,Education,10.9,3.1,False,40.69,USD,True,b2b02ce5-7c3d-4aff-86f1-4e2fae060f8f,Sean Flynn,priscilla72@hale-mccoy.org,Bishop-Weaver,f651ab5cdba614c9,v3,Maybe western strong rest raise least want herself.,2026-02-28,tneal,"Board debate full water experience.
Head lay mother long available region finish.",2
5a42af26-598f-44e3-b1e2-b7397ec37a86,Progressive scalable matrix,Games,1.5,3.2,True,0.0,,False,1538397d-a5c6-4e65-80e4-ebfd569877c2,Kevin Smith,edward60@waller.com,"Bailey, Peters and Reed",bd7aa7c630dba1d9,v2,Left current you order western.,2026-01-29,simmonsmariah,Forward father or agency.,3
b584e4b6-1429-4b3a-8565-0e92b8363b94,Programmable demand-driven paradigm,Education,9.5,1.8,False,41.48,USD,True,6e76d3af-cbe6-41c8-85cf-be18e9536bd4,Casey Richards,sharpphillip@boyd-hernandez.biz,Wolfe Inc,7d11114fff12e39d,v5,Market prove look around.,2026-02-21,keithashley,Ball see poor population design. Knowledge each security. Budget from party sit eye store.,2
484fa3fb-fed2-4daa-b4ba-3db1057314ef,Vision-oriented hybrid focus group,Games,4.5,3.4,False,36.55,USD,False,b0d4bb85-17ed-42ca-9c3e-17ba80165b21,Jacob Arellano,wendyweaver@johnson.com,"Santiago, Foster and Hobbs",93192b2af8a5e448,v3,Wide let answer something.,2026-01-28,walkerdavid,Leave drop similar. Interest arrive dinner one. Training meet test themselves laugh.,2
5d40dd2b-a7e0-4bdb-8c56-5bd56d4c855b,Advanced object-oriented software,Tools,8.5,1.1,True,0.0,,True,b9b034f3-9536-4645-86c0-a801253cd669,Paul Chavez,maddenjustin@hernandez.com,"Gomez, Williams and Buchanan",21795cb1c6b86eea,v3,Summer example several quite when expect.,2026-02-14,bonniewolf,Also both nothing. Personal military energy cause.,3
ebd5641f-f1dc-4fde-a048-0725274ad5b9,Team-oriented 4thgeneration definition,Education,1.7,2.7,False,22.87,USD,True,de1541e7-179f-4cd6-a2a7-69c37589e114,Lori Johnson,christineroberts@guzman.com,Thompson PLC,96b1598e60766a49,v5,Establish throughout deep site lawyer wall write leader.,2026-02-08,colemanmatthew,Guess scientist off important. Memory yeah interest clear nothing card worker bag.,4
8fe92a12-b9c3-4a07-8088-cf0542f1dd27,Function-based regional firmware,Finance,11.0,4.8,False,22.89,USD,False,8d4f53f3-82ab-4a30-8d1d-7b054ae1f29e,Carl Walsh,mcmillanandrea@gray-hanson.biz,Weiss-Montoya,a643aa14040cc943,v1,Particularly goal simple store certainly under go school.,2026-01-11,zharris,Treatment create successful watch. Those side tax hope herself official business fill.,5
f3f52424-453a-4903-b07a-b1b0ae0550d6,Ameliorated tangible protocol,Education,1.8,2.9,False,32.27,USD,False,84a324c7-c2f0-4a77-886a-8833c90bc7d7,Kelly Roberts,susanthomas@lewis.com,Mckinney-Barrett,c2c4381d4f11d265,v4,Consumer exist build use investment phone.,2026-02-11,carla99,Try pattern beat among late brother message. Still later exist.,4
db9b6343-47fa-4e48-8b97-b0af069481fb,User-centric 24/7 system engine,Finance,6.6,2.9,False,9.9,USD,False,0b903cec-edec-4937-800f-6d0fd2d8505e,Kelsey Contreras,zcruz@marshall.com,"Butler, Harrell and Shepard",793b921d5438dba5,v5,Break describe Mr relate fight.,2026-01-07,davismark,Win over kind near sing there this specific. Run debate hot health wall maintain good.,2
566a51f1-e3ce-4e9b-a5cc-ce8df8597662,Front-line intangible time-frame,Finance,3.7,3.7,True,0.0,,True,347d828b-994a-40a8-a8f9-b7e3477be4f9,Darrell Rosales III,williecameron@coleman.biz,Moore-Rogers,d3cd929cf172aba4,v5,Must likely big specific good knowledge rest.,2026-03-05,gilbertcrystal,Seat agreement recent build wear interview. Mr director notice conference sing teach.,2
421e08be-3efe-47d8-a661-8618dcda8342,Cross-group hybrid process improvement,Games,2.3,2.5,False,31.74,USD,True,fa4c0efb-dac8-4581-bd8b-1258c3363b03,Eric Patrick,thomas58@johnson.net,"Braun, Zamora and Hernandez",8eaea49b441436fa,v2,Part whether catch movie.,2026-02-09,julian75,Over record financial how across cost hear. Organization positive western game focus network.,4
150e94e6-dfd8-4fa9-871d-c5577f5aa9cc,Open-source dynamic moratorium,Tools,12.4,1.6,True,0.0,,True,c2243509-93fb-4d51-837e-bed77387a1ab,Mary Chapman,tcarter@wilson.info,Macdonald-Vaughan,bb66a326c529cf96,v4,Though of north owner attention subject physical.,2026-02-04,galvanronald,Will body feel respond most. Your carry edge old defense life and manage. Among final staff.,4
a3658381-ae4e-4712-ae7b-809ceb026200,Implemented global customer loyalty,Finance,7.2,2.2,True,0.0,,False,f046c5ad-676e-46d3-a5a2-695bec7fa14f,Bradley Braun,colemanbriana@hubbard.net,Cohen Ltd,fe8efee44e91d965,v4,Him land performance fire change product.,2026-02-26,cookpatrick,Form team stock realize do rate class. Affect food through last reality often child.,3
b195caa1-6068-4bcc-9f84-af69942750ca,Up-sized 5thgeneration system engine,Finance,11.6,2.8,False,14.65,USD,False,ae13674e-1208-4ce9-ab67-acd7248a37d8,Mrs. Laura Underwood,rodgerssarah@spence.org,Maldonado-Price,ba34e91a6b75f570,v3,Deal crime say company out husband.,2026-02-16,greenjames,Expect her respond race much life.,5
ad5ee15f-6462-4372-a423-55e2419b9cff,Organized discrete initiative,Finance,1.6,3.5,False,15.52,USD,False,c3f2b6f0-7b04-4746-9d0b-0b8461e80e46,Matthew Taylor,pollardjonathan@white.net,"Castaneda, Thomas and Barnes",345a9e4751850e38,v2,Couple role economy heavy.,2026-02-28,troy99,Word month trial structure list clear character news. Century war onto energy.,5
fcbb97b1-7b97-457b-882b-2f6914ec0b22,Profound local open architecture,Social,4.4,3.3,False,31.25,USD,False,06736a5a-98d2-4efd-a3c4-b1c05b688052,Stephanie Smith,hcruz@fernandez.org,Williams LLC,65156626369bbe6c,v5,Good group but bed approach each.,2026-03-05,xrodriguez,Smile debate language should. Response south above yes.,3
0d7cc148-3293-46ed-83db-4b207820990c,Face-to-face local workforce,Finance,10.3,4.2,True,0.0,,False,e58987dd-ee28-470f-8480-fd4725e953d4,Anthony Bates,rebeccawilliams@cook-morgan.com,Sherman Inc,82a448d820ed19ba,v1,Degree through defense far impact.,2026-02-04,hannah34,Whole often establish. Health condition name.,4
67273519-1d1d-4b82-83f6-dab16c9998da,Future-proofed leadingedge concept,Finance,6.8,4.8,False,19.6,USD,True,f22848eb-629f-482f-b044-14c36133ae4c,Mark Walker MD,christopher38@rodriguez.com,"Curtis, Garrett and Rhodes",5d037f3d35182a2d,v5,Prevent leg show.,2026-03-03,thompsonjennifer,Many kind nature song effort. Scientist believe operation charge by mother.,2
8e4fc55e-3652-447e-b0cc-ca846b3eedb6,User-centric background access,Finance,11.5,3.9,True,0.0,,True,a48a196d-b7ef-437a-a856-1a3581b9d86d,Shannon Romero,michael72@burns.com,"Robinson, Gardner and Roberts",e162b8e0d6dcf681,v2,Third tell base citizen contain environment interview.,2026-03-02,george87,Student church way others box.,1
97c19fa8-45d7-419d-8ee0-865e733c2db5,Configurable 24hour help-desk,Productivity,5.9,2.3,False,26.63,USD,True,91171c7a-edc8-4d4c-b9a4-329e9db7f2ca,Margaret Branch,paul11@jones.com,"Herrera, Richardson and Prince",ba06e094211d7fa9,v3,This art guy they dog.,2026-02-08,kstevens,Yard west action vote language operation. Together former piece water.,4
bb92f7ff-f1b9-4b6a-89d8-a8af90081328,Adaptive scalable Local Area Network,Games,12.4,4.0,True,0.0,,True,f13e1214-2fda-4bba-b892-099c35ab0270,Keith Rangel,sherri49@griffin.biz,Williams-Lin,ba26d246f0311f9d,v2,Political affect vote enjoy.,2026-01-13,vangbenjamin,Popular attorney light return down war. Politics test raise water.,2
f4b43ede-4ef6-480f-98cc-fa488518c685,De-engineered needs-based help-desk,Social,11.7,2.7,True,0.0,,True,f0b308f9-b671-4842-8fc1-7f0163d84e07,Thomas Jones,hoodantonio@fisher.biz,"Barton, Wong and James",e3d4285a0d2cc0bf,v2,Theory there dinner accept.,2026-01-29,powellmelissa,Him follow represent market section. Us direction laugh natural.,2
6cfc0b9e-2b82-404a-8e7c-5f4b95cb33e8,Adaptive background secured line,Productivity,4.8,1.7,False,35.56,USD,True,ca913571-4a2f-4370-9a11-fb91718f917f,Dawn Ray,framos@tran.com,Winters-Parsons,ba4a4e2d2100f79f,v5,Without story town personal.,2026-03-01,ydaniel,Put officer unit student response. Across think early stop book.,4
0cab1730-db7d-4762-bf4d-8f4f771ddfaf,Mandatory background interface,Social,5.6,2.5,True,0.0,,False,cb39b38b-de68-41e4-96a4-dc8e51d919c3,Theresa Thomas,diane73@villanueva.com,Thomas and Sons,de7bc90c893ab5ce,v5,Fall suggest soldier people condition fire.,2026-01-09,wbarber,Defense a report weight reveal wonder grow. Glass article happen whole can hair green.,5
04574dad-4ef4-4e7c-b8ff-d10e2cc6bec7,Public-key systematic approach,Education,1.5,1.0,True,0.0,,True,6852ecc6-7a8e-4cd5-824b-aed01882b432,Erica King,krobinson@garcia.com,Howell Ltd,bd2b32929b711848,v3,Get I strong unit most manager.,2026-01-28,karencooper,Table thus will trial stuff church people very. Road catch would low owner west trip.,4
d3582bac-4263-4a53-a73d-af5df51ce63d,Right-sized didactic product,Education,6.7,2.1,False,23.3,USD,False,24a1c692-f410-42e6-a3c1-d14dc1ac59cc,Patricia Campbell,wanderson@andrews.com,Cole PLC,56821853e75e9523,v3,Building shake team Republican cost magazine.,2026-01-21,victoriadavis,Large respond skin. Green other argue structure garden. However money those.,5
6ae7b6ae-b7a1-43ce-b74e-94f6782b896a,Sharable encompassing challenge,Social,9.7,4.4,False,34.82,USD,False,91e647b2-de78-4fde-a1ba-5a9e07f71560,Frank Mclaughlin,delgadoamy@stevens.org,"Soto, Solis and Coleman",06b243a59924cc41,v4,Word garden walk.,2026-02-09,vwalker,Song loss same hard serve. Board look however away either.,5
b286900e-be74-4106-94b5-ef3ea9ee6384,Horizontal analyzing capability,Finance,6.7,1.9,True,0.0,,True,fca75f4a-9aa0-4680-b961-0eeb75eba748,Eric Thomas,hklein@nelson.biz,Bush-Navarro,8f15bac9edbda5d5,v1,Person least what lawyer unit across.,2026-02-05,millerjonathon,Again plant get same program. Stage such fish during ask.,2
7b693e16-793e-45bf-bfb9-9f27f3753e4a,Seamless directional solution,Education,3.1,2.2,False,12.58,USD,True,b4f4c883-064b-4071-8775-253782254149,Jamie Barrera,kelly89@thompson.com,Jones-Murray,83f1bd5c1b6ea02c,v2,Some tell citizen service wife together.,2026-02-03,robertrasmussen,Loss road well during.,5
ae3d5b1a-8ef6-4f87-86a3-168991b54ca1,Visionary zero administration moderator,Finance,4.1,4.7,True,0.0,,True,76cd40ff-7f61-4a76-bec9-9afa89fb7e65,Steve Davis,colinfletcher@carr.com,Keith Group,6556c7686f164f3c,v2,Similar yard economic power environmental military.,2026-01-13,gouldrachel,Medical improve get sit. Day year picture imagine report.,4
0ee7c486-2ea5-4f81-906c-e51a8bdd9699,Cloned clear-thinking emulation,Games,8.2,3.4,False,34.69,USD,True,18419184-8bab-4e17-b45f-984e67b4f6d6,Patrick Hardy,loganbell@daniel-hughes.com,Ballard PLC,6b45e611b447480b,v2,That toward big worker ground talk often fact.,2026-02-15,woodscatherine,Deep black Mr career. Hundred prepare film business Mr.,2
43c44930-4920-4a64-bd13-8e3deae884b7,Front-line well-modulated groupware,Productivity,1.1,3.2,False,44.59,USD,False,a25b886c-a2a8-425a-b39c-f5eb5de3263b,Whitney Hale,david44@zimmerman.com,Cox-Sandoval,9103200e32293bab,v5,From weight other meeting.,2026-03-05,washingtonpamela,Ability old along. Weight Democrat their Republican technology.,2
f6361802-c978-4f73-a211-1a74e123002c,Implemented bandwidth-monitored protocol,Games,4.3,2.5,True,0.0,,True,eebbc18a-6abb-4a9a-9ac0-1d62b7779ced,Keith Morton,umiller@beltran.com,Lawrence-Lopez,2716551fb2d30cd5,v3,Authority after life.,2026-01-14,hlittle,Hospital economy receive.,2
032c48fb-a53b-4b0f-bafb-378785422697,Synergistic systematic forecast,Social,8.7,1.5,False,2.99,USD,False,b98eada8-cf30-4938-810f-8df6f9731635,Pamela Rodriguez,stewartmolly@avery.biz,Munoz Inc,94dcc2e8947f7eb1,v4,Maintain east effort who trip stage.,2026-02-18,timothy39,Wrong factor laugh either enough together half. Western also newspaper.,3
714631fd-4b79-4e30-aa91-12acd3db2dfe,Business-focused encompassing archive,Social,3.8,2.4,False,25.93,USD,False,9d66e8b1-ff1d-4175-a473-ac72e0bf2055,Jonathan White,thomastina@franklin-soto.com,"Robinson, Payne and Brown",3df0830fae49102e,v1,Special forget so performance worry sell bed anyone.,2026-02-14,lisa38,After read population television sign. Public common part TV investment half figure.,5
63186e00-2f56-4ef4-a6ff-0978bfa36cf4,Horizontal multimedia circuit,Education,2.2,4.7,False,15.11,USD,False,4658d4d4-716f-4f68-9fe8-06f65d42e4a3,Mark Montoya,uperez@butler.biz,Robinson-Wells,b13cf3742317e3ed,v4,Indicate far hear maintain significant.,2026-01-22,weavergerald,Statement plan then star your feel number. Trouble yourself like close none help forward force.,5
