app_id,title,description,category,current_version,avg_rating,is_free,price,currency,contains_ads,dev_id,dev_name,dev_email,company_name,dev_key,version_tag,release_notes,upload_date,review_author,review_comment,review_stars
ce82cf83-2a8b-4445-a6ea-2bd0b90a8fa6,Scan We,Welcome to Scan We! This is the ultimate Tools solution. Agreement art improve record.,Tools,2.2,3.9,True,0.0,,False,3b19c1a7-7d75-4e8d-a43f-a919a97768a7,Seth Flores,richard33@torres.com,"Shaffer, Campbell and Maxwell",f9a59114321e024f,v3,Professor site physical nation reduce head.,2026-01-11,qluna,Young hot fight bad among few. Order out evening hard run position.,5
21aa73c8-7d27-453a-9c89-2e10bcfaeed4,Nelson Cash,Welcome to Nelson Cash! This is the ultimate Finance solution. Consider language that term or.,Finance,7.1,4.5,True,0.0,,False,ced17ed0-47ff-4523-b35a-a3372e6642cd,Jose Brown,williamrobbins@walker.biz,Atkinson and Sons,9680b6c7b9d017be,v2,Activity actually culture old such from sign gas.,2026-03-07,lewismartha,Health ground final war after any. Item season enjoy morning. Item leave according free degree.,1
99fcfc03-5082-43eb-a1ec-e84e3bade218,Limegreen Editor,Welcome to Limegreen Editor! This is the ultimate Productivity solution. Peace conference entire community scientist industry. Security identify bit thank subject like wish choice.,Productivity,11.5,4.2,False,42.65,USD,True,607a9709-4b02-4f04-b861-4c6e2d67b25a,Steven Johnson,crodriguez@vaughn.com,Nelson Inc,e6b8ae4747b11c02,v4,Surface until learn police no seek head.,2026-01-02,drakethomas,Prevent bank single gun article. May western environment power data suddenly.,1
c36e2932-0ab3-4997-a044-b128201ef0e3,Price Flow,Welcome to Price Flow! This is the ultimate Productivity solution. Research charge respond political see security. Human institution like certain might sound.,Productivity,9.9,1.4,True,0.0,,True,831ced98-8d9b-4995-aefb-d55f47bbe852,Allen Martinez,susan82@brown-tucker.org,Wallace Ltd,cfd25df6137babb4,v1,Item American involve resource just sell.,2026-02-24,cwiggins,Case skill too. Game attack answer.,4
399f1a1c-d368-4a92-aa9e-b489946b7521,Talk View,Welcome to Talk View! This is the ultimate Social solution. That less system no.,Social,6.6,3.4,True,0.0,,False,3aac619c-d56f-47f2-94ee-81929e505e29,Taylor Hall,robert46@pollard.biz,Diaz-Henderson,fa1a0d8184dad32c,v4,Close deal thank lose contain six avoid.,2026-03-10,jessica03,Strategy arrive fast about be Congress catch. Never even trip machine through pay together sort.,3
a55de30f-ae04-4c3d-a817-3e28772665a6,Focus Billy,Welcome to Focus Billy! This is the ultimate Productivity solution. Go nation yes box. Prove data compare imagine garden.,Productivity,8.4,2.3,False,25.83,USD,True,ed5c1e72-0edb-4fc0-9379-b526171ee374,Susan Morrison,vyoung@mora.com,Potts Inc,cd4492e99d8314f3,v5,Recent cost learn.,2026-03-01,michaelbryant,Force ago in either laugh detail. Maintain else success study special accept song blue.,3
b908808d-b1dc-45e4-9e09-b3537ca55085,Vibe Despite,Welcome to Vibe Despite! This is the ultimate Social solution. From fine single late future rate.,Social,6.2,1.1,True,0.0,,True,a72c1a0d-1e3a-4d76-a712-91f827cc9971,Billy Mcgrath,lopezmelissa@murphy.biz,Jordan and Sons,58209de7e2776aa4,v5,Member window city computer create moment.,2026-03-03,jamestorres,Beyond major management health organization scene. Various network professor find people others.,2
99c2afa9-4015-4d9c-9d4c-68f3fde487dd,Salazar Study,Welcome to Salazar Study! This is the ultimate Education solution. Process those police guy rate entire. Dog sing Mrs cup current bill.,Education,12.4,1.3,False,6.91,USD,False,82f4bc76-b6da-40f6-9ec5-112f4d4e22d7,Patricia Young,jennifergray@smith.com,Hudson-Miller,aa9ad8bc117b4a04,v2,Second group your message edge much you.,2026-02-27,danielle20,Act camera sign tonight. Fish many street know friend perform consumer.,5
722ae7f8-d4b7-4539-b9aa-bd6d6e90e075,Palegreen Helper,Welcome to Palegreen Helper! This is the ultimate Tools solution. Door north help high.,Tools,2.5,3.4,False,22.3,USD,True,af22b2d5-1b07-4b3d-b8c3-001d410d7800,Paul Henderson,jeffrey49@elliott.com,Zhang and Sons,9a89ecf5c3633f30,v4,That interview edge.,2026-01-29,lisa62,Three will push agreement. Base civil lawyer popular onto.,1
c6c46ce6-d19c-4acd-a725-40d8badad425,Duncan Gram,Welcome to Duncan Gram! This is the ultimate Social solution. Anyone population when painting character.,Social,10.1,4.1,False,45.97,USD,True,381062b2-2f8d-4093-a911-07a9d46bf83e,Christian Weber,gilescrystal@gibson-miller.com,Chapman Ltd,4edbded3abce89bc,v1,Study trial dinner but describe.,2026-02-23,wheelerpaul,According organization get do. Stage with radio ahead work natural read.,4
182915f6-67eb-499f-9f69-d96b8f98005c,Academy Language,Welcome to Academy Language! This is the ultimate Education solution. Major catch size smile off try scientist. Production production wait speak hour bar.,Education,3.1,1.8,True,0.0,,False,3ba74bb2-52f2-429e-aa12-74e7846b87c0,Kenneth Andrews,smatthews@welch-rogers.com,Martinez and Sons,2a2a355dcf43907c,v3,Term still visit data often.,2026-01-27,brian91,Herself myself partner return bill. Garden apply step role.,4
2412cd31-648b-4149-9850-c243ffa05377,Learn Maintain,Welcome to Learn Maintain! This is the ultimate Education solution. Control TV run school general. Step thousand growth rest list.,Education,8.3,2.1,True,0.0,,False,fb19abc3-beb2-418b-9153-a4c613ef1917,Randy Wolfe,lisa61@brown-rivers.net,Johnson and Sons,4ab43cfbd8fead3d,v4,Order adult hear lose become.,2026-02-03,sbarry,Instead interview interesting rule garden from. Reason line hair building.,1
7b340a36-992d-4b87-804c-b13ae9f62f04,Linen Hub,Welcome to Linen Hub! This is the ultimate Social solution. Must rate law not official dinner. Career ok point me worry professional.,Social,12.3,1.4,False,29.62,USD,True,4d5575d8-6137-494b-8b81-dfd17aca00ba,Rebecca Evans,glewis@smith.info,Walker Ltd,145fa35ab9aaae00,v4,Many Congress as situation now.,2026-02-10,hughespatricia,High still cup public around. Image seven where test continue room. Take become sit evening least.,5
6c98942e-1110-412a-a4ee-5ce609ad0ce9,Learn Health,Welcome to Learn Health! This is the ultimate Education solution. Start firm simple eye actually. Mention party various group set.,Education,4.3,1.1,True,0.0,,False,127f962d-18c2-4ae0-abb3-6c9b2a9e4516,Natasha Trujillo,christopher40@johnson-thompson.org,Anderson Ltd,5293d3037df97fa9,v2,Begin southern TV anyone person.,2026-02-06,collinsadam,Citizen around reduce nothing church.,1
b1b25524-c2a5-4ef6-bcad-a21d006a99bf,Gordon Study,Welcome to Gordon Study! This is the ultimate Education solution. Money issue site program through fight might.,Education,1.8,3.1,True,0.0,,False,fbde7c30-c390-4d40-8638-a489e13210d2,Leah Jones,jameshudson@king.com,"Miller, Hernandez and Wright",84b2ee750f24705b,v3,Along moment enough news century particular hit care.,2026-02-25,kellyjimmy,Theory seat agree realize through. Teach trip dinner method power kind.,4
475422bc-5b92-49d5-a9d3-6adfaf8e45ea,Burlywood Gram,Welcome to Burlywood Gram! This is the ultimate Social solution. Explain professor role now individual look talk on. Language low home bring impact pull.,Social,11.4,1.7,True,0.0,,True,77a3eaf7-c532-4382-afe4-5f2fcfe561e2,Elizabeth Morales DDS,wernermichael@liu-lee.com,Melendez-Francis,c8403c374e5a7928,v3,Risk everyone work require.,2026-03-12,martincharles,Her great floor. Enter night say evidence arrive. Your anything public white let choose indicate.,3
a299bf11-79c3-4bdc-ab48-990d4263c71d,Deeppink Pro,Welcome to Deeppink Pro! This is the ultimate Tools solution. Wall nor occur.,Tools,10.5,4.2,True,0.0,,False,4c7a12c0-efbf-4213-8eda-db329399a12e,Mr. Stephen Pena,vickieramirez@tapia.com,"Oliver, Hammond and Mcclure",26652e5d6e9a2847,v2,Often point six page.,2026-01-19,torresjonathan,Artist type win Republican. Set audience push thought western meeting.,2
4510a360-c053-4ffd-84a2-27bb42eefbbc,Focus Tyler,Welcome to Focus Tyler! This is the ultimate Productivity solution. Food personal heavy return. Nothing plant report write goal hear.,Productivity,3.9,5.0,True,0.0,,False,98e59397-411f-452e-a37d-8914d31de7cf,Justin York,sarah15@wolf.com,Mcdonald Ltd,55d55632dea022d6,v1,High much ball probably.,2026-01-24,zhughes,Career above piece option produce. Minute push decide.,5
93616e80-ce0f-4bd8-be1b-388b50539ea0,Word Close,Welcome to Word Close! This is the ultimate Education solution. Everything standard head technology light radio cost.,Education,8.0,3.6,False,17.5,USD,True,3e6b57f0-c6b8-4945-a345-2f8fdee02bca,Robert Hawkins,hollygriffin@morgan.net,Brown Inc,63d0e854053bb31d,v1,Put since add even.,2026-01-09,oroy,Clear soon view leave consider then piece.,3
363e9420-130f-41d7-8f5c-0d747f82efcd,Money Cash,Welcome to Money Cash! This is the ultimate Finance solution. Stop case theory why easy.,Finance,5.8,1.7,True,0.0,,False,9208c9d9-79a5-40c8-af12-30895d5b7e04,Margaret Velez,michelle85@pierce-jones.com,Mathis PLC,7207343631f8709a,v2,Work successful spring firm.,2026-03-10,hartkimberly,Ahead top process television. They individual senior per. Air cover whom explain cell.,5
5dabbb60-7e06-44e2-a501-14bd150ee32d,Easy Task,Welcome to Easy Task! This is the ultimate Productivity solution. Country with this although lay stock.,Productivity,4.2,3.2,False,30.18,USD,False,4376b2dc-9b97-4b54-b444-3b81747cf8d7,Ronnie Wright,obullock@smith.biz,"James, Mendoza and Martin",892f2c9dd22254f8,v3,Enough kid huge attack from bed.,2026-01-15,russell24,Detail write success picture. Mrs although argue level media film first.,3
ed7ff2ac-a9ad-46df-be2b-643abdf77aa7,Extreme Difference,Welcome to Extreme Difference! This is the ultimate Games solution. Rather be reduce event on news sister.,Games,10.0,3.9,True,0.0,,False,95a30da7-9bb3-4832-95ea-6e923ef1e854,Luke Fitzgerald,destinyadams@ho-williams.biz,Novak-Miller,3a35ef3a047d2cee,v2,Audience military wear simply hundred.,2026-03-04,omar79,Nor sell treatment send. Off teach success real deal score.,4
de2a60a7-0097-413b-aa4a-7ced834ea2ec,Yellowgreen Pro,Welcome to Yellowgreen Pro! This is the ultimate Tools solution. Happy paper their prevent practice trouble. Provide protect of cold.,Tools,8.8,3.2,True,0.0,,False,3d465963-0e89-4556-a2c9-bdfb9bddf302,Robert Sullivan,floresmichael@rose-hutchinson.info,Doyle Ltd,ce13bfeebe68f6d7,v3,Call quite environment community thousand.,2026-01-29,mary74,Project turn role young carry shake learn.,2
eb6fc612-29a9-464b-aa66-76dc5adbeac9,Crypto Paula,Welcome to Crypto Paula! This is the ultimate Finance solution. Indicate ready talk. Present Republican way message seek.,Finance,1.3,3.6,False,5.53,USD,True,0184862b-8452-44d0-af92-a43385c089a2,Jason Atkins,tanya54@ramirez.com,Davis Inc,21fcfc7b7731b4a2,v3,Entire support money.,2026-02-24,heatherwright,Once how same series fear.,3
38e1c79a-232d-440a-aff7-2eed0ab62b3e,Olivedrab Gram,Welcome to Olivedrab Gram! This is the ultimate Social solution. Keep example he. Price read short defense wind with long pattern.,Social,8.1,3.3,False,22.89,USD,True,3ed55d94-a9b5-4037-bed3-e547bedc1a22,Jacqueline Smith,littlekenneth@jennings.biz,"Duffy, Mata and Smith",4aceb8de9a46e382,v5,Result right use member perform wall.,2026-02-04,warrenashley,Maintain new himself dog. Ability attack full direction.,3
12e8de87-8d33-41cb-9075-fd68146557f5,Friends Samantha,Welcome to Friends Samantha! This is the ultimate Social solution. Woman sense skin produce interest action crime question.,Social,5.1,4.5,True,0.0,,False,19fbf304-ce88-4988-a9c3-9684e1d8cdd3,Diana Martinez,lisa84@erickson.com,Cervantes-Stewart,6f6479948adc78be,v3,Above expert memory apply nor.,2026-01-20,njones,Game society girl know heart. Development yet each agent quickly.,1
b1e0b84f-0433-47dd-83b4-6a0d771bbb2d,Vibe Jacqueline,Welcome to Vibe Jacqueline! This is the ultimate Social solution. Remain floor management their perform adult him. Investment morning blue measure difference.,Social,10.7,4.9,False,34.94,USD,False,b7c9b098-dbe1-44bf-95f6-08886273997b,Michelle Foster,lopezadam@lee-chaney.org,Gray Ltd,ae8a17bb550ccb0b,v4,Fact official spend medical.,2026-01-17,mhess,Attorney draw life author nature. Peace plant guy blood thank too stage.,4
ca355c9c-2cbe-4ab8-bc49-aed3f58538be,Shadow Hero,Welcome to Shadow Hero! This is the ultimate Games solution. Month hotel resource. Hotel right building tree year.,Games,11.4,3.1,True,0.0,,True,aa338356-6a80-451b-bd9e-91e9d3cc122c,Nicole Benton,parkchristina@mueller-reid.com,Hale-Mcdonald,6c7ea9bfae95264a,v5,Accept himself purpose cold career attack girl stand.,2026-02-04,daniel30,Other suddenly letter note yourself mind try. Factor born full trouble.,3
aa8d9df3-ed17-4f33-b60c-899f603a14eb,Williams Invest,Welcome to Williams Invest! This is the ultimate Finance solution. Hotel source church phone reveal life.,Finance,10.4,3.3,True,0.0,,False,85fc92d6-c37d-4db9-9581-e99683c7d9b1,Keith Cochran,adam39@schmitt.org,"Martinez, Robinson and Knight",84c545c8cd6261eb,v2,Class once month performance.,2026-01-24,april05,Form though majority determine blood. Reach account happy specific.,4
e9405394-49e4-4dee-bf9f-e3769685865d,Gainsboro Task,Welcome to Gainsboro Task! This is the ultimate Productivity solution. Figure region discover understand street. Performance check character unit individual attorney.,Productivity,7.9,2.1,False,1.8,USD,False,ed9115ab-2b8d-4f7d-bff7-db08d509ee07,Amanda Mays,youngheather@bennett.biz,Solis-Craig,8bf3fb46066c531e,v1,Movement same lead when simple.,2026-02-24,evansmichelle,Get case half care could. Focus natural law see stock sense. Operation house drug himself near.,3
70e88274-e36a-4dde-bf50-a25f4df1f084,Goldenrod Invest,Welcome to Goldenrod Invest! This is the ultimate Finance solution. List ground sure power common area clearly alone. Serve always member policy.,Finance,5.8,2.2,True,0.0,,True,0629a1d0-5934-4831-8aa8-69e2b40c9c29,Donald Walters,julie85@hayes.com,Jenkins-Taylor,397b6d41ea933b39,v4,Relate personal collection employee.,2026-01-24,munozvalerie,Area particularly play public. Police food health. View carry notice involve.,4
4245dff8-2ad4-41a6-8fa8-4c82d87d7f58,Link Rachel,Welcome to Link Rachel! This is the ultimate Social solution. Suggest middle usually in standard size. Number red exist investment century.,Social,7.6,2.7,False,28.61,USD,True,3f3d5cdb-49a0-42fa-afec-19444b8847d3,Jessica Rocha,davidbowen@pierce.com,Thompson-Randolph,aad828f39f6d41ee,v4,Read green threat sister sister.,2026-01-16,nicole31,Newspaper exist spend score. Week off blue very worker.,4
990dd4c4-820c-4b92-a7c6-91fe5acab175,Battery Pick,Welcome to Battery Pick! This is the ultimate Tools solution. Talk on six though. Safe civil sea food ten pressure between.,Tools,1.9,2.5,True,0.0,,False,cfeb51dd-8ace-4ba9-a60c-1a3a22c62f49,Karina Johnson,zbell@hicks-wells.com,Turner Ltd,3c7d56a449de2cfb,v4,Know thank represent over real.,2026-01-05,christine88,Learn film property walk impact dark economy. Us yet top ready near future generation.,2
42c4f678-8efc-4dc8-89eb-08c1ee080c78,Cloud Jacqueline,Welcome to Cloud Jacqueline! This is the ultimate Productivity solution. Surface after factor nor name see create agency. Cost candidate hospital traditional well entire growth small.,Productivity,9.0,2.6,False,10.39,USD,False,4ed0e575-1404-4596-83b3-867fe09d1bc9,Craig Johnson,awilkins@harris-richardson.com,"Harper, Watson and Shaw",91f9ab44916d19d0,v3,Small wonder choice house whatever.,2026-01-27,barbarabrown,Entire a heart consumer.,5
0ffd2ee7-d581-4aec-8d08-02bd0e8eb6a0,Chat Stephanie,Welcome to Chat Stephanie! This is the ultimate Social solution. Attorney edge fear him data economy man. Across time politics issue show.,Social,12.9,1.4,True,0.0,,False,28d23480-1242-4200-9f77-6a037e8baabc,Larry Barber,ggreene@calhoun.com,Roberts-Anderson,f5b2978bb5af7927,v3,Family two trial not option.,2026-01-25,qgonzalez,Bad let year word very always. Moment our responsibility place style trip.,2
b5556a23-8d75-43e9-8b46-0e35841eb6cb,Smart Remember,Welcome to Smart Remember! This is the ultimate Productivity solution. Agency suffer open personal strong paper trouble station.,Productivity,3.8,3.0,True,0.0,,True,0e6fc3a8-2443-46c2-a89a-41fabeed7e7d,Rachel Ashley,pgray@zavala-mcdowell.com,"Jones, Holland and Spencer",5aeaca4c5c5d8d79,v1,Oil organization well they reveal question for source.,2026-01-03,brandon58,Policy statement term expert recently black.,4
dfea85ad-35d3-45cc-a2e3-77eb901e1f91,Easy Richard,Welcome to Easy Richard! This is the ultimate Productivity solution. Body that behind final your successful.,Productivity,5.7,4.9,True,0.0,,False,f808a336-c8a2-4ba0-bd6a-46e17dd77a9d,Roy Cole,ebrooks@perez.org,"Carter, Johnson and Larson",078692f34adc3d97,v4,Blue industry air manage great finish concern.,2026-02-22,julie61,Series fight property control site machine learn change. Determine relate difference us watch.,2
cb37be4d-1118-44b4-9dde-fc0a616828bc,Vibe Color,Welcome to Vibe Color! This is the ultimate Social solution. Adult hundred let effort realize today color. Tonight vote when grow collection.,Social,12.1,3.6,True,0.0,,False,bbc75bdd-9cbb-49c7-b9c4-b7bb733a679a,Kelly Martin,opeterson@gray.biz,Doyle Group,5d1a59a5edf4627f,v2,Over political threat model prepare.,2026-01-30,sarah60,See surface writer item herself close drug among. Industry not stock help gas second thousand.,4
007d08d4-ba14-4c82-b6ec-a051f66c8da4,Bowman Track,Welcome to Bowman Track! This is the ultimate Finance solution. From bank player capital.,Finance,1.8,1.5,True,0.0,,False,d79e5f80-1bc0-461d-a15d-d5aff9e3d968,Rachel Smith,thomaslisa@west.info,Cobb-Alvarez,c64ff862be35ad57,v3,Boy price might.,2026-01-04,ilopez,Pm today manage market green method. Oil power term different police might north.,2
7aa633de-ad80-4397-8620-b051812567f2,Live Hundred,Welcome to Live Hundred! This is the ultimate Social solution. Either cover against. Him current although performance.,Social,6.0,4.7,True,0.0,,False,89ec2c5b-3155-4254-aa6e-d5170bd839f6,Melissa Weaver,zhernandez@bryant.info,"Delacruz, Briggs and Harrison",8020c198fecc9be2,v4,Dog lawyer above peace operation admit buy.,2026-01-30,gonzaleschristine,Door describe call someone. Democrat within like debate letter.,1
91ec650b-6fe9-43d0-9e65-ee56d8a477b5,Lingua Lab,Welcome to Lingua Lab! This is the ultimate Education solution. Six loss prevent computer career soldier best.,Education,3.2,2.4,True,0.0,,False,76553e13-a669-4b3a-9b0e-10d604968866,Rebecca Johnson,robert51@richards.com,Andrade LLC,5f9ebbcdbaede697,v5,Ready thus American keep free.,2026-02-07,ugarcia,Market ball good now. Send ever without despite hospital include. Very can read shoulder.,2
81786b1a-e497-4bc9-8d19-a2b92281c5cb,Friends Cory,Welcome to Friends Cory! This is the ultimate Social solution. How lead government including which us. Inside close to network.,Social,4.9,2.3,True,0.0,,True,6f99dd0a-2175-4f10-b1a3-1afe68aff8d3,Charles Lewis,george84@price-small.com,Smith-Glass,f88fd892ac6dd824,v2,Senior song well whether standard national.,2026-03-05,daltongina,Official win bill peace others college final. School hope result spend left feeling player quickly.,3
1ccf0dad-5926-4c83-810a-4711954f1098,Budget Vault,Welcome to Budget Vault! This is the ultimate Finance solution. Choose whether heavy others administration move Mrs. Threat sit forward door.,Finance,11.9,3.7,True,0.0,,False,79e037f6-4eb0-492b-9190-9e03d1bf1c6d,George Blevins,tbrennan@banks.net,Roberts-Taylor,42ba9e2a850ac3e3,v5,Option four certainly check she hair.,2026-01-25,bhoward,Church court beat service. Mission go market sound.,5
2d4da7c3-b12b-43a2-ac06-9cf432ff2abc,Greenyellow Guard,Welcome to Greenyellow Guard! This is the ultimate Tools solution. Baby necessary moment beautiful wife commercial marriage. Give score war probably sea.,Tools,11.3,4.3,True,0.0,,False,9c863b5d-ece7-4df9-8ddf-7921a76b097f,Nicole Joseph,nancygarcia@bradley.com,Waters-Stone,52a1ff1b90a93685,v3,Country one contain decade defense.,2026-01-05,yvette40,According order to listen. Finish follow article particularly. Seat hear animal answer.,1
8ff25a52-fcb4-4f57-8f76-7473eed1ac7b,Rivera Gram,Welcome to Rivera Gram! This is the ultimate Social solution. Clear include station. And animal remain newspaper where prove.,Social,11.7,2.6,True,0.0,,False,fa6701c7-412e-4c06-a725-8934d4737ca6,Leslie Decker,terri60@walters.net,Weaver-Nguyen,4ba22a577a74e6cb,v1,With region poor hard child far man federal.,2026-01-12,caldwelllawrence,"Most first list individual girl. Compare audience meet measure mention.
Industry draw both few.",1
5ee8d1e1-da16-4a20-8fb2-644b91586613,Daily Michelle,Welcome to Daily Michelle! This is the ultimate Productivity solution. Or store two must address choice. Trouble about alone sort they other I.,Productivity,9.7,4.1,True,0.0,,True,c8bd1c94-9a85-4902-804a-708bdb30df87,David Garcia,caldwelltimothy@rivera.net,Nguyen Inc,878991b2d5f3ee2f,v2,Building of out sign matter senior.,2026-02-11,sandersjonathan,Itself you marriage exactly. Trial down important view. Send both he face peace add economy.,4
17068611-4185-4171-a241-76878db87d56,Jones Empire,Welcome to Jones Empire! This is the ultimate Games solution. Land trouble study watch give program.,Games,10.9,1.5,True,0.0,,True,bdb1556f-a1be-4266-a734-bce52cb9f0ec,Alexander Serrano,devin91@gilbert.com,Lewis Ltd,390c8ff00c8c6f78,v2,Kitchen increase stop director ask music we.,2026-02-07,duncanwilliam,"Suddenly five direction.
Stage care color next peace important because.",2
0d3b4a69-45dc-4ee0-a686-f9b4839b5a63,Hicks Tool,Welcome to Hicks Tool! This is the ultimate Tools solution. Wonder part coach to reach artist her see. Interview spend class.,Tools,9.0,1.8,True,0.0,,False,15ad6aab-ef56-4227-9de1-bdefd25f41e2,Diane Ryan,smithrandy@douglas.com,Macdonald LLC,d3cee5d30047663f,v2,Sense project out word summer.,2026-01-10,rogerjones,Benefit management tough it structure. Against often different become daughter describe analysis.,4
4ed08013-954e-4d06-a6e1-608179aee8a5,Word Magazine,Welcome to Word Magazine! This is the ultimate Education solution. Member for hope present way former suddenly. Authority early news notice hospital stuff.,Education,5.8,3.4,True,0.0,,False,bbae0827-c0e4-4740-b218-7f6dca3b8281,Alexander Johnston,gevans@roberts.com,Moore and Sons,ff5bafdc02b181af,v4,Figure own write.,2026-02-11,xbrown,About as cut minute who. Owner especially commercial high. End hotel beat order.,1
415a19b6-a934-49c6-a58b-31e35e2e4062,Easy Act,Welcome to Easy Act! This is the ultimate Productivity solution. Write could describe financial.,Productivity,10.2,4.2,False,35.22,USD,True,aa7bc187-5e2e-4fec-af90-7fa4b57ef631,William Raymond,kwilliams@garcia.com,Williams-Allen,03b458cc0b63523d,v4,Power consider until available.,2026-01-17,sallygay,Its break bring answer.,2
b56c6e97-b84b-419f-b7b5-77d35f3ad3fa,Learn Lab,Welcome to Learn Lab! This is the ultimate Education solution. Model popular system wonder piece exist stop. Large around sometimes really PM.,Education,2.5,4.5,False,47.05,USD,True,b14e2b89-fec7-4f35-a36f-c49a1a427bb1,Stephen Lopez,dan90@ho-michael.net,"Lee, Anderson and Rodriguez",0f1cb70e9e06f0f1,v4,We country large speech.,2026-01-01,jmaynard,Born ten ask more. Serve everything common establish style. Third case during modern pretty.,5
72b37b3e-ed74-4a96-982d-c92123c76e7a,Master If,Welcome to Master If! This is the ultimate Education solution. Reach onto country your.,Education,11.2,1.2,True,0.0,,True,8755d9c2-a26e-43df-88f9-72f2a8e146d9,Michele Kennedy,brendanjimenez@bowen-martin.net,Floyd-Ramirez,b877d74e95d7e44b,v5,It happy reach through.,2026-01-03,deanna16,Every reality head. Before media describe why. Model hour investment as simple how doctor.,4
1382599f-03e2-451f-9add-bf89aa99d830,Deeppink Saga,Welcome to Deeppink Saga! This is the ultimate Games solution. Instead military each of type bring.,Games,11.9,4.4,False,33.26,USD,False,d295e19a-b860-45d4-9979-2a0ec8b7914d,Kevin Young,mmiller@grant-mccall.org,Davis Ltd,fe999a78e4e47dc6,v3,Think art tree agent star risk.,2026-01-29,devinthompson,Others above camera state remain. Brother hold serve management radio yeah contain.,1
f413bc6b-f08c-424e-b810-d64b9089db50,Gilmore Empire,Welcome to Gilmore Empire! This is the ultimate Games solution. East day parent.,Games,12.0,2.8,False,5.06,USD,True,81b1bd46-22da-490c-ba55-b44b3743888f,David Myers,melissa37@adams-brown.com,Murillo-Hodges,11ce0741aeadf677,v5,Despite chair size policy under.,2026-03-13,sean81,Begin discuss specific give. Science sometimes test able. Help finally continue young before.,1
13b8f0f8-3841-404e-8503-7b716334ef4c,Jenkins Track,Welcome to Jenkins Track! This is the ultimate Finance solution. Quality daughter wonder gun many. Stage product loss.,Finance,2.4,4.3,True,0.0,,True,8fdaa963-9a2e-4e6f-897d-6dec78388e09,Steven Obrien,bgonzales@briggs-wilson.info,Garza Group,ea5c2ecb38538725,v2,Most Mr figure.,2026-02-24,jcruz,Top thought position security style need sport unit. Culture to art single.,3
0ba0e090-afd0-4dec-9de6-8315240907ba,Daily Just,Welcome to Daily Just! This is the ultimate Productivity solution. Wonder prevent at seem. Down free whose others enough often scientist.,Productivity,5.0,2.7,True,0.0,,True,44184598-d2b2-47df-8505-4414ad8113e5,Jessica Reed,tararobertson@murphy.net,Castillo-Francis,ae119ad3d5d58de3,v3,Fish life face everybody.,2026-03-09,petersonsandra,Star song eight. Language participant push staff.,1
2a46f1ee-3421-4760-9efe-5b8cbb76c8e5,Live Either,Welcome to Live Either! This is the ultimate Social solution. Stay their value generation life including suffer maybe.,Social,8.2,1.0,False,18.02,USD,True,bb6d2404-eb28-4569-973c-5b1da49ba71f,Vincent Castro,zrogers@smith.com,"Bishop, James and Bird",4964a1037857ce90,v2,Mean turn fly drive process participant movie.,2026-01-17,christopher24,Candidate Mr before lawyer accept customer. Enjoy any main south you.,1
08d427af-af3f-40db-9fee-1996741d4bc8,Link Hospital,Welcome to Link Hospital! This is the ultimate Social solution. Job federal guess.,Social,11.3,4.7,True,0.0,,True,203d4747-a0fe-48fd-8ead-af6d09d4cd72,Kathleen Walton,landryanna@daniels.com,"Gonzalez, Beck and Johnson",74d549619a034b3e,v5,Cost chair style cold radio these between.,2026-02-13,hoffmanrobert,Heavy near tree face choose. Suffer coach policy white. Sell age itself.,4
01f8b2ba-df43-4ab3-9457-da7e6328d445,Safe Track,Welcome to Safe Track! This is the ultimate Finance solution. Resource throughout style dream.,Finance,8.5,1.9,True,0.0,,False,34efd90c-35c6-4676-ba7f-ce3cd4dbca87,James Ray,dustin20@ferguson-beck.biz,Burns-Rubio,612e2dd29c060281,v2,Operation interview radio national draw rather.,2026-02-01,jennifer06,That already of measure thought child. Have during face should travel move but raise.,4
0f23e0bc-dc06-4103-a24b-f93b9f32be7b,Legend of Hero,Welcome to Legend of Hero! This is the ultimate Games solution. Fill lead these born themselves purpose serious. Yard land anything Mr wide camera.,Games,4.6,3.4,False,23.1,USD,True,63005d89-2612-4d36-84b1-06914f665c04,Rachel Mitchell,kenneth35@mata.com,Wilkinson LLC,08437126f2bdb93e,v5,Prepare authority green prevent if.,2026-01-18,kmiller,"Road partner short some knowledge.
Time season mission hospital rock. Choice future range plan.",3
423b3f21-503f-4ec7-8ad3-b20214fd81d9,Cornflowerblue Empire,Welcome to Cornflowerblue Empire! This is the ultimate Games solution. Possible role movie write raise us.,Games,10.2,3.9,False,14.78,USD,False,bd5e993c-227d-4895-abad-4595d33d3411,Paula Boone,boydmitchell@stevens.com,"Smith, Cunningham and Flores",403ea453785c8792,v5,News bad leave another agreement her old.,2026-03-01,kmorris,Model friend coach some into choose keep course. Space song evening describe hard focus.,3
42bbe0c3-9d29-4cef-a0c0-9730f6db7853,Talk Remember,Welcome to Talk Remember! This is the ultimate Social solution. Skill weight worry federal wait ok discuss act. Live according Congress face her human generation decide.,Social,1.8,2.4,True,0.0,,True,d62d9f4e-6992-43cf-8a7a-e0e5c53d718e,Keith Goodman,baileycraig@rogers.biz,"Neal, Chan and Bond",bc6e6c33b1a1b9ac,v1,Low tonight term organization.,2026-01-19,iwoods,Under the let into ago law town. Pattern remember indicate. Red military phone growth.,2
650d6bc9-226c-4a43-8ee4-0643d38bbd5c,Dean Expert,Welcome to Dean Expert! This is the ultimate Tools solution. Tell themselves will pressure. Thus or dog growth natural catch majority.,Tools,10.1,2.1,True,0.0,,True,f18f814a-c45d-495e-9b7d-e823b54714f5,Jasmine Nunez,masseycameron@anderson-mendoza.com,White-Ryan,59fb7114480204f5,v2,Role affect edge summer bank tax by.,2026-01-04,meganarmstrong,Personal foot which management stage fish benefit. Cell professional myself develop low pull there.,5
909cdf8c-4d2a-49fa-926c-5aedf2e2a124,Firebrick Empire,Welcome to Firebrick Empire! This is the ultimate Games solution. Bed alone scientist peace. Customer hot support much during dark easy.,Games,2.4,4.0,True,0.0,,True,82a7235d-b573-4b35-b64a-f149ccdc66b6,Nicholas Moore,brandy86@garrison-johnson.com,Adams LLC,70bb5d508300f239,v4,Discover look first three.,2026-01-20,christopherterry,Policy operation collection forget.,2
00cd36f0-ede6-404e-97b6-d9579cf80bd5,Pixel Mind,Welcome to Pixel Mind! This is the ultimate Games solution. Top possible federal state key.,Games,11.9,3.8,True,0.0,,False,0fccb172-df24-4fd9-9f71-7fc8473bd76a,Ms. Cathy Mooney PhD,hernandezlisa@bradley.com,White-Thompson,a26f832a91966bb8,v4,Day three sister assume majority.,2026-01-28,ethan77,Serve budget as second which occur carry. Seem sometimes issue defense you ok.,5
389cbcea-8c8d-47db-8c3b-b8f6a5042a2a,Penny Shelley,Welcome to Penny Shelley! This is the ultimate Finance solution. Ball go feel foot week water.,Finance,1.1,4.5,True,0.0,,True,172c8c28-ee55-4eec-8e22-592913ac1e56,Courtney Johnson,zperkins@nichols.com,Kidd and Sons,b278ec04e5633b42,v4,Artist game us plan ok deep return.,2026-01-17,nathan86,Suggest method get raise. Financial art mother nation. Under every can certainly.,5
7ce4a991-7107-47b3-ab32-b7c0090488ca,Guard Ernest,Welcome to Guard Ernest! This is the ultimate Tools solution. If a somebody newspaper.,Tools,4.0,4.7,True,0.0,,True,9da3b0ae-fea6-483b-b357-f1685ac81e2d,Donna Gates,carpentersharon@moon.com,Vincent-Sullivan,168f986d7003f798,v4,Than while somebody.,2026-03-08,scott28,Agent worker hit dream bar. Effect hold rich start. Mean though of turn community.,5
551dff28-5903-4d25-8e41-9e4e6a7d13e7,Focus Rose,Welcome to Focus Rose! This is the ultimate Productivity solution. Man manager listen smile stand ball current.,Productivity,7.3,3.1,True,0.0,,True,532173a0-d426-4a54-8f57-c1d03f4efa0a,Ralph Nguyen,lisajones@hendrix.com,Miller LLC,4c02883a7ba23734,v2,Coach population tough truth.,2026-02-09,jennifercortez,Than garden move reduce. Week help leg along discussion one cut site.,3
78dc05d0-295e-4611-98de-3aa4ab5ff070,Cunningham Me,Welcome to Cunningham Me! This is the ultimate Social solution. Lay already area someone house.,Social,7.3,2.4,False,40.16,USD,True,fb754937-247f-4c1e-ab83-47fe766770e0,Jamie Francis,elee@barrett-grimes.com,"Perez, Ramirez and Parsons",6573249401303cdb,v2,Value forward Mrs around ball there inside.,2026-03-10,matthew95,Book seek defense something ask phone. I can at central could. Road effort international cup.,4
186d4ac9-cf25-4822-b25e-f571d02cb385,Circle Susan,Welcome to Circle Susan! This is the ultimate Social solution. Walk no sense there.,Social,3.3,1.7,False,4.69,USD,False,2d1c4314-04f7-44c3-8876-562ad072e140,Kevin Thornton,robertclark@thompson-evans.com,"Pena, James and Sherman",6727e6d121da2df1,v1,True knowledge market.,2026-03-09,kevinhoward,Front across reach one indicate only service us. Through even meet future.,4
98c20044-9ab4-4c4e-ae42-6b2b765f9a59,Daily Thomas,Welcome to Daily Thomas! This is the ultimate Productivity solution. Member everybody unit its common laugh then.,Productivity,6.8,2.0,True,0.0,,True,6f24fb70-0643-4b3f-b162-744df4a993a3,Michael Weaver,chungsara@woodward.com,Anderson and Sons,9d772273b8c603aa,v1,Commercial raise say find.,2026-02-03,nrobertson,Court central idea sense message. Special society add window. Suddenly law however answer off.,4
a1163dea-edb0-4480-93e4-60dcf78ec9fa,Pacheco Arena,Welcome to Pacheco Arena! This is the ultimate Games solution. Miss often attorney task. Walk stock kid while including.,Games,9.0,3.0,False,45.91,USD,True,88a901fd-3b0a-493d-88bb-48923f979e96,Natasha Lee,lyates@sutton.org,"Campbell, Moore and Dunn",fe93d334f429b68f,v1,Woman along fire letter.,2026-02-06,brentharris,How gun child guy operation forget. Girl month not again. News town all where action bed receive.,2
028cbf82-1f4a-4719-9547-9b95d7d7a218,Academy Sort,Welcome to Academy Sort! This is the ultimate Education solution. Maybe measure floor worker.,Education,3.8,2.6,True,0.0,,True,6dfde70a-fd8d-4b5a-9e55-9e4bcf8f8d97,Chris Torres,sheilawalker@keller.com,Walker-Terry,db392b421825d477,v2,Positive page reduce mention its I despite.,2026-02-10,hallpamela,"Certain expect culture run.
News book decision success fact maintain.",5
d2287e66-f1f9-40dd-8cc0-9b4ba1a5b206,Hotpink Space,Welcome to Hotpink Space! This is the ultimate Social solution. Economy approach direction watch difficult subject pretty. Important believe this push north citizen other.,Social,7.0,2.3,False,31.13,USD,True,d5c8165d-925c-445b-8bfb-4cc62e23161a,James Cox,santosjessica@roberts.com,"Sullivan, Golden and Garcia",5e70f79e40d780a3,v2,Activity can market.,2026-01-18,richardbrown,Car if section guess avoid work. Herself thing play meeting grow.,2
13cb6d5b-0bae-445f-bbb0-d0b69f6b4b0a,Extreme Over,Welcome to Extreme Over! This is the ultimate Games solution. May enough car teacher bar. Political thus summer.,Games,1.6,2.5,True,0.0,,True,c78acb77-cb95-4f74-8363-32604b032d95,Marisa Munoz,speters@schmidt.biz,Robinson-Williams,cca2caa1dcf71007,v1,Care left daughter trade.,2026-02-16,graveslisa,Able standard board.,1
cab762bc-048a-4d61-9177-b769ddf37493,Palegreen Cash,Welcome to Palegreen Cash! This is the ultimate Finance solution. Also amount white thought. Run experience north hospital green together describe.,Finance,10.0,4.7,True,0.0,,True,519f3a66-4fb8-415d-83e9-45ba80f9d15b,Shane Espinoza,bmartin@williams-lee.com,"Schwartz, Crawford and Davis",b71d28f4b881fa1c,v4,Parent member local while set administration tend.,2026-01-20,crystal13,Responsibility us fill pull reduce.,3
c7b2603f-d0d2-415f-8ff5-ad5d48b320f5,Indianred Organizer,Welcome to Indianred Organizer! This is the ultimate Productivity solution. Wear her success offer reach suggest agree. Phone big respond.,Productivity,7.8,1.1,False,47.39,USD,False,e00eff7e-6fbb-4d50-a520-4cccbc209828,Tiffany Vega,snyderlaura@lopez-smith.biz,Davis Group,74e0008b6a6962a1,v2,His star western figure economic.,2026-02-25,gonzalesvictoria,Increase accept same cup. Police per choose sport know.,5
bb4aaa8d-5171-4b3d-a13c-a785be481fb5,Lemonchiffon Do,Welcome to Lemonchiffon Do! This is the ultimate Productivity solution. Medical fly stock accept weight phone. First color may what author table pattern.,Productivity,10.2,4.1,False,3.67,USD,True,2726f66e-49d2-45a2-a6c9-993056f927c4,Brian Sanford,jeremy16@wells.com,"Torres, Bryan and Owens",41a27a343e1acc17,v2,Yourself color traditional president every like.,2026-02-20,victoria98,Itself compare upon research guy operation own. Report law bit work.,1
eff2ae0e-bd61-4b8e-9b62-453516ed2b20,Space Hero,Welcome to Space Hero! This is the ultimate Games solution. Black garden in total listen dinner. Improve form wish treatment control though air.,Games,10.2,1.3,False,34.84,USD,False,5e5faf44-7de3-4afe-b7ca-77ec3b98c5ca,Steven Parker,christopher41@lawson-coleman.com,Jones-Harris,f701b8b0ad46194e,v3,Ready risk we event size thank.,2026-01-28,zmcdowell,Free discuss human value whole. Happen medical memory poor dog follow picture.,2
e7dd4c83-f2ac-4064-85ca-aab9dc042222,Battery Method,Welcome to Battery Method! This is the ultimate Tools solution. Help recently us young always resource language. Election eat see even success dog of family.,Tools,5.6,4.2,False,31.88,USD,False,39ebd8e1-71ab-456f-82ad-7c5bbfe7e24c,Jessica Phillips,snyderaaron@munoz.com,"Middleton, Anderson and Miller",eb7f2364dccd58cb,v5,Rise claim join.,2026-02-06,ufields,Region social science spend prevent. Poor dark defense middle daughter. Every change but sea prove.,2
439342d6-d4f5-4e25-9f4c-61ae6a8ca20a,Lightgoldenrodyellow Hero,Welcome to Lightgoldenrodyellow Hero! This is the ultimate Games solution. Dog focus machine thought work board. Newspaper you her radio.,Games,5.6,4.1,False,30.5,USD,False,dbdc5e27-cc38-4f46-8b31-00d12bfae064,Nicholas Pace,alexander81@huang-king.org,Thompson-Horn,5b9b812ddfbdba36,v1,Financial worry management up magazine toward wear.,2026-02-26,jsimmons,Sure gas test animal two.,4
09a6972d-c8d4-4e1e-ae60-b0ea920b4c00,Yellowgreen Pro,Welcome to Yellowgreen Pro! This is the ultimate Tools solution. Sense worry wind much such reveal.,Tools,4.6,5.0,True,0.0,,False,4e5a5505-1820-4021-9fcb-6454d6245981,James Hall,stephanie57@cardenas-alvarez.com,Wallace-White,402e208bb252c503,v2,Or write mission we onto that.,2026-02-19,jacksongrant,Sometimes meet maybe charge anyone per nation. Because yet ask her. Painting nation attention.,4
b0d9bc84-a0ec-4c4e-98e3-342b15fffd4f,Turbo Stock,Welcome to Turbo Stock! This is the ultimate Tools solution. Go anyone vote order.,Tools,2.2,1.1,False,10.95,USD,False,b723a62e-b69c-4700-91a4-3b88f758d6a7,Jamie Phillips,sharichen@perry-harris.com,Fletcher-Ramirez,7c7c1677e7071d69,v3,Think benefit culture.,2026-02-03,caseynatalie,Half owner skin treatment spend either. Girl treat them bar. Good culture agree draw employee.,2
8a580b55-7617-4974-91f2-5af0853bd4b9,Smart Rest,Welcome to Smart Rest! This is the ultimate Productivity solution. Wish ok feeling value son.,Productivity,2.1,3.5,True,0.0,,False,7d999527-bd4b-4d2d-a377-e52a9233567d,Dawn Hunter,williamsdiane@williams.com,"Carpenter, Marshall and Richardson",389d42edfd1c3311,v4,Word start real usually whole pressure.,2026-02-17,rgibbs,Week cost throughout thus. Friend still by record thought manage along world.,2
4891a198-786e-4403-aae2-7ea9ffd2ebab,Martinez Arena,Welcome to Martinez Arena! This is the ultimate Games solution. Seven while off official rest onto particular. With population environmental real.,Games,10.0,1.6,True,0.0,,True,bb5470a3-2678-4412-ba2f-efaa1e06115d,Allen Patterson,lewistaylor@smith.info,Weaver-Jones,21be45cc5820bda3,v3,Reveal future contain ahead.,2026-01-20,sarah77,Least agent everyone until. Three station range arrive.,3
4de8527b-d865-49a1-92c5-3a079142bd0f,Safe Track,Welcome to Safe Track! This is the ultimate Finance solution. Stuff five inside foot compare million too same.,Finance,11.7,1.9,False,2.82,USD,False,901c9a3f-4922-4a64-9540-87e1119b4724,Jacob Thompson,mwheeler@lane-sullivan.com,"Phillips, Vasquez and Cox",f2b40e6a1f072d0a,v4,Where loss successful I hard paper.,2026-03-09,qdavis,"House cut property few benefit quickly.
Call imagine national claim none.",1
640ecd8d-705d-432a-8cdb-fe6ead3b2f63,Cornsilk Tool,Welcome to Cornsilk Tool! This is the ultimate Tools solution. Any she seem. A short sea marriage.,Tools,11.5,3.3,False,35.71,USD,False,1f957c73-9698-471e-80b5-b996d9cc2fb2,Rose Cook,wilsonangela@jackson-cook.org,"Montgomery, Cross and Spencer",bc058aba3b8e02b9,v2,Oil teach add various.,2026-01-16,royphilip,Sit image Mrs like agree. Third compare wife. Benefit lot choice expect add worry data.,1
eba8b2d7-cd53-4a82-a0d3-5b2011fb0881,Kelly Run,Welcome to Kelly Run! This is the ultimate Games solution. Onto fine especially story stand.,Games,8.4,3.4,False,15.15,USD,True,83974280-b13f-4a5a-932f-20424059009d,Beverly Fisher,jefferykennedy@rogers.biz,"Ross, Montgomery and Mcbride",49f8c644cb0f99fc,v3,Four company claim company.,2026-03-14,heather87,Race discover wife crime rock. Light despite no hold. Method couple quality never.,2
d4cbbda4-936d-49ce-8a8c-5df6077f2c07,Academy Troy,Welcome to Academy Troy! This is the ultimate Education solution. Realize nature you billion. Common mission only against color.,Education,3.2,4.8,True,0.0,,True,e19aa7fd-198f-4318-9e73-bb315ebfe0fc,Melissa Martinez,john38@bender.biz,Martin LLC,1700520ba355b0c8,v3,Decision project individual color many.,2026-02-17,pturner,Newspaper million require write course act read employee.,3
cc415789-05a4-4595-a17f-cd7f466ec862,Live Back,Welcome to Live Back! This is the ultimate Social solution. Cut couple anyone rule establish.,Social,2.0,4.5,False,30.98,USD,True,c472dbbd-be1e-4763-9bdb-b1977e63e28e,Thomas Schultz,jeanette59@ryan.com,"Walker, Hayes and Eaton",50fbcf80d4bc0c57,v3,Turn stuff somebody.,2026-01-12,ddelacruz,Friend I myself despite goal TV news. Another structure word writer. Civil common vote simply.,4
a9ae96ee-b0a3-42fc-a8c9-dd98f67bcd47,Phelps Tool,Welcome to Phelps Tool! This is the ultimate Tools solution. Child compare rather. Water fact because apply.,Tools,8.5,1.1,False,12.46,USD,False,2b933390-7efa-4d39-8b3b-d3712fd2ac70,Sean Jones,julieestrada@wilson.biz,Cohen-Russell,625c4998851e2c3c,v3,South both mission ten improve program Democrat.,2026-01-19,helenhamilton,Human American public seek rock individual than. Work charge list get person.,2
04076e03-d219-4545-b5d8-cd66cc38b539,Scan Nathaniel,Welcome to Scan Nathaniel! This is the ultimate Tools solution. Wrong firm many approach tell local again less. Beyond degree treatment style yet drop race.,Tools,9.8,1.8,False,24.5,USD,True,0b1d4a90-0f0e-4c8a-bd63-816e6dab2626,Jeffrey Gentry,paynedavid@riley.net,Best Group,8ffea7e9f2eeb18b,v1,Phone theory join.,2026-01-20,susanedwards,Health effect also up exactly through TV. Himself large word energy region degree hotel be.,2
c751ddac-74c5-4727-be0e-6333b83c90e3,Easy Jennifer,Welcome to Easy Jennifer! This is the ultimate Productivity solution. Stand small police special call hair suffer.,Productivity,6.9,1.2,True,0.0,,False,990c0043-56ef-4d7e-9b8b-252114920e18,Danielle Johnson,olivia27@cochran.com,Morgan-Porter,ba4538bbd3ba7ea2,v5,Physical green news kid both wall.,2026-02-20,alexander37,Image simply spring receive play consider.,5
4ada9ad7-311c-406a-baf2-2065046adac1,Ramirez Lab,Welcome to Ramirez Lab! This is the ultimate Education solution. Land game watch prove might. Station concern song.,Education,4.5,3.0,False,14.6,USD,True,76f2dd98-5571-4807-804c-2e210b321da9,Molly King,andrew99@shaw.info,Harris-Thomas,0031174a3c362b25,v2,Sing outside house somebody three song cause.,2026-03-14,richardsonbrandon,Student minute anything kitchen. Practice book special range service.,4
7215ed77-b404-4b3c-be6e-a01309689d63,Fuller Pro,Welcome to Fuller Pro! This is the ultimate Tools solution. Particular action office month speak. Southern nice with enjoy.,Tools,2.7,2.8,True,0.0,,False,af6db0cc-3dd7-4b3f-95be-6d820a7ed9da,Benjamin Lane,rebekah14@king.com,Martin LLC,5b34859535b17e99,v4,Book cultural herself often student water.,2026-01-08,dana69,Always including inside. Recently note why son receive compare television later.,2
76ccb666-7444-4846-91d9-7decb3136629,Orangered Empire,Welcome to Orangered Empire! This is the ultimate Games solution. Of high station hold.,Games,12.0,1.3,True,0.0,,False,0cf3d5f6-0767-4d3d-9e31-b82c7517861f,Chad Davis,qmorris@jackson.com,"Wagner, Pitts and Alvarez",a09bbe61b53b5c57,v2,Reach compare debate I same arrive.,2026-03-06,rclay,Left too behind single. Identify through require home he. Assume stay research above above.,2
3728e048-939c-4c5e-9a13-087453432252,Turner App,Welcome to Turner App! This is the ultimate Tools solution. Source others event dark style. Base learn range seek.,Tools,6.4,4.1,False,3.33,USD,False,3356e976-f5e6-4f0c-a0c1-bdf1440ebcd8,Katrina Tucker,brandoncombs@cox.com,Torres Group,4ec2e0586064432c,v5,Seven foreign stay program here attorney ask.,2026-02-10,jacqueline97,Nearly finish look fly allow form speech. Game mouth night.,1
a49ef8ec-e622-496d-acd6-03c6f892837b,Turbo Helper,Welcome to Turbo Helper! This is the ultimate Tools solution. Tend seven prevent city budget information. Nice six help can dream admit class.,Tools,7.9,3.0,False,16.06,USD,True,7436b904-e1c7-44f3-8f1e-08b9a5ddad48,Katherine Jackson,barrettcathy@robinson-hernandez.net,Robinson PLC,3cf156eaa1b23c94,v5,Whom research change myself.,2026-01-22,lisabrown,Whole lead place say exist artist film structure. Him have only recent car reality.,2
a8039f38-81ed-47b0-9bde-66fa8aae03aa,Quiz Susan,Welcome to Quiz Susan! This is the ultimate Education solution. View ball soldier mouth red issue share. Smile general budget.,Education,11.6,2.0,True,0.0,,False,5ff0f81f-7f7d-4042-b2d9-052652e28f70,Amber Yates,herringbrandon@campbell.biz,"Hatfield, Chavez and Rowland",09edf049959c34ef,v1,Follow carry will there child ask magazine mind.,2026-01-17,melissa58,Bag force no program feeling husband gun letter.,4
61ce7883-ef95-4d13-ab54-0b458ff02494,Master Lauren,Welcome to Master Lauren! This is the ultimate Education solution. Ball owner along physical ready respond social. Fill charge style range identify manage marriage.,Education,12.2,2.6,False,36.22,USD,True,96681a9d-aeb7-4bda-98bb-1723fa8fbb6e,Charles Hunter,clinekathryn@johnston.com,Stewart and Sons,159371acda2a12cb,v5,Network customer deep history suffer president.,2026-02-04,woodardkayla,Question put foot source dream almost. Front type sea however. Management type only.,1
0eb37347-6fd8-498e-882b-95600ba8b1f4,Extreme Battle,Welcome to Extreme Battle! This is the ultimate Games solution. Radio discuss control prevent hour most. Create suddenly report analysis course.,Games,8.2,3.8,False,47.42,USD,True,715e8068-1232-4d4c-bfa2-aace3fbe10ef,Keith Lee,scottrobert@reed.org,Wilkerson PLC,003cce8d59b04684,v4,Exist must rate huge major free.,2026-01-26,luis94,Find material two notice allow. Administration for effect will any.,5
5e7120fc-dcf5-41c2-b1e7-26fc10065925,Skyblue Notes,Welcome to Skyblue Notes! This is the ultimate Productivity solution. Thus international none as.,Productivity,3.3,4.9,True,0.0,,True,1aecf726-ba11-4e86-a4dc-2266ae71d0c6,Andrea Valentine,yreyes@johnson.biz,Silva-Smith,59451e366578ed56,v4,Officer fill into work contain.,2026-01-13,tylerhenry,Network plan law. Your leg admit drive including organization with.,3
a99cdf19-cf6e-49fe-8fc3-b6b768957a6c,Martin Task,Welcome to Martin Task! This is the ultimate Productivity solution. Positive music course specific also. Fire base cost whatever church various under.,Productivity,1.0,3.3,False,39.3,USD,True,90f4fbd9-5ee4-4608-9447-b65fcad3ada6,Joseph Skinner,lawrence79@boyd.com,Reyes Inc,7f7f07e4f7c339cf,v3,Year according ball good.,2026-01-25,yorkchristina,Morning off capital carry. Science group different step. Event early bill bring like.,5
94794157-6359-408e-82e0-2b46ba8ec780,Seashell Network,Welcome to Seashell Network! This is the ultimate Social solution. Cost court add good number plant couple. Operation under look magazine.,Social,5.0,2.4,False,26.3,USD,False,2b55c829-ea2a-4050-94fc-ec7e92c4e7c7,Dale Meyers,maydebra@hebert-anderson.com,Martinez Group,742b0acca154e06d,v1,Share give friend above seek including.,2026-01-04,mackenzie38,Financial need thus evening. Drive goal open detail stand. No argue south trade.,4
1c5078b5-a9c2-4bea-9a00-0bc5eef919e6,Extreme Serious,Welcome to Extreme Serious! This is the ultimate Games solution. Lead military finally car explain recognize answer well. Former nothing oil a task institution all.,Games,4.1,2.7,True,0.0,,False,0cbd46d4-7cc8-4da2-9bcb-81c1b9ed6a3f,Anthony Thomas,fthompson@estrada.com,Lee LLC,dc5181e009820012,v5,Line company himself model degree wide might.,2026-03-08,reevesscott,Establish message little note. Until picture account little huge remain.,2
2ddbe5c6-23cc-419a-8f95-602c118f4822,Palegreen Scanner,Welcome to Palegreen Scanner! This is the ultimate Tools solution. Traditional executive anything we. Human forget just various skill indicate between take.,Tools,10.1,1.7,True,0.0,,True,018b4a1d-0c88-4e8e-a1dc-de62b81ecd81,Michael Riggs,adamcarroll@howe.com,Rice-Garcia,d02fd4651fcb484e,v1,Nice after paper miss star dream.,2026-02-15,vdavis,Feeling significant history cost. Store million great.,2
faa79584-b525-4db5-8d89-cc0bee259467,Money Follow,Welcome to Money Follow! This is the ultimate Finance solution. Second officer year probably hour director product activity. Bill sing relationship sense a just.,Finance,3.2,1.3,False,32.03,USD,False,f7bc4c8f-eb40-41ca-8359-59ed7f133114,Alisha Jefferson,susan57@stanley-gray.com,Morgan PLC,72137dea200b193e,v1,Development camera alone current enough address attorney.,2026-02-08,gregmendez,Property pass city third we step. Model serious buy sister surface position.,4
b1b4b03d-6fda-4cf6-9528-336a4d7fbbbb,Focus Half,Welcome to Focus Half! This is the ultimate Productivity solution. Gun than raise example follow send task.,Productivity,7.3,4.9,True,0.0,,False,ba232ce8-db0f-4940-908a-8f9642531d11,Jessica Jones,marcusbailey@wallace.org,"Robinson, Johnson and Carter",5dff28c5fccbcec3,v4,Include red I camera on finish.,2026-01-31,jenniferpowell,Leave lead magazine relationship. Provide bad only visit onto yeah say.,4
ed0df8b0-9448-43e5-ad8f-5fc5f9fc7efb,Gold Sylvia,Welcome to Gold Sylvia! This is the ultimate Finance solution. Why wide hair together high not who.,Finance,10.3,4.8,False,47.81,USD,True,93ca4092-2b0a-4ad7-9428-5946287b7979,Michael Garza,chambersmatthew@smith-cooper.biz,Marks and Sons,646310f3bef94f2f,v2,Word institution increase stock off area own.,2026-02-23,gabriel19,College what production husband partner. Air blood help project cell.,1
d331c54d-101d-46eb-901d-d076a4fa8a9f,Word If,Welcome to Word If! This is the ultimate Education solution. Learn wonder of entire over trade method.,Education,4.2,1.8,False,25.86,USD,True,8a123c7c-e0ba-4756-b99b-5f03338d0b0b,Russell Wise,scottcody@baldwin.info,Allen-Jenkins,afa8facb40017115,v5,Report arm long head start with million particularly.,2026-01-17,michele14,Change way determine between care test. Free without notice high.,4
ae62bb6b-99eb-4379-9091-f7b2b989e24d,Money Coin,Welcome to Money Coin! This is the ultimate Finance solution. North matter forward door.,Finance,11.0,2.4,False,15.79,USD,True,c0286004-28a3-47cd-800e-ff77db3dbe13,Robert Hernandez,wcox@smith-williams.org,"Rowland, Vargas and Brown",b32895623a7375cf,v1,Least red hot support.,2026-02-07,yolanda67,News sense thus. Week thank concern now man control language.,3
4878fd7f-8313-4565-8629-d81a92863ba1,Focus Flow,Welcome to Focus Flow! This is the ultimate Productivity solution. Affect while we white herself now ability.,Productivity,7.9,1.7,True,0.0,,False,c029f9ac-9cdd-4001-a128-1f84a0e6257f,Robert Bass,albertvega@santiago-medina.com,Sanchez-Patrick,7f36d4534be3b08f,v3,Run black change from.,2026-03-01,halldavid,Situation same car base visit adult college. Because good management account system.,2
414faf6b-2838-48b8-9651-0e3163c00d7f,Darkturquoise Planner,Welcome to Darkturquoise Planner! This is the ultimate Productivity solution. Former me need whole life. Something for small near behind candidate hot cover.,Productivity,2.3,2.7,False,44.14,USD,True,5ee2c5c7-6248-4ecb-bed9-234f633fed2b,Lauren Rogers,austinwilson@fox.com,Adams-Davis,e1680f66d9f4c77e,v2,Amount general future education another home.,2026-02-13,scoleman,Air effort expert article including Republican.,4
abe019f3-dbfc-419a-8bc4-43edb00ed800,Budget Daniel,Welcome to Budget Daniel! This is the ultimate Finance solution. Check kid choice. Source plant themselves soon.,Finance,10.3,1.5,True,0.0,,False,b53c4c84-2c28-43cd-ab0a-2c4fee928276,Nicholas Hebert,karenblack@scott-robertson.info,Scott LLC,0f21e30cc1349151,v1,On rich south camera.,2026-03-12,hernandezkelly,Director town note then. Mission into rate product.,3
f7d1c9a8-af1a-4040-af59-337959705627,Aliceblue Flow,Welcome to Aliceblue Flow! This is the ultimate Productivity solution. Alone at reason themselves any generation receive.,Productivity,9.6,4.1,True,0.0,,False,bcefd85b-9e31-4bbe-a111-18d3d48506ee,Dr. Derrick Camacho,weavermonica@gregory-cook.com,"Mcmillan, Mendez and Hawkins",01c78fba23003838,v4,Radio its authority thus institution.,2026-02-24,hjimenez,Today summer surface campaign read bill house piece.,5
2d00cb49-df2f-4c50-adbe-411b9f6e42ef,Study Lab,Welcome to Study Lab! This is the ultimate Education solution. Raise gun industry type thank. Pay maybe same and.,Education,12.4,4.7,False,37.12,USD,True,25131aa0-becb-47db-8630-35236e5fc90f,Benjamin Becker,kendrayork@sullivan-griffith.org,Williams-Anderson,2fac84ec07335bd5,v5,Guy important or various home.,2026-02-17,andradejoel,Animal often yard development. Near create personal performance trade color stop involve.,1
f0d0076a-2fc1-4236-adc4-08a543e2abea,Scan Range,Welcome to Scan Range! This is the ultimate Tools solution. Hand expect list once. Friend space service nothing local.,Tools,5.9,3.6,True,0.0,,True,b0c65e5d-f414-42e1-b393-4960d47d6085,Kim Lee,kking@schroeder.info,"Schultz, Madden and Wheeler",34f901ed0d16136f,v5,Possible each service on rest consider near.,2026-01-24,chill,Energy involve wide according bring usually. System one almost senior.,4
f0f5ef85-9c67-40fa-a0be-c777f3e41acb,Shadow Rise,Welcome to Shadow Rise! This is the ultimate Games solution. Him nor factor. Necessary later world activity everybody recent.,Games,8.4,4.2,True,0.0,,False,50225720-6f5a-471d-9811-6b023fda045b,Charlotte Lee,mccoybrianna@preston.org,"Dillon, Woodward and Pena",a1257588c2872ab5,v5,Own dream ago skill dark practice.,2026-01-24,lisa02,Much fight draw individual themselves in without while. Water toward court guy tell scene.,3
73f078db-98b5-493e-9b4c-dbe8a6742d47,Yellow Post,Welcome to Yellow Post! This is the ultimate Social solution. Somebody street agent prove girl assume executive. Contain project coach quality deal.,Social,1.5,3.8,True,0.0,,True,c48b429e-ed0c-406a-8653-8354b40e47be,Jacob Hall,miguel99@rivas-taylor.info,Jones Inc,ea5dbfc96b7ad498,v5,Step difficult game wife student family.,2026-02-27,joannarodriguez,Within smile foreign. Fly small blood employee best live fall.,1
8f5ecbf2-7a89-446d-af76-0c9df604393b,Space Hero,Welcome to Space Hero! This is the ultimate Games solution. Act general debate happen represent support apply college. Age TV around.,Games,5.1,2.8,True,0.0,,False,f9f7fc1e-734a-4f74-87ef-0db10e64cd2e,Andrew Allen,juanpetersen@walters.com,Glover-Bates,8be7684867dbaef9,v3,Pressure heart security treatment newspaper practice song Democrat.,2026-03-12,reyesjohn,Coach keep talk kind exactly water. Behavior such support kid.,3
b8c27957-a08a-43c1-a80f-58867a7b8400,Connect Energy,Welcome to Connect Energy! This is the ultimate Social solution. Want everybody this nation. How upon glass able business.,Social,7.4,4.1,True,0.0,,False,59112565-fb2b-484e-8a7a-1b08619713b3,Norman Wood,egordon@williams.com,Dennis and Sons,341e850205b632c8,v2,Between already current almost on yet fill.,2026-01-02,dakotaherrera,Myself arrive technology. Commercial staff whether method floor hot charge.,5
efcf8dbe-6476-4f6c-a295-08321c382f25,Aliceblue Saga,Welcome to Aliceblue Saga! This is the ultimate Games solution. Whole more student yeah provide through bag rise.,Games,9.1,3.3,True,0.0,,True,104ff148-a7f3-4c20-9b97-2164d2937d06,Brian Steele,kday@smith.biz,Berger Ltd,00276f1d0749e98a,v2,Kid word sort would break sound same.,2026-02-28,katherine15,Friend community nice yet spring ball. Two often find task take product head. Task fund live laugh.,1
334010ee-8615-40bc-81b5-280d740764d5,Ultra Notes,Welcome to Ultra Notes! This is the ultimate Productivity solution. Address nor movement mean.,Productivity,7.3,2.6,True,0.0,,False,46d468cc-da12-4c4d-bfd1-f4076ed96cff,Taylor Lane,iwood@acosta-zimmerman.net,Lloyd-Curry,abcdb5b7334f317f,v1,Surface operation minute ok.,2026-01-10,alan85,Party strong wait success become. Identify hit practice national knowledge set.,2
d04f6b78-7308-43b9-88ad-5ef07baf6a33,Chartreuse Hero,Welcome to Chartreuse Hero! This is the ultimate Games solution. Challenge culture finally role.,Games,9.8,3.2,True,0.0,,False,bf33ef68-f417-4437-b162-5d36b6a29de5,Tiffany Graves,anna54@weaver.com,Sullivan Inc,a06aa5bc497af651,v2,Two before region important child future.,2026-02-05,lauramoore,Within employee attention. Find several large anyone area behavior war.,1
da6eb9c9-9a0d-45eb-a4f9-464f65fc2938,Khaki Flow,Welcome to Khaki Flow! This is the ultimate Productivity solution. Public meeting care from push factor throw. Win PM describe remember soldier camera card third.,Productivity,8.1,1.6,True,0.0,,True,5321e560-4804-496a-a983-7f0937d48dbe,Lisa Lloyd,garcialaurie@black-parks.org,Hoover Group,c373d67bfa441021,v4,Early process sea much.,2026-01-03,cbell,Thought get end maybe just most however. Car suddenly set add author.,2
7af56df9-7a98-49f0-a88e-a451ac332991,Shadow Buy,Welcome to Shadow Buy! This is the ultimate Games solution. Compare special class say agreement pass market.,Games,11.3,1.1,False,12.52,USD,False,b6c411d9-fbea-4bc3-9c54-d1af464b5582,Lynn Collins,micheallee@johnson.net,"Lynch, Armstrong and Webb",096982b0365cfa9e,v4,Force find already rate personal themselves.,2026-01-15,jonesaaron,Leave risk garden price. Example brother director day animal.,3
b90f89a4-727c-4f7b-995a-afcd0ed02eeb,Wolf Finance,Welcome to Wolf Finance! This is the ultimate Finance solution. Bring sign though happen model. Treat safe bank I purpose those.,Finance,10.0,4.3,False,5.64,USD,False,01700e8b-a6f5-4c94-ac91-b384f57f1996,Courtney Hughes,ismith@young-robbins.com,"Robinson, Garcia and Villarreal",29055967f7f62327,v3,Describe left worker best loss beat water.,2026-01-30,adam12,Southern lay present money happen.,4
ae4bad40-42ce-4fd9-9bcc-13d544ef6fb2,Crypto Michael,Welcome to Crypto Michael! This is the ultimate Finance solution. Think computer economy daughter speak allow keep.,Finance,3.4,2.0,True,0.0,,True,a8d14779-6031-4c54-923b-a49ca5a7062a,Carol Watson,mariah38@mcmillan-gonzales.com,Ruiz Ltd,e05cd793cdbd2fd2,v2,Data community reach.,2026-01-27,megan83,Mother type nothing argue.,3
2a8dcdc8-354f-4671-a295-8ffe3a582dc2,Budget Partner,Welcome to Budget Partner! This is the ultimate Finance solution. Learn statement seven popular help budget economic any.,Finance,7.6,4.3,False,18.71,USD,False,c50a37d3-ac06-468c-9c95-a26cfbff0881,Shelby Carter,nrichmond@rosales-martinez.com,"Hammond, Ruiz and Wilkinson",dd565d59c0f91627,v1,Director only high suffer word.,2026-01-18,jessicamcdonald,Bad like care forget increase crime. Green bill wrong.,2
ebb12583-4ce1-4ebe-8b09-5394934004fb,Master Case,Welcome to Master Case! This is the ultimate Education solution. Voice indicate create floor. Various difficult energy people.,Education,4.9,1.4,True,0.0,,False,a27fe68c-5736-485f-be0e-9dac16599376,Eugene Vaughn,jonathan13@jacobs.com,Nguyen PLC,e6ce8b7ac08be78e,v5,Light interest recently clearly with let thought claim.,2026-02-18,dale32,Score shake truth what new school effect baby. Again speak maybe think.,5
b058a698-8eb5-4df5-b152-e0387eb81f96,Curtis Bank,Welcome to Curtis Bank! This is the ultimate Finance solution. Modern attention marriage glass culture base lot while.,Finance,11.4,1.7,False,23.74,USD,True,26326d00-a27f-4e78-bd12-c2963bf8217d,Anthony Moore,jcamacho@pham-collins.com,Hill-Christensen,14d00c60a8236d55,v1,Own floor consumer lot bed little.,2026-01-22,zdavies,Own true mouth reach. Blue fact Mrs provide. More only effort speak environmental may leg cup.,4
035bd12e-6f0d-4b60-a63f-8c113c593e5b,Firebrick Post,Welcome to Firebrick Post! This is the ultimate Social solution. The everything physical friend staff. On name beautiful meet.,Social,3.8,3.4,True,0.0,,False,9a90b4bb-4b33-4e8e-a1f6-abd9245a951f,Lisa Shannon,jeffrey31@allen-miranda.com,Garcia Inc,d1615bada7acde13,v2,Course television apply become exactly on.,2026-01-01,garyolson,Stock yourself understand. Find arrive project the window though morning thank.,3
a0a1a169-7bdc-4473-be61-17d632cf5b9b,Bisque Utility,Welcome to Bisque Utility! This is the ultimate Tools solution. Arm land light last force pick. Door your first.,Tools,4.4,1.5,False,36.4,USD,True,bfdaf3ec-79ac-4de3-bff6-b7b4be21c612,Kathryn Buchanan,randerson@mejia.org,"Coleman, Lyons and Reed",ff2231cb8cf0f7ec,v5,Foot forward check trouble over lawyer we.,2026-01-02,amywhite,Money perhaps explain nearly total never indicate support. Yourself seek rather.,4
ee556159-0f70-4783-9a2c-a4b4bf0e15e6,Lightsalmon Boost,Welcome to Lightsalmon Boost! This is the ultimate Tools solution. Of buy understand organization actually his. Oil industry degree write opportunity.,Tools,2.2,3.0,True,0.0,,True,be6f701a-0e7f-4d24-89dd-73e3447aaa48,Michael Shields,willisalan@gonzalez.net,Young Group,bd7f5d83ea0c9154,v2,Enter law responsibility prepare back three seem.,2026-02-15,peter09,Last large rock politics.,2
9de95795-7c9f-4cf4-9fe5-244a22663a3c,Live Dylan,Welcome to Live Dylan! This is the ultimate Social solution. South yourself that imagine second apply whom.,Social,3.0,1.1,False,49.07,USD,False,0e15f5b4-bc00-410b-b7e5-3e7d44439f8b,Beverly Castro,lori93@smith.com,Moyer-Lewis,5375fce2a35186d6,v3,In professional ok picture.,2026-03-02,powellrodney,If early each think technology every whatever social. How expect car along show behind.,4
87027281-80d0-4829-b51b-0119844d7677,Secure Utility,Welcome to Secure Utility! This is the ultimate Tools solution. Growth expect fall field he left feeling.,Tools,2.2,1.9,False,46.96,USD,True,28e1c728-b388-4964-a0c4-fd2c8fa56e37,Kevin Spears,carrieguerra@goodwin.net,"Osborne, Adams and Little",f814535c9ded1fc8,v2,Tonight interesting author write blue might quality single.,2026-01-24,allenlauren,Herself audience manage often can officer. Role participant relationship home lot away western.,4
4b80b24f-4a45-47f4-bd07-6fac309f0651,Epic Marcus,Welcome to Epic Marcus! This is the ultimate Games solution. Join to enjoy just avoid product year.,Games,4.8,2.1,False,42.39,USD,True,f14707db-d0ab-472e-97e6-b6a9c13feef9,Bruce Cross,wgates@brown.com,"Jones, Welch and Soto",24c45c016a80d9b3,v5,Kitchen soon side election go rate.,2026-01-01,smithjoy,Participant around series. Plant chance pretty professor candidate maintain always party.,1
d8f6f509-49ac-422d-b8f9-55ffbee0b5d0,Smith Flow,Welcome to Smith Flow! This is the ultimate Productivity solution. Course pull program whether much blood as.,Productivity,9.0,2.0,False,4.86,USD,True,d0bc4a5c-bf07-48e1-988d-97e29fd01cd6,Pamela Jones,aanderson@smith.com,Scott Ltd,4ce604ba5e82de84,v3,And about parent support sell.,2026-01-12,timothyhale,Sister nearly blue already.,3
0ca4860a-793f-4500-9ff2-dbf44d8041eb,Forestgreen Lab,Welcome to Forestgreen Lab! This is the ultimate Education solution. Wear check body us person election.,Education,1.0,4.3,True,0.0,,True,5d360c7c-b8d4-46c7-a219-6341fffb8384,Julie Adams,michelle45@bradford-villarreal.com,Green Ltd,cf4d0aba422cc3b5,v5,Bill rich difference force military responsibility.,2026-01-31,orodriguez,Piece a lay them. American worker push much.,2
b452c867-73e6-4a34-a397-925b6fa1db05,Mega Timothy,Welcome to Mega Timothy! This is the ultimate Games solution. Family common enjoy this however small herself. Three happen north song.,Games,6.7,4.4,True,0.0,,True,70caeb78-44ad-42c6-8065-9dcfa9ad469d,Jeffrey Parker,ibonilla@frey-sandoval.com,"Gaines, Brewer and Singh",a03bf9dc49f33cc5,v2,Physical more summer citizen let.,2026-02-11,dianaturner,Expert stay box eat pretty direction. That avoid democratic wait.,3
c1d9d721-acb9-4a42-914d-df1febb231af,Master Helper,Welcome to Master Helper! This is the ultimate Tools solution. Tax crime body individual key assume citizen. Data meet put voice bring.,Tools,6.4,3.9,False,25.54,USD,False,710b6889-64aa-4fec-9d2c-31056662abf9,Michael Martin,thomas11@wall-walls.com,Adkins PLC,428d9f3e25c547d6,v3,Whatever matter hand officer candidate fast recently.,2026-02-26,ztorres,Herself field generation we test data listen. Assume ground state education difference author.,5
b0d5703c-b698-461c-9c0e-284ac29538eb,Gold Saver,Welcome to Gold Saver! This is the ultimate Finance solution. Administration determine kitchen place four seat.,Finance,2.1,1.6,True,0.0,,False,60c4b22e-7178-4173-b3d7-84a6cdc03ddb,Arthur Lucas,nicholaspowell@shaw.com,Hamilton and Sons,53bae4b111b94e20,v4,Its page difference push boy leg often.,2026-02-08,gruiz,Action hand head speak approach. Position report take give myself.,5
5ed2e5f0-4df0-44c8-9486-594fbc19b4e9,Scan Room,Welcome to Scan Room! This is the ultimate Tools solution. Travel Democrat science tough.,Tools,2.4,1.4,False,7.77,USD,False,c6a4dbe0-e423-4b42-80f1-8e741b91ffcb,Kimberly Padilla,lewischristine@gallagher.com,"Wade, Brewer and Proctor",589b357070faa699,v2,Everything remain wonder argue catch.,2026-03-02,pammartinez,With wall to and. Year star care something.,4
14971775-bc9d-4ed1-8c82-e3b4d5442450,Krause Study,Welcome to Krause Study! This is the ultimate Education solution. Stand site nearly church.,Education,5.2,2.1,False,29.51,USD,False,440c418a-dc62-4a57-85fa-5db8904c15de,Brett Kramer,bmiller@fleming.org,"Griffin, Ball and Scott",c8d2adc2e3e5cc95,v2,Stuff person bill enter free.,2026-01-19,alyssamendez,On memory company personal set environmental use. Reality beat treat cover along example.,2
0574c247-2aa8-43b3-9e2f-a626a0baca97,Lightskyblue Guide,Welcome to Lightskyblue Guide! This is the ultimate Education solution. Walk country hold every attorney party.,Education,8.1,2.2,False,14.37,USD,False,d0a30171-2dc5-41e2-8ad3-f8457f434d65,Brittany Levine,frankreilly@ortiz.com,Henderson-Leach,bd888136ec6d6a70,v2,Sound agree option first serve collection cultural him.,2026-02-12,alexandriawilliams,Staff rise parent must reason way science.,3
d99eed90-a08d-44b2-ac9f-4c97dff4c22e,Powell Boost,Welcome to Powell Boost! This is the ultimate Tools solution. Cost west anyone next newspaper.,Tools,11.8,4.4,False,4.5,USD,False,9f138630-02d1-48ba-b4e8-bbec28a50b16,Alan Wolfe,tylermichael@lopez-ortega.com,"Franklin, Gomez and Hamilton",bea54d440ee25197,v2,Very would event stand occur quality American.,2026-01-27,bford,Hand million really positive certainly. Mention less purpose data crime. Certainly once suggest.,4
3767ad89-2822-44f3-b40b-6f07e44ec5b5,Space Monique,Welcome to Space Monique! This is the ultimate Games solution. These democratic rise so. Finish baby draw professor.,Games,11.7,4.8,True,0.0,,False,ee12776e-27e7-4d64-ac5c-3aae5237d4ff,Daniel Lowery,victoria86@graham.com,"Moore, Baker and Larson",73b55057392f1e17,v4,Into fly professor dog gun economic approach.,2026-01-13,sgomez,Difficult take method reach once ok. Chance person federal paper history side play.,5
0e259635-6667-409a-8ed5-343064c90820,Talk Alexander,Welcome to Talk Alexander! This is the ultimate Social solution. Song identify interest rate other future.,Social,8.4,4.7,True,0.0,,False,313f2efd-4adc-48be-aa63-9b47e63212c6,Andrew Wright,kbuchanan@hunter.com,Jennings-Mcdonald,c320a89a76a11909,v4,Southern usually camera move.,2026-03-09,jmartin,Economic crime huge. Suddenly fire prepare beautiful raise among the. Cut per else north.,1
dab09ed6-26a9-44e4-8891-edacd21dd51a,Roth Saga,Welcome to Roth Saga! This is the ultimate Games solution. Interview strong appear what finish eat. Build really election lead.,Games,9.4,4.2,False,18.76,USD,True,de8c8b78-0d95-41be-9fa9-e20dd30773f3,Julie Walters,smithmelanie@hernandez.com,Butler PLC,2180487490592499,v2,Without candidate hospital.,2026-02-24,amy49,Drop trial report network trip. Son people treatment likely whom executive according.,1
1a6efd35-765e-49ae-bc9a-c4a0c50d48d1,Hotpink World,Welcome to Hotpink World! This is the ultimate Games solution. Foot change her vote.,Games,2.9,4.2,False,44.3,USD,True,057099aa-beeb-4e49-ad28-eb09c9925981,Nicholas Frazier,christophernelson@massey.net,Garcia Inc,774aade8bc818819,v5,Mr fish political.,2026-02-27,cynthiathomas,Financial middle up grow forget citizen. Offer also reach investment different boy officer.,1
35158d90-aaa5-4ee6-875a-918d89219298,Turbo Trade,Welcome to Turbo Trade! This is the ultimate Tools solution. According improve old safe pass at. Become several point.,Tools,6.3,4.6,False,39.81,USD,False,a1d98257-b329-489b-9c9b-eb263a033fec,Lance Gray,lori98@johnson-singleton.org,Holland and Sons,53ad938a8dd38d6f,v2,Investment east consumer family.,2026-01-14,jonesjoshua,Friend why beautiful laugh we spring film. More field first.,5
9bd828b2-9355-436c-9545-1562f4e7cb72,Sienna Social,Welcome to Sienna Social! This is the ultimate Social solution. Spend term hair store career upon idea.,Social,3.3,1.1,False,26.19,USD,False,7b51d751-09be-45a6-a119-0c3e4695f680,Tina Larson,uford@brown.com,Ward Inc,d7cf1556bbc28855,v2,Reflect total main shake rise.,2026-02-25,snowthomas,Enough whole article along.,5
c1bd3af8-f799-49b4-b329-a6068cbcaaeb,Pro Church,Welcome to Pro Church! This is the ultimate Productivity solution. Cultural discuss seek inside address.,Productivity,4.9,1.1,False,21.18,USD,True,d3af4b19-395f-4d18-9447-d50e2a7a8625,Heather Gutierrez,stephanie50@wade.com,Kelly-Palmer,0818e634e899be62,v3,Eight citizen keep property oil.,2026-01-29,petersonwilliam,Because article clearly. Peace similar teacher. Around example boy.,4
2d5a9e0a-6e97-4097-9e12-95245431961c,Papayawhip Study,Welcome to Papayawhip Study! This is the ultimate Education solution. Week purpose go not moment.,Education,12.2,2.2,False,1.89,USD,False,41aa0d8d-bac3-468c-9f12-163cf9662963,Adam Delgado,dhunter@love-guzman.com,Rubio-Martinez,020820279d954ca6,v2,Minute specific east fine job loss response.,2026-01-29,fischerchristine,Dinner size them week keep national center. Point production much cause herself fill.,5
7ca6a43a-06da-41db-adef-c6c8c0499358,Brown Helper,Welcome to Brown Helper! This is the ultimate Education solution. Hospital current one season environment never. Person practice in those.,Education,2.5,1.8,False,27.54,USD,False,ce34f4d0-9849-489d-b312-a73f8962b9fc,Linda Dennis,whitepatricia@jones.com,Mcknight-Diaz,94e558da54086017,v1,Team western writer pretty huge knowledge themselves life.,2026-02-07,alexanderkimberly,"Environment I not teacher.
By or agent form. Factor not term most writer.",1
2269bf5d-4085-42a4-b538-95c86ef12c06,Angry Empire,Welcome to Angry Empire! This is the ultimate Games solution. Challenge can data enjoy white check describe. Magazine family entire.,Games,2.7,3.9,False,39.97,USD,False,11e6a6f1-e428-46e1-ab4f-cfa97fa75043,Dr. Veronica Lee,renee03@garcia.org,Walters Ltd,25c25f6211955154,v4,Help book beautiful support tend not budget.,2026-01-28,annetteschultz,"Economy their upon forward.
Strategy common home item how.",3
13c7b636-4ea6-41d0-ab3c-ceed357dd3d6,Salazar World,Welcome to Salazar World! This is the ultimate Games solution. Interview officer prepare design friend. Project answer these interview Congress national.,Games,7.5,3.3,False,8.02,USD,True,29158628-cdac-4fa2-a9fb-30611f169ee1,Tracy Johnson,michaelsanders@valencia.org,"Newman, Wagner and Thomas",6a0d005e645b32f5,v5,Talk claim stand here cultural remain item character.,2026-02-03,erogers,Them would high decision image. Address plan watch hair morning.,4
e189d75a-d7e8-4ef2-a399-37b145e226a0,Forestgreen Tutor,Welcome to Forestgreen Tutor! This is the ultimate Education solution. Rule girl letter arm impact. Line lose me yeah good.,Education,6.1,4.0,True,0.0,,False,82fcf9a0-75ac-4183-a02e-56bfcb87a0dd,Joanne Mora,benjaminlewis@brown.com,Madden-Pennington,b5d6114308d36473,v4,Speak subject ten power window.,2026-02-04,gilesdavid,Research care weight. Blood fly near start factor.,5
c4d7bdf8-850f-427e-9ac1-7c23d1237322,Thistle Pay,Welcome to Thistle Pay! This is the ultimate Finance solution. Stay against more sign prepare include consumer become. Forget week role.,Finance,4.2,2.1,True,0.0,,False,e7fc6f3d-d6ac-405a-a336-6ec7b722c2d6,Samantha Wilcox,kimberly40@jacobson.com,Brooks-Burns,ff5d7c143b1d9dfd,v2,Movement red candidate suffer include commercial service.,2026-02-19,erinmclean,Commercial six develop amount be stop value. Hand lawyer low statement or heart. College dog large.,4
99cb8854-9cd1-481c-b120-88d101cce322,Bisque Editor,Welcome to Bisque Editor! This is the ultimate Productivity solution. Between explain charge time thus head make.,Productivity,11.4,1.8,False,20.32,USD,False,09e8aed2-fef1-44e0-8807-630f376e8469,Bruce Erickson,stephanie04@johnson.com,"Willis, Graham and Woodard",a0944b2e5a168a7d,v4,Know finish science lose break off.,2026-03-01,elizabethbeard,Author traditional should. Particular will form positive as sell future.,5
ecc96b47-d9e5-48ae-9160-7f70fd3995da,Lingua Language,Welcome to Lingua Language! This is the ultimate Education solution. Traditional mouth recently.,Education,5.9,2.1,False,18.94,USD,False,cd27dad3-3eed-4ebe-b32b-bb48c5265f61,Cheryl Stephens,iscott@wilson.biz,Smith LLC,649b9d59ecd98eb8,v3,No wonder say grow just.,2026-01-21,sbanks,Trade top fight include would forget edge follow. He industry air claim.,1
36abc9fe-0130-4532-8f90-57d0df816528,Johnson Run,Welcome to Johnson Run! This is the ultimate Games solution. Should major allow billion.,Games,8.8,3.5,True,0.0,,False,4193a5d7-a446-48f9-94b7-0efda9e62dd4,Adam Rodriguez,uduncan@frank.com,Anderson Inc,0a5b89ae7312d9b8,v1,Bag name experience machine.,2026-02-01,hjackson,"Pick blood might. Physical anyone popular north away must.
After with land join.",1
e816731e-91ad-4b80-8d9d-0e58381c58e2,Chat Christopher,Welcome to Chat Christopher! This is the ultimate Social solution. Clear goal wife pressure fear seek support.,Social,6.2,2.7,True,0.0,,True,5537ee78-5cd4-4d71-b9b2-f50bc8b7c250,Mark Moore,krystalward@simmons.biz,"Sandoval, Byrd and Roberts",7e4af2a05ae35185,v1,Same realize knowledge out check lay.,2026-01-18,cruzkatherine,"Its Mr throughout.
Able child particular child often.",5
5dab0cf8-e475-4689-bf34-6774142f5429,Quick Notes,Welcome to Quick Notes! This is the ultimate Productivity solution. Early today arrive think reality with.,Productivity,9.0,2.7,False,21.83,USD,True,5d870015-0b99-4bd3-9129-8c0e7bee2736,Michael Moore,warren12@johnson-wall.net,Barrera Group,c804b261e980ac3d,v5,Sometimes put feel material ask always.,2026-03-01,chandlerkaren,Top school property suffer. Issue call product what. Move argue within beautiful civil night leave.,1
b10f5ae0-467b-42c1-b39e-5f7e3ad5797d,Chartreuse Pay,Welcome to Chartreuse Pay! This is the ultimate Finance solution. Leg product entire forget religious without. She middle without again teach.,Finance,9.5,2.4,True,0.0,,True,e0051374-9528-419f-a4b5-c3a7d5dd9921,David Thomas,slewis@lopez.net,Flores-Reyes,bb04431b7d1344f7,v3,Party truth woman cause.,2026-03-07,ujacobs,Up wide best. Wide thus gun candidate though.,4
366c9198-8431-407a-9e59-5204c14c6485,Smith Me,Welcome to Smith Me! This is the ultimate Social solution. Attorney base teach type when newspaper.,Social,9.3,4.9,False,29.04,USD,False,d2ef940e-a86b-4368-af0b-11da4bb24741,Cynthia Murray,jasonjohnson@king.com,Mills-Boyd,eee2ab6a977a2ef9,v5,May care act old tell adult trade over.,2026-02-03,davidhardy,Poor late pattern kid. Off message wear paper computer.,5
d8de2361-74c4-4188-92ab-0e4ebe3ecbcd,Ochoa Network,Welcome to Ochoa Network! This is the ultimate Social solution. Trouble ahead series performance fact imagine door. Develop tree debate price wear result red.,Social,5.5,3.6,False,25.03,USD,False,61932d7a-7184-446c-a9de-5ff7a053b12d,Timothy Clark,ryanglover@hart.biz,"Brown, Mckenzie and Rojas",62266931b32b761f,v2,Various common truth wait since.,2026-01-20,wileyellen,"Dark cultural stand view window.
Career significant administration.",5
2df3a1e9-6af3-4fc3-818a-f03739ca6b90,Gold Jerry,Welcome to Gold Jerry! This is the ultimate Finance solution. Success design church there church later trade.,Finance,1.2,3.2,True,0.0,,True,e3774f7f-d24b-49ae-8a4a-9e5d0dffca7b,Melissa English,richardsonjanice@davis-nolan.com,"Miller, Guzman and Mayo",346f1c665ae4c99f,v3,Feel dog suddenly write go reflect.,2026-01-21,amyers,Administration win rather head. Specific reason day somebody.,1
97e8b0bc-ed65-4e46-888c-ad2a8b6a465c,Lightsteelblue Pay,Welcome to Lightsteelblue Pay! This is the ultimate Finance solution. Peace table wife friend offer rise.,Finance,11.4,1.2,True,0.0,,False,b10ea3aa-9a83-41df-9ba6-f8d142e9b883,Dennis Humphrey,zwilson@jarvis.com,Bentley Inc,b60bda04f4e19d14,v4,Song rate process feeling young get.,2026-02-09,rhonda32,Store success without. Site service herself every source a. Deal plan only school or dinner.,5
062d9ac8-ad8a-4aff-9bdf-ad5ecf17f320,Guard Indicate,Welcome to Guard Indicate! This is the ultimate Tools solution. Budget government try wonder forget service. Since increase give staff production task language.,Tools,2.0,4.7,False,40.1,USD,True,2e806eca-ff02-4d27-a092-2b8bf46c5d15,Amy Lopez,travisglover@young.org,"Garcia, Norton and Mcmillan",cad216699a9db587,v1,Old theory writer buy sound.,2026-02-25,mwatson,During color here director. Him compare middle six. Affect appear too morning author know.,4
22a63685-bb0b-4622-be77-9f5c20b85de1,Budget Five,Welcome to Budget Five! This is the ultimate Finance solution. Visit check oil program.,Finance,6.2,1.3,False,2.26,USD,False,ae091c91-0021-4af1-a5d7-e7eee8547fc4,Michael Wilkinson,lperez@schmidt-lee.info,Pham Group,337e774a67a0a496,v1,Effort turn response various beat.,2026-01-21,alejandro50,Occur protect red firm not. Happen kind program boy standard window. Walk foot rise.,5
36e453a2-d7a6-4198-b893-a8f938f61d2c,Aqua Me,Welcome to Aqua Me! This is the ultimate Social solution. Determine sell still themselves about decide allow. Ground approach election care.,Social,7.2,4.3,False,5.1,USD,True,c758ab8e-89dc-4117-ba9c-27465f13da59,Kimberly Perry,joannerhodes@gibson.com,Fox-Knight,87c04bbace55d774,v2,Any party itself myself on.,2026-02-05,michael90,Current main with exist society. Top final public many return truth across blue. That key morning.,4
bd595253-e985-4855-96c8-c78057b2c693,Battery Helper,Welcome to Battery Helper! This is the ultimate Tools solution. Door available certain their pretty beat surface.,Tools,9.7,1.6,False,32.36,USD,True,ced8ed5c-1a44-4e2d-8057-96e0f33c9825,Andrea Smith,robert43@graves.com,Morales Group,35ad3845336719e0,v3,Box huge this player hour contain.,2026-02-13,lewiskatherine,Hour mission green article cause bring. Report yourself care you every class.,1
ca65dce3-b30e-4761-a3b9-41dbd20398c3,Academy Study,Welcome to Academy Study! This is the ultimate Education solution. Determine prevent agency phone gun.,Education,10.9,4.7,False,18.85,USD,False,bef7fc60-81f9-4610-b620-7c381dd890f1,Stephanie Garcia,thomaspaul@mcmahon.info,Adams-Sanders,4d917255a6e83cf5,v5,Expect happen course direction part pattern.,2026-01-15,ggraves,List over positive player everyone purpose room. Raise prevent sure case claim season.,1
74deb4af-f9b8-422d-b6c3-f0a2099df15e,Connect Hub,Welcome to Connect Hub! This is the ultimate Social solution. Close arrive number at hit carry. Front upon will catch per.,Social,4.5,1.6,False,12.88,USD,True,e8cb7e07-c2f5-4f9e-8c8d-c531fa8747c0,Bruce Thompson,jbrown@kelley.com,"Barnett, Hart and Peterson",9823c20820d933e5,v2,Themselves guess personal research.,2026-01-03,hmills,Do check feel test writer benefit. Determine agent play report. Turn raise community deep blue.,2
fc46cd42-fc42-477c-9e16-a5eb477fa377,Royalblue Gram,Welcome to Royalblue Gram! This is the ultimate Social solution. Level travel property among production. Fine tree throughout term only energy account.,Social,3.3,2.2,True,0.0,,True,6b0b849a-3950-479f-bb51-5c66bae8f478,Derek Bush,sandra96@lewis.com,Bishop-Rubio,61a32d887fca1161,v3,Remember argue thought if art.,2026-02-02,gonzalesjessica,Woman enjoy other rock card. Person perhaps enough join piece.,2
7f45e435-26ae-4d2f-a3bd-be0c89abed9b,Legend of Position,Welcome to Legend of Position! This is the ultimate Games solution. Commercial fly learn.,Games,9.7,1.0,True,0.0,,False,700a1245-6e04-4dd4-b2c3-b72c1444e596,Brandon Gray,gabriel14@hoover.com,Navarro Group,63f1261003dc2580,v4,Without push base bit.,2026-03-03,elizabeth04,Yourself fire action pressure. Spring any series whose most candidate.,2
64650bb5-f05b-41f9-8bd7-189b60fa577e,Live Popular,Welcome to Live Popular! This is the ultimate Social solution. Partner look southern language local staff hour. Land activity material hit growth record century.,Social,10.2,3.3,True,0.0,,False,a6afb56b-90ea-4a6a-93b0-11f5db9a1313,Amber Thompson,robert37@turner.org,Gibson-Hill,d933bb2f6d57d9c0,v3,East authority citizen executive view standard strong box.,2026-03-11,jacobwilson,Agreement create source involve together. Explain fine chair speech. Shoulder manage call east.,5
86e0ab52-c051-4eb3-b01a-77b9860ab3c2,Navy Finance,Welcome to Navy Finance! This is the ultimate Finance solution. Major particular owner writer sign relationship born. She manager stuff gun nation prepare.,Finance,1.5,1.4,False,15.35,USD,True,e1ec5962-72a7-4459-93f1-99707e253e17,Deborah Parks,karllittle@reeves.biz,Horne Ltd,8685c1de2faf2bd9,v3,Everybody among bar sense later toward social.,2026-01-22,smithmelanie,Happy easy brother prevent or each. Word kind unit.,2
becdf83c-910b-4b5b-9acb-dedde776ed6e,Word Cards,Welcome to Word Cards! This is the ultimate Education solution. Piece attention policy item throughout even company national. Yet total learn door central camera.,Education,10.2,4.3,False,14.92,USD,False,5386db69-910b-4ce5-90ad-3a25c5436766,Brian Alvarez,ricardo12@hoffman.biz,Miller and Sons,f29296461ca7f2d1,v4,Ten us less tonight born.,2026-02-06,hannah89,Past spring risk end bill nature go. Both suffer lead recently.,3
ab79be57-59bd-475d-a632-33bc0fd6c6fc,Turbo Amber,Welcome to Turbo Amber! This is the ultimate Tools solution. Play bit professional state old card.,Tools,3.0,2.1,False,22.92,USD,False,41ecf28e-bedc-4cee-ad73-ad8452d9ec55,Rebecca Williams,williamsrobert@johnson-gonzalez.com,"Sandoval, Moore and Sutton",f06b0edb8c09e776,v2,Scientist tree court prove world every rock.,2026-01-07,pgraham,Impact unit standard. Painting nor sea tree.,1
5e58f5fd-6cc1-43e0-84a9-d6595c8971f6,Ramirez Organizer,Welcome to Ramirez Organizer! This is the ultimate Productivity solution. Now day record who fly save right.,Productivity,10.0,2.6,True,0.0,,False,a8e8b98b-86b0-42f0-aacf-17331c456b54,Michael Ford,allison92@davis-mcdonald.com,"Evans, Freeman and White",969c82b4c3c74cea,v3,Woman say national last media.,2026-01-18,yanglaura,Pay attack today hand. Every condition never price traditional probably how send.,3
f156eea3-d333-41ad-83dc-84661c3bfd50,Brain Angela,Welcome to Brain Angela! This is the ultimate Education solution. Control bag choice mission how site.,Education,12.5,4.2,False,15.62,USD,False,68c53f66-9505-4401-a05a-14fb3501e73e,Michael Gray,licraig@thomas-robinson.info,Robertson Inc,083cceffee8fad7a,v1,Almost attention read across understand table suggest.,2026-02-14,laurenperez,Age task upon event her. Kind nor outside top. Mother official tough month back.,3
91fbe8ee-4837-41cd-9258-603864fbbb07,Lightseagreen Editor,Welcome to Lightseagreen Editor! This is the ultimate Productivity solution. Statement maybe bag among read.,Productivity,9.6,1.4,False,48.62,USD,True,1ff4e887-2ff3-4cac-a0fe-fb663b18c0c5,Tracy Mccormick,gomezmegan@anderson-norris.biz,Dennis-Gutierrez,3361307394684f02,v1,Central sign then his.,2026-03-08,matthewgomez,Take also born hard interest hold away. Include think pay star fear protect.,1
5e4e1c2f-8aca-4da2-9f96-1d91a13bd099,Olivedrab Flow,Welcome to Olivedrab Flow! This is the ultimate Productivity solution. Lay large gun top.,Productivity,10.4,1.3,False,12.13,USD,True,9ab17177-e42c-452b-9907-fcc6c6219e29,Ryan Lewis,aprillyons@cruz-daugherty.net,Johnson Ltd,3946a7f6c8b9d0cf,v4,Quality those parent ago list full structure leave.,2026-01-21,kyle10,Trouble call world with. Model stay message right walk.,4
a351228f-f980-4707-958c-97e31cd2cc6c,Master Anthony,Welcome to Master Anthony! This is the ultimate Education solution. Activity meet value realize.,Education,1.3,4.5,True,0.0,,True,5b3cf841-e1ff-4f5b-ab11-962615e783c3,Tony Crosby,stephen09@lopez-aguirre.com,Robles-Miller,3564ca1845d1ee4b,v2,Foreign good whatever age.,2026-01-10,hendersongregory,First for difference represent fine ability. Condition she listen long ok hear ever.,5
3e6d8e39-a0b8-4064-9091-b70e528b7974,Master Relate,Welcome to Master Relate! This is the ultimate Tools solution. Election exist training this news population.,Tools,5.4,4.0,False,48.96,USD,True,8d0143c9-8a23-4a10-b3f3-f13e3647dc35,Anthony Reed,currysylvia@barry-goodman.com,"Dickson, Fischer and Reeves",8d51ca1dba72b8d4,v4,Under against provide final.,2026-02-03,roberto58,Fact bag himself against. Within practice hospital. Up decide note test resource network.,1
57d682a4-157d-4761-a20b-df9f412b53f3,Lawngreen Empire,Welcome to Lawngreen Empire! This is the ultimate Games solution. Responsibility agency without have visit. Health car approach tree response.,Games,7.4,3.5,False,24.32,USD,False,a6c9df2f-54d6-4255-8688-2535ce386ecd,Ryan Murphy,amyphillips@thomas.net,"Mclean, Lynch and Wood",99acc8e9e254e0a7,v4,Example create do up week environmental show.,2026-01-10,charlesstewart,Answer often lawyer rise teacher weight. Report store light your.,5
bf32dec2-10a6-423d-8968-9b64fe3b75b2,Learn Jessica,Welcome to Learn Jessica! This is the ultimate Education solution. Under media high eight save. Most writer but body.,Education,1.6,2.5,False,6.87,USD,False,98b46c10-8607-4f30-bfa0-c8ee9b35ae13,Amber Mays,gibsonmatthew@martinez.com,Branch-Wood,c4c2272ed083df43,v4,Pull reality night personal.,2026-01-05,patricia79,Discuss lot represent animal organization.,1
ca40030a-bb04-4b52-bc85-cde9d2404c85,Hayes Task,Welcome to Hayes Task! This is the ultimate Productivity solution. Or stock media behind listen blood. Office nor half around.,Productivity,9.9,5.0,True,0.0,,True,edcca353-7e43-4e91-a50c-121f70653611,William Kim,snyderanna@whitehead.com,"Martinez, Ortiz and Lynch",f699822623176f85,v2,Military look manage become mind.,2026-02-14,bpaul,Still blue show popular. Weight woman add. Beat language money its same building.,5
df863653-8487-419b-a2b4-6af1600f508a,Shadow Gina,Welcome to Shadow Gina! This is the ultimate Games solution. Season fear opportunity film general move east catch.,Games,6.1,3.8,True,0.0,,False,f739b544-a227-4992-ac41-b27129a1e299,Leslie Hughes,mathewsrichard@morgan-sanchez.com,"Crawford, Stewart and Gonzalez",fb47a8cc79e9ef12,v4,With necessary evidence.,2026-02-13,tiffany09,Office question issue employee. Culture forward born will receive responsibility marriage.,2
e70256aa-fe27-4b1d-8eba-6b4728837f33,Kirby Clicker,Welcome to Kirby Clicker! This is the ultimate Games solution. We number different rather respond research clear.,Games,5.1,2.5,True,0.0,,False,097634f6-215b-4c92-a5dc-99d148806eb2,Brian Bennett,annesmith@frye-baker.org,Knight LLC,417c859abcd67750,v4,Place seem stand arm prove could.,2026-03-03,jane45,Worker fish around like. Fire bill leader office analysis.,5
370e4c7c-f6cf-4eba-98ee-6e71d0204719,Silver Tool,Welcome to Silver Tool! This is the ultimate Tools solution. Color process reality walk game official. Experience trip blue operation produce single throw mouth.,Tools,9.6,3.5,False,30.99,USD,False,f6694e36-ebd5-4880-93a6-a8938757f195,David Terry,nicolejenkins@lindsey.net,Fisher-Bond,e07f334405a64828,v2,Policy suddenly his thing.,2026-02-16,leegarcia,Land bag everybody home Democrat. Five section difference tend own.,5
32ce52fa-8987-4fee-9857-67bf65049fbd,Flores Vault,Welcome to Flores Vault! This is the ultimate Finance solution. Nor cause knowledge.,Finance,12.3,2.1,True,0.0,,True,3aaf0b7b-4f49-4c03-ad72-15c56b45c8c0,Kenneth Zimmerman,batesallen@murray.org,"Watts, Wood and Perez",f31189b71fec41b7,v3,Yourself she summer else own activity.,2026-02-14,bakerrebecca,Strong rock then main eye. Small western never white thank last despite some.,2
ad4155d0-3c98-45e4-b7ae-9126f5a1b11a,Slateblue Run,Welcome to Slateblue Run! This is the ultimate Games solution. Real trip born community.,Games,10.8,3.6,False,24.25,USD,True,da201f08-8434-4807-a995-11f4fdbf72a9,Paul Robles,joseph22@reed.net,Fuller LLC,59ed283f4c9131ed,v1,Right need knowledge us prove tax.,2026-01-26,jeremyhill,Different nation likely common relationship second. Out finish analysis provide cell.,2
c7ea7f27-81ed-4f91-8b4b-a646b63381bc,Darkorchid App,Welcome to Darkorchid App! This is the ultimate Tools solution. View hard open particular. Sport teacher public provide.,Tools,6.7,3.6,True,0.0,,False,b0951d9b-7343-4478-8702-d3e5a1ab9628,Taylor Chavez,grahamjoshua@ward-small.com,Wright-Garcia,b83ca99a812d7d52,v1,Nothing raise cultural executive.,2026-02-09,jillkelly,Within change yeah successful attention alone church listen. Whole dog believe.,1
6328210d-b045-4bf2-8c68-ea8a7efb5d55,Live Tracy,Welcome to Live Tracy! This is the ultimate Social solution. Degree foreign teach field.,Social,8.1,4.9,False,24.26,USD,False,783b996a-cda7-40f2-af5c-83c679d76461,Ann Lambert,kray@smith.biz,Atkinson Inc,5946f9a8abfc33d7,v5,Need letter hear I.,2026-01-02,dyerjeffrey,Worry near involve well behind they answer. Own owner popular something. Explain get see start.,3
0006211d-f6ba-4e09-85a2-4778291d840f,Easy Task,Welcome to Easy Task! This is the ultimate Productivity solution. Night easy stop evening management partner situation. Grow speak eight group also hundred.,Productivity,12.4,2.4,False,39.88,USD,False,ed31256a-cc70-498c-95d0-33e79e55a429,Karen Davenport,ericchristian@reese-hines.biz,Mcdonald-Lowe,c5a4bbaa639aec31,v4,Meet size person increase majority window.,2026-02-23,sanderstyler,Require theory less have. Grow bed exist already. Soldier race town argue entire them.,3
d7448935-16ef-4ab0-b4e1-26bdc2af05d3,Scan Utility,Welcome to Scan Utility! This is the ultimate Tools solution. Evening never experience. Heart ago space why present heart night economy.,Tools,9.9,2.7,False,23.94,USD,False,4e459540-14d1-4565-aaaa-94fb477e5b2a,Michele Turner,suzanne47@liu.com,"West, Ford and Austin",4f6d0c8c7bb3b5b0,v1,Teach activity least station tax style.,2026-01-12,zsilva,Region trade large attention. Grow coach crime yet fire deep boy.,1
d950d800-ab27-4209-a681-fe1429f7b567,Harris Course,Welcome to Harris Course! This is the ultimate Education solution. Room require civil measure.,Education,1.3,2.7,False,38.04,USD,True,5c31c8cd-3296-4ec3-acd8-06785770e9c0,Robert Miller,gabriel90@cline-stanton.com,Gibson Ltd,d77304e768e608b8,v1,Receive wonder option public.,2026-02-01,uwallace,Heavy economy food against fund. Smile pass man each history.,4
02084a9d-7e8d-4ba6-aae7-826949b4124a,Study Lab,Welcome to Study Lab! This is the ultimate Education solution. Project perform couple letter begin partner nature.,Education,7.2,1.2,False,29.64,USD,True,4c1fdf56-e606-439f-9e09-95ca9f055bd3,Brian Cross,juan58@nelson-stevens.com,Douglas LLC,01273e67a1208281,v2,Those against lead dark enough nature student.,2026-01-11,ryanmartin,Clear clearly long toward local use or those. Safe section body away step board long.,2
29113eea-468c-42ff-b2f7-fe7cfd8c28bf,Friends Social,Welcome to Friends Social! This is the ultimate Social solution. Possible close bad.,Social,6.1,2.1,False,20.33,USD,False,31044849-0508-40dd-b37c-5094d1704bcb,Nicholas Paul,reyesveronica@rodriguez.org,Taylor Inc,20a3cd2b2ed02495,v2,Worry decade not tax form.,2026-01-29,baldwinamy,Something through someone idea whom exist include trial. Level site sound.,4
a38bfd1d-0c5d-4af5-a434-7626ecab6071,Brain Ashley,Welcome to Brain Ashley! This is the ultimate Education solution. Up best into turn spend threat. Read maybe charge they lot seem.,Education,8.7,2.4,True,0.0,,False,04e3145b-f706-47a2-b258-ac304e2b105f,Tammy Simpson,pbass@robertson-robinson.org,Howard Inc,732b998546bb29fc,v5,Past happy baby wrong increase.,2026-03-10,monica23,Far step skill. Space son assume. Use back nature sound again.,5
a18a5e21-8a67-49f7-90f4-0632cc5b8469,Darkolivegreen Task,Welcome to Darkolivegreen Task! This is the ultimate Productivity solution. Turn space ok myself try difference apply wear.,Productivity,3.3,1.4,True,0.0,,True,f5cc2ec2-5208-4c98-95e7-0297544997e6,Joshua Wu,jameschase@horne-robinson.com,"Ochoa, Cooper and Mccarthy",b3fff1af8e2d952b,v3,Think nature born final important become.,2026-02-10,blake82,Food degree pay total discussion design. Why voice share nothing everybody trade.,1
b72c3f58-ab2b-407b-9a71-dd71f31cc395,Pixel Black,Welcome to Pixel Black! This is the ultimate Games solution. Design college exactly as budget baby maybe.,Games,3.3,3.2,True,0.0,,False,fbde03ae-499d-480c-838a-64a7845a8867,Samuel Morris,ksanchez@powell.com,Craig-Cross,1ae0468a8d6a599a,v2,Data start let contain thank anyone establish second.,2026-02-03,rhodesbrian,"And red stage TV station. Four sense detail individual.
Military else beat network nation.",2
beb6f239-0bb0-4114-be6c-ea3cd29ff3cb,Snow Lab,Welcome to Snow Lab! This is the ultimate Education solution. Relationship shake second write book collection born.,Education,12.2,4.0,True,0.0,,False,1f4b5c97-5cb1-4328-9d0d-437ecfbc8029,Elizabeth Johnson,austinmorales@moore.biz,Jimenez and Sons,f20cbc65a04ee018,v4,Conference believe hot fight drop everyone.,2026-01-15,ahenry,Hundred democratic range. Environment student note two minute. Employee argue job marriage last.,5
5a26ae8d-03b6-4e40-9d58-78c139b02f04,Friends Post,Welcome to Friends Post! This is the ultimate Social solution. Series fire chance go strategy white.,Social,12.6,3.4,True,0.0,,True,3d9d9f53-c8ed-4ef6-a01f-681733cc9411,Sharon Chavez,jacksonamy@baxter.com,Blackwell-Johnson,109d636e7961b541,v5,White almost middle resource.,2026-03-11,barbara10,Past television change political computer trouble money. Meet something choice outside her call.,1
4363a2c4-e6be-4352-bf48-0fb9b943e065,Blanchedalmond Expert,Welcome to Blanchedalmond Expert! This is the ultimate Tools solution. Beyond nothing establish on physical writer action again.,Tools,6.9,3.6,True,0.0,,True,97790df3-be4d-4edb-b2b9-518411d93235,Mark Lopez,joseph72@collins.com,Becker-Ford,2f0edd7edb96f9fc,v5,Yes sister serious thank tend.,2026-02-16,rreed,Follow page bad organization full difficult operation. Thought baby enjoy difficult deep.,5
c3bce188-0b47-4d1d-8d44-e0d6b2be7729,Candy Through,Welcome to Candy Through! This is the ultimate Games solution. Season direction maintain say Republican president consider still.,Games,2.7,1.9,True,0.0,,False,e843c023-5a1d-4be9-88e4-b5fb03262cde,Jonathan Jacobs,hortonrebecca@conrad.com,Thompson and Sons,5fa58a34c25e8b90,v3,Join yet guess degree ground personal.,2026-01-30,felicia92,Bar finally skill rest military tax reason. Year vote such certain. Last letter bill.,4
88452c12-5002-4d62-98fb-fb56c7e7eff9,Epic Kayla,Welcome to Epic Kayla! This is the ultimate Games solution. Color yard top.,Games,5.1,3.9,True,0.0,,True,86d70c5c-6899-422f-a8f6-1536be47900e,Jeffrey Campbell,jenkinsamy@howe.info,Williams PLC,b3859df224857210,v3,Wish standard peace tough.,2026-01-23,acherry,Do near much follow usually occur next. West behind bar Democrat.,3
b584edd0-0c41-4862-a0bd-5c24d3814750,Connect Ashley,Welcome to Connect Ashley! This is the ultimate Social solution. Own statement picture hour pretty until.,Social,8.3,3.5,False,23.81,USD,False,b26f64a5-c141-4657-a71b-44c81e47f46d,Deborah Pacheco,jennifer85@bennett-leonard.net,Williams PLC,73e9e6e42c48df91,v5,Full simply threat who.,2026-01-06,xhenry,Budget hour thus economic although especially. Down knowledge decision pay key throughout.,1
a26fa36d-cdad-47ba-b86e-84d1a6fe6b2d,Lingua Timothy,Welcome to Lingua Timothy! This is the ultimate Education solution. Culture game drive kind offer but each.,Education,6.9,1.8,True,0.0,,False,ef741785-cfd8-4e8e-8adb-d95d7274e0a3,Mark Taylor,nancy62@brooks.com,Garza-Jones,910d4b1e63a4a626,v3,Answer drive everyone improve interview stage.,2026-03-03,lluna,Mind technology ask society very. Above side pay no catch. Talk although make join establish each.,5
a3e3eb70-9995-45a2-bbc3-f41fd76b42e4,Shadow Adrian,Welcome to Shadow Adrian! This is the ultimate Games solution. Near these nice lot million relationship.,Games,2.9,3.9,True,0.0,,False,7db2876b-a956-4589-8008-64338f61525f,Mr. Christopher Taylor,thomas68@khan-thompson.net,"Wall, Taylor and Williams",2dd82e3337003846,v3,Whatever wrong Democrat join.,2026-03-02,danielle01,Boy happy test last. Risk that marriage south forward role force because.,3
0eeb5d3b-129f-4267-8635-9f48d4c17de3,Hernandez Saver,Welcome to Hernandez Saver! This is the ultimate Finance solution. Buy perform tax manage. Four event identify at piece foreign.,Finance,2.1,2.7,True,0.0,,True,b080e4e9-1740-43c2-ac2f-7675db2fbe50,Dr. Paul Horn,lmcdaniel@lopez.biz,Barron-Stevens,8afbf715f40d8f73,v2,Several newspaper movement kitchen argue yeah full.,2026-03-01,ramosjoseph,Method under exist tend director. Set kitchen example vote every off matter.,3
8946cb48-a149-487b-81bf-f4c5046d97c9,Lightseagreen Guard,Welcome to Lightseagreen Guard! This is the ultimate Tools solution. Street now student political through its environmental. Mission available together still more alone tend.,Tools,12.5,1.3,False,30.68,USD,True,b25500bb-07e7-455a-a57f-072f6a8bb771,Kathryn Martin,debbiedavis@dean.com,"Gordon, Ross and Marshall",b243cde84c93a2df,v5,Card Congress term again.,2026-02-18,chavezmichael,Truth true must example. Pm wide young investment by. However part choose under.,3
5d66ae53-6266-448d-9c64-a93522a9cbee,Link Argue,Welcome to Link Argue! This is the ultimate Social solution. One in need machine build mother decide cover. Toward position thus purpose wish sport.,Social,11.6,1.0,False,33.82,USD,False,440e1e4d-f773-4e42-a705-ac162a0f8d1c,David Barry,kjohnson@lewis-pitts.org,Benson and Sons,0a829ed14f45b5b8,v3,Many few wind answer.,2026-01-13,devin47,Strong design age company. Interesting specific team dream drug laugh.,3
a08efd53-c813-4655-97f6-15f26912130b,Miller Cards,Welcome to Miller Cards! This is the ultimate Education solution. Station over meet. Sea compare billion anything part.,Education,11.2,1.9,True,0.0,,True,0e2eaebd-0a99-4d26-9808-f6d4a471800f,Gary Anderson,youngjames@barker.com,"Smith, Williams and Taylor",77d2450ada0a1973,v5,Camera how east under voice hot fish.,2026-03-01,lisastrickland,Star imagine land wrong five oil it. Foreign official leader.,1
2de90fb4-cd72-40b7-b89c-3971677426b6,Secure Utility,Welcome to Secure Utility! This is the ultimate Tools solution. Also sound perhaps single.,Tools,12.2,3.4,False,31.62,USD,False,98de2c2d-8893-4be2-acfa-d12308d0adb8,Brooke Ho,justin09@rogers-thompson.com,"Barker, Briggs and Green",6fca18580687f29d,v1,Young term phone eat dog officer.,2026-01-10,lisajoyce,Expert room woman personal method. Bad not sense popular.,5
9a8b6fad-7446-4aad-92bd-94013fd2d6b7,Chocolate Organizer,Welcome to Chocolate Organizer! This is the ultimate Productivity solution. Pay stay picture any nothing door cold push. Inside difference difference network personal.,Productivity,9.1,4.1,True,0.0,,True,1b06d31c-2ab8-4870-8383-cc72a6f0f891,Kenneth King,timothymartinez@ward-griffith.com,Barnes-Black,afface6d4ddaed15,v3,Relate wonder yourself view.,2026-03-05,weaverjose,Pass expert natural when. Peace later manage data million trade anything.,2
fdcd6dab-a51c-4c25-9e0c-e6bf7772274e,Word Speech,Welcome to Word Speech! This is the ultimate Education solution. Either democratic could growth. Risk thing decade world.,Education,11.6,3.3,True,0.0,,False,6bca8ff2-5ae3-46ac-bda0-8f649bc53e33,Tyler Henry,qrhodes@nichols-black.org,Garcia PLC,392fef179df07b01,v4,Attention subject better cold music.,2026-01-03,samanthalopez,North sense magazine think. Marriage window hard consumer into.,3
e357c5ba-927f-4477-8c52-b749e97390a7,Brain Tutor,Welcome to Brain Tutor! This is the ultimate Education solution. Pay different debate could agree morning evidence.,Education,12.4,4.5,True,0.0,,False,e56cba4e-ace6-4c7e-9945-2a1143dbbf67,Frederick Humphrey,echambers@gibson.com,"Allen, Harris and Harvey",7b958fbce9882ac3,v3,Tv whom with particularly expert.,2026-02-01,andreapayne,Enter key to wish. He culture authority recently.,4
20a4081f-37c7-4680-aa99-96f80bf4b66d,Weber Arena,Welcome to Weber Arena! This is the ultimate Games solution. Effect program firm court recent. Set seek story cold.,Games,11.2,4.3,True,0.0,,False,842aaa0f-dedc-4e1f-9a05-598a5f4e34f0,Olivia Chavez,christina20@chan.biz,"Gutierrez, Gomez and Kelley",81bedfe16c976cfb,v3,Involve like general set.,2026-03-01,derek67,Body simply president.,4
fadb6a18-9ab2-4b73-aeec-12994c29208a,Angry Shannon,Welcome to Angry Shannon! This is the ultimate Games solution. Make several high bad poor security.,Games,7.0,5.0,True,0.0,,False,9fe50038-fbab-44e0-bb1d-0f641ee0420e,David Henderson,nadams@norman-rivera.com,"Perry, Nguyen and Brooks",d366a05bacd13310,v4,Join agency civil must.,2026-03-12,christophercobb,Chance lawyer sport interesting. Live report require exist. Green avoid case me read.,4
101334da-b7a6-44a1-995e-6ffe60728e38,Fix Pro,Welcome to Fix Pro! This is the ultimate Tools solution. American Mrs determine issue scientist.,Tools,12.5,2.2,False,6.11,USD,True,3f559088-5d80-4196-bebe-cab82b9ebfcf,Dana Collier,uhernandez@hoffman-best.net,Morris-Boyle,9092a94d18b14158,v5,Enter add know no.,2026-01-02,vgibbs,Big yet husband scientist well surface ball.,2
9b07bf16-3438-4a54-b1c9-5a739e451007,Brain Turn,Welcome to Brain Turn! This is the ultimate Education solution. Candidate question box go. Today against scene ask test later.,Education,4.9,2.5,True,0.0,,False,994fb85f-59dc-4d9e-90e9-d262c6590823,Megan Aguilar,barbarasmith@horne-camacho.com,"Nguyen, Fuentes and Martinez",acc2bac863538fa1,v5,Young them back knowledge some worker when.,2026-03-02,zadkins,Pattern clear say. One question body money social the.,3
6ab54ed4-a755-4c02-a470-cb14d6ea0546,Daily Do,Welcome to Daily Do! This is the ultimate Productivity solution. Action candidate score recently control. War state pick machine.,Productivity,10.3,2.5,True,0.0,,True,77e7bd42-6931-4396-8f5b-5f8593816934,Mark Williams,kim64@cohen.com,"Morris, Chandler and Lopez",cba7aca0e276049e,v4,Growth thought positive concern move brother sort.,2026-02-15,kaylasmith,Open loss accept trade growth child. Work walk through plan team yourself Congress dinner.,1
1abbd099-79f6-49c1-9b99-e6d033e50950,Tax Invest,Welcome to Tax Invest! This is the ultimate Finance solution. Board style bag rich. Message question prevent line.,Finance,6.1,3.9,False,27.37,USD,False,a2574e41-6652-4be7-aa0e-7fee923b1840,Christine Williams,bwalker@carter.com,Harris-Beck,bd6d5b0d21e9ad3c,v3,Us professional bring bad society would do reality.,2026-03-07,joshua15,Agent official sometimes Mr. Morning oil environmental politics over.,4
068fa492-e1ba-44fb-80ab-a0b03f92f382,Lingua Security,Welcome to Lingua Security! This is the ultimate Education solution. Miss I even reveal.,Education,7.9,4.2,True,0.0,,True,3a5dfc0d-0d80-490d-971b-bdd45ff75caf,Antonio Arellano,travis77@morrison.com,"Preston, Harris and Grimes",242ecaf2a2303be3,v3,Set three movie lawyer mind should.,2026-02-26,mcmillansteven,Since continue machine. Morning daughter ten product heart officer.,2
aa89548d-c372-4caf-b456-9feab81bcd7b,Owens Organizer,Welcome to Owens Organizer! This is the ultimate Productivity solution. Decision despite quite miss mission.,Productivity,1.1,1.1,False,43.12,USD,False,dc9b2132-2668-4b79-a137-c9d661e8f1bb,Angela Sutton,qcharles@peters.com,Archer Group,bffef8e069189294,v5,Score world listen mission.,2026-02-10,adamskristen,"Event section own minute.
President serious follow write course open relate. Nice Mrs during over.",3
a9a19dd6-92c9-421b-b7b7-6c2827cdaecf,Quiz Require,Welcome to Quiz Require! This is the ultimate Education solution. Measure lot sit reveal involve. Some receive now picture.,Education,10.4,1.1,False,14.53,USD,False,05baa1e2-f117-4c50-9ff7-be590cefaae3,Jeffrey Johnson,walkerscott@cisneros.info,Padilla-Williamson,9ac05d7161ab8379,v2,Class happy end once wife inside quickly.,2026-03-09,mwelch,"Through year send class music term.
Office lead indeed career lay something eight.",5
6fdcd096-7fe4-45d6-a6b0-05447624d3d0,Lee Saver,Welcome to Lee Saver! This is the ultimate Finance solution. Traditional project development either if. Physical all wear option old hand guess.,Finance,8.3,2.2,True,0.0,,True,e012c582-1a88-4c02-8603-deefabd01abf,Cathy Thompson,erobinson@munoz.com,"Dixon, Thompson and Allen",7e38729ab4c2e4db,v3,Even especially discuss threat.,2026-02-02,stevenvasquez,Across admit billion keep writer stage respond almost. Air become too sport well no benefit.,5
ca3988bf-b5a4-4e57-a986-b8e5bc5c3000,Guard Yeah,Welcome to Guard Yeah! This is the ultimate Tools solution. Establish action require alone central.,Tools,6.6,2.9,False,2.85,USD,False,09633b34-8a6d-4d47-a522-ca242e160f49,Nicole Smith,phillip22@franco.net,"Fletcher, Brown and Barnes",4383d6076728d69d,v4,Continue already late notice cover here.,2026-02-21,petersonraymond,Likely difficult let space try commercial few. Cut suggest little top design section piece.,5
d46a2a35-61e7-4e2e-b6e1-702e42ba2db1,Word Cards,Welcome to Word Cards! This is the ultimate Education solution. Important head anyone create staff later. Age sense run mouth appear itself manage.,Education,3.2,4.6,False,5.1,USD,False,eea99ee9-057c-41d6-a85a-dc89d9383842,Jessica Wade,orozcojohn@diaz-munoz.com,Ferguson and Sons,fb0576b3e53c8a7b,v4,Technology information everyone side.,2026-02-19,gregcisneros,Early leader occur other field seek. Bad purpose speak question.,4
fa94e1d5-a118-4798-af04-77783788287d,Forestgreen Empire,Welcome to Forestgreen Empire! This is the ultimate Games solution. College traditional religious method others debate claim. Generation hospital window family difference toward reality.,Games,4.6,3.6,False,36.7,USD,True,4517874b-98cb-48e2-be6a-64dbd3313e60,Todd Henderson,robertscolleen@edwards.com,"Woodard, King and Vega",bb2685754ec131cd,v4,Simple current risk force interesting scene most do.,2026-01-29,joelmarquez,Floor sit Democrat party report. Indicate tell best eight.,1
48d6c432-1fda-49fd-9f5e-f3d1cbeb5438,Ultra Report,Welcome to Ultra Report! This is the ultimate Productivity solution. You face age could actually Democrat. One method need although well wonder scene.,Productivity,1.1,3.4,False,6.3,USD,False,852b3de8-b62f-4594-ab9e-f42201b8b95c,David Perez,kathryn01@nelson-hernandez.com,Macias PLC,78a86c62005c84a5,v4,Customer military wall over color us box.,2026-01-14,debbiebennett,Guess sea Mrs best reduce many. Town fight third ahead as customer. Cause together picture then.,2
fbc61de7-1a02-4951-9ad8-591cfd32d6e2,Salmon Planner,Welcome to Salmon Planner! This is the ultimate Productivity solution. Nor pattern sense herself along. Standard wide age yeah amount culture between.,Productivity,8.6,3.7,True,0.0,,True,74702b39-20ab-463b-bc14-a9ebbe764c74,Kevin Jones,flee@zuniga.com,Davis and Sons,e33494d8ff69051b,v3,Southern ball film same person as entire word.,2026-02-11,leslietate,Page return yeah decision. Part likely about always. Early number tough son send. Worry four carry.,5
e94f4d5b-1deb-4e68-ae38-f1a432692598,Circle Joseph,Welcome to Circle Joseph! This is the ultimate Social solution. Job beyond decade near public. Court third pay describe.,Social,12.8,2.3,False,45.47,USD,False,1a4d875b-4a56-448d-b13e-048ba91fce71,Donald Morrison,carmenbrown@nelson.com,"Barnes, Martinez and Arellano",80f8e859ee4d152f,v5,Product include person kind machine.,2026-02-26,anne86,Fact until think natural those father begin.,3
eaed3f24-93b7-4922-9836-b859ab388f72,Houston Invest,Welcome to Houston Invest! This is the ultimate Finance solution. Ready successful include media rock. Social away effect himself nearly threat in.,Finance,2.9,3.4,False,20.72,USD,False,cea4dbe5-12c5-463b-a8c9-6a92680a31bd,Samuel Burton,hshah@dunn.com,Doyle Inc,544554b2b76852c5,v4,Certain attorney any I.,2026-03-10,vangjonathan,Society add seek south here minute. Politics rise term radio since resource service employee.,2
bbfce892-1954-4c10-bf69-d657bc2902f2,Vibe Gun,Welcome to Vibe Gun! This is the ultimate Social solution. Whole news mouth plan community black nor.,Social,8.9,4.9,False,34.34,USD,True,99954661-3373-4a95-b344-a2e4715ed0e5,Timothy Nguyen,nicholas81@hamilton-stuart.org,Wilson-Swanson,a6868cf51dd90d23,v4,Statement year attorney inside east address hair.,2026-01-26,melissaterry,Finish push war night. Force agreement glass mean it. Kid improve Mr tree choose above evening.,3
ba104f3d-4ba7-402f-81d4-5552f9c6d2fb,Anderson Guard,Welcome to Anderson Guard! This is the ultimate Tools solution. Off police probably especially.,Tools,7.5,4.6,True,0.0,,False,bfaddef7-7bbf-4aaf-b04e-f81f2f1dbe91,Phillip Brown,ghuber@thomas.org,Sanders and Sons,d42c205a52b6d99f,v4,Force century reach often structure Democrat modern.,2026-01-07,olivia06,Traditional history price service particularly past. Free until change half field rich above watch.,2
bc0e954e-f4ff-47a4-af87-88ad49caa44c,Penny Recent,Welcome to Penny Recent! This is the ultimate Finance solution. One support establish baby news. Per inside happy mean impact daughter try.,Finance,9.7,1.7,True,0.0,,True,b5a0c4e4-9f93-4b91-b277-189f03744648,Monica Shea,rasmussenadrian@ward-davis.com,Adams Ltd,39376e23b174b5d9,v4,Position on air today establish put speak.,2026-01-18,carol46,Each smile at herself. Out worry three. Guess likely cause continue affect professional.,4
3140c4c5-6a4b-4aaa-b1bd-2859f39ff49f,Epic Empire,Welcome to Epic Empire! This is the ultimate Games solution. Past nor position leave big country. Our figure in operation wife.,Games,12.4,1.5,True,0.0,,True,31d50c42-284a-4369-90e2-8e8366e683e1,Diane Lowery,nicholerichardson@orozco-powell.net,Haas LLC,407a1d0018471654,v2,Color real health game.,2026-02-22,rickyedwards,Admit seat various child poor meet. Meet tough would expect.,5
cdaeb581-7141-4c03-99a1-fbf6f48b2b27,Safe Vault,Welcome to Safe Vault! This is the ultimate Finance solution. Night those phone bed arm.,Finance,12.6,5.0,True,0.0,,False,e873370b-538e-414c-a24c-92dde8b8b952,Kathy Thompson,erin64@mcdonald-whitney.com,Baldwin-Lawson,c11b491ce590cec0,v2,Brother executive dinner people trial prevent.,2026-02-10,williampotter,Them could expert send. Line space order child between assume. Do house cell him glass catch claim.,5
ed9f3c61-bc53-4163-8b57-3fae6ba763d2,Mega Jennifer,Welcome to Mega Jennifer! This is the ultimate Games solution. Military treat deep. Market leader air several.,Games,12.5,5.0,True,0.0,,False,7b78185c-5a6f-4426-b629-3ea91267ff97,Richard Romero,jamie32@salas-cruz.com,Thompson Ltd,95b62b7b71bb9a0b,v3,Son plant performance enter none go.,2026-02-18,melvinbarry,Green air write require. Them while suffer movement lead hit.,2
cab16fcf-3b33-4606-bc2a-33d27f569de4,Skill Soldier,Welcome to Skill Soldier! This is the ultimate Education solution. Reality respond skin could east.,Education,3.4,3.8,True,0.0,,False,8dd3030c-b264-4728-b95c-e36d798d792d,Nicole Martinez,deaton@myers.com,Rowe LLC,99dcd417ee3b00af,v5,Do development hope business speech of.,2026-02-24,patriciaortega,Within director often rise expert apply. List as fine he.,4
96fd74c5-54bb-41f2-8098-43388c3808f1,Study Cards,Welcome to Study Cards! This is the ultimate Education solution. Effort matter billion shoulder write eye easy.,Education,10.0,3.8,True,0.0,,False,fd7a1386-e7f7-4074-bc50-c5a52bd6651e,Jade Payne,whitney23@anderson-mays.com,Shields Group,7a77faf49f7eccc6,v2,Use success dog nothing rule letter kid.,2026-02-08,waynepatel,Leave season alone church speech. Whatever safe data work half trade already.,3
08841c74-af1c-4357-899e-cfbbe7827a1d,Pixel Discussion,Welcome to Pixel Discussion! This is the ultimate Games solution. New her recently mother until argue. Pretty main imagine southern major attack space computer.,Games,1.9,4.1,True,0.0,,False,8d7a67d9-506a-44aa-86bc-9ff43c45a9b2,Adam Carrillo,carrolljesse@mcbride-cruz.info,Brown-Chavez,00a542ce67b6d640,v5,President year final friend.,2026-03-12,reeseapril,Issue series game author. Seek tough any address war.,3
7618188b-f780-48f2-aa9a-86d1a79fdeaa,Indigo Editor,Welcome to Indigo Editor! This is the ultimate Productivity solution. Well evening push walk. Image across hospital senior so early.,Productivity,7.2,3.7,False,32.1,USD,False,55f77d4c-8051-4f1c-93ff-f2784e6a4416,Cynthia Mcgee,scottcarson@farley-thomas.org,Pratt Group,c522fd7bacfcdf37,v2,Space mean standard read score investment produce stop.,2026-01-07,emartin,Season history realize what director them think. Stock campaign radio those degree east shoulder.,1
688f5b24-fcc7-4f44-84cc-0b37811af59e,Live Melinda,Welcome to Live Melinda! This is the ultimate Social solution. Little financial commercial remember stand their. Thought campaign experience those single.,Social,7.6,1.2,True,0.0,,True,436d4393-679b-4dd2-be43-b04c3043ad31,Ronald Graves,davisemily@ingram.biz,Torres-Proctor,b19fdab9c0bae574,v1,According different stay sister according little.,2026-01-13,pbrown,"Cell hour her turn among whatever.
Authority north relate six anything. Draw much full pick.",3
f6522fa7-a42f-471e-8b99-1f2f3057363d,Russell Social,Welcome to Russell Social! This is the ultimate Social solution. Keep fly true democratic.,Social,7.7,1.4,True,0.0,,True,9b1a7f2b-47d2-4200-a492-02bee3742c8c,Joyce Reed,clarkjessica@davis.com,Cooper Ltd,55fe511ff5546194,v4,Hand meeting conference order owner tell.,2026-02-03,allencrystal,"North gas character ago.
Lead over political campaign magazine public rest. Move threat sit care.",4
89e0a253-e464-47e0-9a66-f0386619980c,Link Messenger,Welcome to Link Messenger! This is the ultimate Social solution. Mission ready just guy father evening. Speak deep successful four.,Social,11.2,1.3,False,43.91,USD,False,52529b1d-2b6e-4a94-8e92-afca142cc8d5,Richard Kelly,loveadrienne@zimmerman-roy.com,Craig Group,61321985c7a0fe60,v3,Defense deal laugh reason detail sit force.,2026-01-23,conniebrown,Week fear add support spend benefit. Question professor no campaign recognize.,1
87ebdec1-c371-4bc6-abfa-5571f051a169,Budget Saver,Welcome to Budget Saver! This is the ultimate Finance solution. Use majority important recently you.,Finance,3.6,3.1,False,13.4,USD,True,d7e46085-bf14-4a95-a776-26d0a4424112,Pam Torres,anthony41@frank-perez.com,"Gilbert, Collins and Williamson",8be7457933ca949a,v1,New few group create industry five current.,2026-02-25,spencererin,Specific enter agree risk partner. Feel market imagine official away subject.,2
86d6ab9f-8502-4cb9-8598-13e2790ff48c,Wilson Clicker,Welcome to Wilson Clicker! This is the ultimate Games solution. Memory opportunity major current heavy available. Voice act nation care also cut.,Games,5.1,1.7,False,33.36,USD,False,08a0bea3-7425-46b9-8bb9-41089e2fd687,Sarah Gonzales,thomassnyder@farmer.com,Martin LLC,38708a91d7e49be2,v2,Model yard necessary necessary according perhaps relationship.,2026-02-19,melissa78,Ago pay picture administration. Just certainly it. Vote turn imagine onto body after vote.,4
66e779f3-5d32-462e-b060-328512452e99,Jacobs Hub,Welcome to Jacobs Hub! This is the ultimate Social solution. Economic answer me perhaps analysis computer amount. Can born factor determine me study.,Social,1.7,3.5,False,23.43,USD,False,7063f1d8-8f31-4cdb-9c33-9851a9c37531,Joseph Barker,benjaminharvey@green.org,Myers-Miranda,1a1a43f49d27e4ef,v1,Fast box sometimes field recently.,2026-01-26,christopher42,Couple despite upon budget money blue.,2
10590408-f8b0-43c3-8bfc-39f9fc09f926,Lightslategray Stream,Welcome to Lightslategray Stream! This is the ultimate Social solution. When almost hit list. Arrive hair high top.,Social,6.4,1.3,False,29.32,USD,True,bbce41e4-4364-45a1-bf45-2352f434da24,Jessica Avila,amy29@mills-torres.com,Stephens-Rogers,9e015ff106707ebc,v3,Happy control ready media.,2026-01-24,collinsnathan,Final modern ten better. Prove station simply bag organization strong.,1
f81b819c-4a42-434d-aaf4-13fa8e9ee647,Mistyrose Finance,Welcome to Mistyrose Finance! This is the ultimate Finance solution. Research guess door when security.,Finance,6.2,4.3,True,0.0,,False,070b228f-1d55-40a4-a560-9b34c1bab550,Clinton Christensen,danieljennings@grant-mcfarland.com,"Sandoval, Lopez and Hawkins",0778111c96f5c53e,v2,West economy life care different thought tend.,2026-01-11,natashagreen,Check our parent court. Whatever reflect try provide. Federal live trip city provide.,1
8136cd4e-b83b-4dda-a068-a92df09abb17,Master Katie,Welcome to Master Katie! This is the ultimate Education solution. Hot fund deal too draw check. Science tonight bad partner foreign sea.,Education,9.2,4.2,True,0.0,,False,e05819e3-3796-44b4-b177-990cdb62b077,Adam Franklin,stevengregory@doyle-castaneda.com,Williams PLC,4f3372ab4d86047a,v4,Idea break skill about sit.,2026-02-07,sanchezkeith,Learn deep station traditional father late. Condition third hold later news since different.,1
0cf2fa55-1275-4fc7-9e04-ebe61dd4f0c5,Turbo Do,Welcome to Turbo Do! This is the ultimate Tools solution. Right cup relate fish. Mrs Congress ground hospital trip trade method.,Tools,12.3,2.2,False,47.35,USD,True,df50a153-0055-4086-9e35-0c7e15038237,Suzanne Bailey,michael76@patterson.info,Grant-Fowler,815353dc6fe52bab,v3,Wonder policy stay prevent plant west.,2026-01-31,umiller,Different quality would third.,4
a5fc7810-c2d4-4db9-be4e-07e0c5712847,Word All,Welcome to Word All! This is the ultimate Education solution. International could present law there kitchen consider.,Education,12.8,4.2,False,49.08,USD,True,ee424aa4-8591-4e3b-b40d-bd6ef0a5840b,Dave Adams,anthonylittle@bruce-anderson.info,Lozano-Adams,a06e568886bc5ec5,v5,List report total floor.,2026-03-04,rosecharles,Part back must approach animal. Large former when to sit institution reflect most.,4
a16aa57d-a247-4aca-bdbe-6fa52e082a9a,Brown Saver,Welcome to Brown Saver! This is the ultimate Finance solution. That kid film debate.,Finance,8.6,3.2,False,1.9,USD,True,9e478aa1-8afd-4b93-bd08-fc7d962ced93,Crystal Bryan,jack76@harrison-bryant.com,Kelley-Martin,51c4fca48c0eba04,v2,Store action move sister strong fact year.,2026-01-16,jasonwood,"Move compare show into. Adult eat family identify include.
Line city away east.",3
377c42fb-2f3b-4dfc-9634-414d7976d575,Candy John,Welcome to Candy John! This is the ultimate Games solution. Stock boy second what. Common business far back travel while.,Games,12.1,2.5,False,46.01,USD,False,6b18e2bf-38ce-4146-9f1c-7862bf7be137,Jennifer Rich,oconnelltanner@diaz.info,"Wright, Carrillo and Mason",2a23ff9108fd6b7f,v1,Commercial political other hear political.,2026-02-16,april61,Difference bar away training. Per unit including green.,4
9ab9743e-1a96-4507-bfff-5c04ffa30543,Connect Find,Welcome to Connect Find! This is the ultimate Social solution. Control final capital product economy me. Culture summer discuss garden yet.,Social,5.4,1.0,True,0.0,,False,ee64770e-2861-47c6-8682-9115f6aa7e6b,Kristy Castro,snyderamanda@lawson.org,Gutierrez-Montgomery,bc5cf2344eac1cd0,v3,Investment less entire consumer group child.,2026-03-14,aprilmay,Prove fill what daughter make whether. Strategy work young decide impact indicate development trip.,2
7e691712-258a-4bd8-9efc-ef815cc70c5b,Mediumturquoise Helper,Welcome to Mediumturquoise Helper! This is the ultimate Tools solution. Name generation over line.,Tools,2.3,1.2,False,47.48,USD,True,03b525bc-914d-4e03-96f2-6b0928f923b9,Sarah Turner,chess@parker.org,Knight Group,b46e9d9b06d796c9,v5,Peace wall decision career education ability bed enough.,2026-03-07,elizabeth58,Season explain probably. Enough yard within good new state.,4
49388080-8bfb-4413-8d70-a862e319ac68,Brain John,Welcome to Brain John! This is the ultimate Education solution. Property forward high carry. Friend art recently often section north.,Education,3.2,2.2,False,38.79,USD,True,c65fd6d1-78b4-4b34-a15c-c999103e9d18,Joseph Alexander,thomas24@ward.biz,Cantrell and Sons,87bd6c7bbc3b5c0c,v2,Offer over note.,2026-02-27,ssantiago,Service name side actually fish size a them. Dog medical sound Congress later position dog.,5
1d3d862d-90cf-4619-83c8-3c342e39c7b3,Mediumseagreen Stream,Welcome to Mediumseagreen Stream! This is the ultimate Social solution. Give say main voice development pick chair.,Social,11.3,1.1,True,0.0,,False,aba56f70-34f3-4404-b761-a4b1fe423e1d,Leah Lowe,randalljoshua@kirk.com,"Morris, Morris and Moran",863dc21e117a9c0e,v5,Join little store little almost science test.,2026-01-08,nleonard,Risk different teach huge former. School surface hit education.,4
1e7a8a97-5621-47cf-b9be-aed92f19a851,Turbo Human,Welcome to Turbo Human! This is the ultimate Tools solution. Smile remember likely none example.,Tools,6.1,2.1,False,20.77,USD,True,9979a812-5b66-47db-b3ab-1deaad58b554,Tina Watson,joegarcia@rojas-turner.com,Brooks PLC,190da39c6cb8bf5f,v4,Enough without level agree parent themselves her.,2026-03-06,egraham,Evening join laugh. If month tough kind ten guess watch.,5
017f706a-524d-46c3-9c84-40ab50732d97,Secure Kayla,Welcome to Secure Kayla! This is the ultimate Tools solution. This surface he author your everything.,Tools,10.3,2.2,False,41.43,USD,False,7b5955c2-ff92-4112-9abc-d6b0389840c6,Anita English,jessica57@brown.biz,Mcintyre-Phillips,6004dd2a4dd49304,v1,Interview operation rest especially.,2026-02-26,michaelgray,"Impact effort charge gas high. Hundred during we station program.
Simple lawyer near only address.",3
d78d473f-9dde-4c67-ac98-58140c89365a,Reyes Hero,Welcome to Reyes Hero! This is the ultimate Games solution. Away these nearly control moment.,Games,4.6,4.0,True,0.0,,False,bdfa8765-134a-4bf2-834d-cffd9e44a411,Candace Henry,david40@reeves-aguilar.biz,"Miller, Robles and Robinson",c5cbb61c8f64e636,v3,Center never TV affect sign may seven.,2026-01-24,vernonvaughn,Certainly lawyer couple near successful. Condition several record contain expert.,3
720f90b9-9619-484d-b19c-72548ea946d1,Mediumorchid Network,Welcome to Mediumorchid Network! This is the ultimate Social solution. Them author doctor mind down both debate. Course east rich north idea here get fill.,Social,6.0,4.0,False,4.43,USD,True,f5d3c36b-99a6-4c16-844c-f6c7876c106d,Michael Crawford,cynthia85@martinez-miles.info,"Jackson, Jimenez and Lane",e87b97d61282cfd1,v1,Carry issue film cost cultural fly.,2026-02-03,pmitchell,Mission also go reality just practice. Phone role present star.,4
f84734a0-5acc-4a5d-a0f8-88b762b88551,Tax Michelle,Welcome to Tax Michelle! This is the ultimate Finance solution. Action green focus. Provide drug poor perform money.,Finance,5.8,3.0,False,42.01,USD,False,1357c671-d44b-4e0e-8c90-a7b565361508,Monica Wade,nelsonthomas@bernard-lee.com,Henderson Group,4b57ae539351725f,v1,Technology image foreign admit hope others describe.,2026-03-02,jodi27,Different entire reason none. Case sign discuss Mrs catch city. Since song test.,2
148bace2-215e-4165-a7ee-c7ec6ae70cfc,Pocket Cover,Welcome to Pocket Cover! This is the ultimate Finance solution. Like truth record less machine thing way.,Finance,3.0,4.0,True,0.0,,True,ad538495-9907-49e2-8f9b-5eeb2b0738a5,Andrea Kaufman,ywhite@lynch-thomas.info,Brown-Dixon,e217d79bca77cfd7,v1,Wear resource evening especially attention contain total popular.,2026-01-09,tlewis,Million improve continue anyone. His truth before hit. Professor face value suddenly.,4
4e24f45d-2458-4b85-9f28-aee98dcbbd4c,Singleton Cash,Welcome to Singleton Cash! This is the ultimate Finance solution. Law walk result not hard meeting program.,Finance,7.1,4.8,True,0.0,,True,b0b502e1-eeab-4252-bd8f-a2d8ad264921,Brandy Rice,mgarcia@romero-osborne.info,Tucker Group,39367296944df56c,v5,Claim few stand clearly the heavy gas.,2026-02-06,paul48,Wish one fund company someone. Campaign left dream light above.,5
0298a67c-0b3f-444e-8003-e369edcb303d,Angry Near,Welcome to Angry Near! This is the ultimate Games solution. Decision wind to ask. Million who often establish.,Games,4.0,2.9,False,26.27,USD,False,7dfe75f6-bfdd-466d-946d-874ec0f8386e,Mark Mcclure,anthony51@valenzuela-vazquez.com,Cisneros-Burch,71d2041236251c69,v1,Model own speak success.,2026-01-10,zachary51,Threat whose step raise why. Book campaign break.,5
28043376-3c4c-4ea6-97f6-4b31def4c26d,Yellowgreen Study,Welcome to Yellowgreen Study! This is the ultimate Education solution. Left name some hold represent across several his. At house truth wrong hear beat girl.,Education,4.3,1.7,True,0.0,,False,4fa9634c-1835-458e-9943-61ac5cbb1119,Teresa Ford,cwood@hartman.com,Benton-Long,d06cc5def3bb9afc,v1,Factor author study should conference least.,2026-01-05,aprilmarsh,Alone leave without go that themselves. Recently dream argue pressure.,1
e56aee75-f6f9-49fa-bd53-986c93d73cab,Mega Quest,Welcome to Mega Quest! This is the ultimate Games solution. Lawyer yes bit administration.,Games,1.6,3.5,True,0.0,,False,b580455e-3779-45c8-988f-19fcd6154a53,Hunter Leach,taraelliott@love.org,Vargas-Nguyen,112515fefcac8c04,v3,Green protect decision third hand.,2026-02-06,davisvanessa,Plant somebody research care agency. Financial heavy five inside wrong company hard.,4
af4ea646-1aa9-4625-a43a-e1faf1699e44,Rodriguez Coin,Welcome to Rodriguez Coin! This is the ultimate Finance solution. Sign meeting computer five would.,Finance,7.1,1.1,True,0.0,,True,7b4eb9e2-866c-4c10-aed9-e6de6abea6f6,David Bruce,joel16@sims.biz,Martin-Hernandez,f6d38755ac0757d7,v1,Doctor whole measure.,2026-03-04,bishopdaniel,Federal yourself once do. Who just product note goal.,3
089ed692-6a26-4b43-bb71-1056d1b40810,Smith Coin,Welcome to Smith Coin! This is the ultimate Finance solution. Wear hot myself night seven. One simply deal interest current energy million Republican.,Finance,3.8,3.3,True,0.0,,True,02d78a37-4887-469e-8b35-428084224a2b,Cynthia Pearson,thomasrichard@archer.com,Jackson PLC,e1aef419614265e0,v3,Like account south decide class care war.,2026-01-02,dawn75,Decide paper surface model number sense. Believe believe outside candidate suddenly.,3
ad87f1b2-20da-4daf-8d82-b2a2f8d33a40,Richardson Expert,Welcome to Richardson Expert! This is the ultimate Tools solution. Thus discover class item.,Tools,12.7,2.9,False,38.06,USD,False,fe3b9cdf-4338-464e-a003-23ec2de3f6f6,Alexis Campbell,jeremytorres@roberts-walters.com,"Adams, Roberts and Salazar",c2bcf67c89b1ec83,v4,Suggest sort state than pull build certainly.,2026-01-23,davidparks,Member management read under next describe program. Interview adult particular.,1
c37a5364-d98a-4d4f-9952-0542cc062c89,Word Certain,Welcome to Word Certain! This is the ultimate Education solution. Return activity hit reduce. Institution put response thank have two source few.,Education,4.8,1.7,False,5.59,USD,True,2ab7ad01-0cfe-4f25-a790-3809dc01734d,David Lee,ashley54@rodriguez.info,Mosley LLC,4ed393dd7b6c1765,v4,Increase player human and exactly more time.,2026-01-08,codygilbert,However at possible heavy laugh exactly doctor. Style hair produce listen must.,4
e5864b68-dacb-4a6f-a2a4-6ec10831e3aa,Cleaner Congress,Welcome to Cleaner Congress! This is the ultimate Tools solution. Attack remain agree suffer whole hot son. Once from other take least make onto before.,Tools,1.2,1.6,True,0.0,,False,f593d406-7568-4060-b424-dfdd0683d720,Amber Bryant,bellis@haynes.com,"Acosta, Pacheco and Porter",77b7058518dd1541,v5,Fly human player two oil field real.,2026-01-24,michael16,Surface their past church save perhaps.,2
14e79ae5-be32-4d7e-b836-a39adc6388b8,Olive Empire,Welcome to Olive Empire! This is the ultimate Games solution. If dream agreement organization simply time analysis.,Games,8.7,1.9,False,4.27,USD,False,7cac87a8-c4e7-43bb-a23e-ab55152fc2df,Patricia Galloway,adamedwards@porter-cisneros.biz,"Moore, Mccall and Warner",57e2f0ba88f9c03b,v2,Almost case entire special society.,2026-01-28,hmcknight,"Mouth deep stay. Within real outside whole.
Perhaps line the hold response.",3
7c1bc2fc-4258-496d-9ef0-e4494cbc6def,Live Space,Welcome to Live Space! This is the ultimate Social solution. Fly out player computer skill game one. Society great result stand.,Social,9.7,3.3,True,0.0,,False,c8708a0c-6411-40e9-9a24-beb6d97e4590,Robert Jennings,austinalexander@lewis-williamson.com,Ortiz-Boone,d9e473d7413b73ee,v4,Near in office available trial.,2026-02-25,alvareztara,Time everyone production grow save quality. Court either way. Safe sport image never.,1
a1594cb9-4ab8-44fe-8f7a-7dadfa46fd62,Pink Manager,Welcome to Pink Manager! This is the ultimate Productivity solution. Avoid gun under staff.,Productivity,2.1,3.5,True,0.0,,True,3b1d8926-360e-47ab-acc5-92a846154c00,Elizabeth Alexander,gregory67@wiggins-carter.com,Alvarado Group,5b75451ec5c4e229,v3,Reflect imagine power.,2026-01-11,dustinsantana,Maybe day serious little over arrive. Economy respond there kid change friend none second.,4
eb79b49b-5faf-4aa1-b9db-3f4956f76ea0,Banks Pro,Welcome to Banks Pro! This is the ultimate Tools solution. Many own father two per. None together physical agree job include who too.,Tools,11.8,4.7,False,39.76,USD,True,9a0ce7fb-5e7c-4178-908c-faa334cd6c71,Danny Hutchinson,lphillips@mccormick.com,"Marshall, Jackson and Pittman",5122acf8caf65d91,v5,Sure they itself letter hundred.,2026-01-21,blackkimberly,Camera I economy. No region against successful serve blue.,4
15cffd4b-a6c2-4ca6-ab41-9e2954c64f21,Fix Tool,Welcome to Fix Tool! This is the ultimate Tools solution. Work street would everyone name agent agent small.,Tools,1.6,1.4,True,0.0,,False,43dee015-c927-495d-baa0-609ad198e9d3,Michael Howard,debbiepark@ross.com,Robbins-Shea,3e48d4d0cb9e7561,v4,Good single color program store score develop.,2026-03-03,david70,Learn not painting listen against shake. Down too participant. Represent ever set.,2
b81d24a4-d468-4fad-9d89-1e515919af06,Lemonchiffon App,Welcome to Lemonchiffon App! This is the ultimate Tools solution. Trial well determine.,Tools,6.6,3.4,True,0.0,,False,5be561db-b655-475f-9cc6-79db0aadb092,Kelly Owens,alexanderchris@gordon.com,"Grant, Ellis and Patterson",e0c0b80381848634,v5,Talk air although minute budget.,2026-01-04,ann05,Reveal gas would red.,5
2c76c8ba-92b3-4982-acd2-b1d95439d98e,Snow Arena,Welcome to Snow Arena! This is the ultimate Games solution. Coach already buy entire structure.,Games,8.4,3.4,True,0.0,,True,000945aa-68b3-480f-b477-1b1921d1ffca,Barbara Marquez,kingrussell@parrish.com,Cisneros-Bradley,c19f27756ea20035,v2,Within minute break recent deep senior direction.,2026-01-31,zstewart,Food both not tend in. Truth officer small check.,3
bc984720-a6f1-462f-904a-6b17f0019759,Blueviolet Vault,Welcome to Blueviolet Vault! This is the ultimate Finance solution. Unit painting throw fund ever arrive religious.,Finance,10.2,2.3,True,0.0,,True,ded47bab-ae22-41ed-a0ce-285d5cc2c3bd,Mr. Jesus Kim,williamsshelia@bowman-jones.biz,Davis-Shaffer,655f29075e88731b,v4,Case very interesting generation large either score.,2026-02-27,jamesnorman,"Many sound ok citizen lot. Daughter paper blood program.
Woman forward pressure head.",3
abdb976b-26bd-4d57-b447-e5a1cb34275c,Cloud Flow,Welcome to Cloud Flow! This is the ultimate Productivity solution. Environmental author miss foreign where program. Involve with out class shoulder special scientist.,Productivity,7.4,3.8,True,0.0,,True,2d8194e0-f7b9-48e4-b19c-a72dec9115e6,Tony Leach,pwilliams@mcintyre.com,Russell Ltd,ba71fddfef62fe64,v5,Want available space should population hear direction.,2026-01-24,nwhitehead,Among tell five sort set environmental. None whose break call.,5
a544337e-6afa-4b99-8ede-7d671f9dca22,Crypto Fact,Welcome to Crypto Fact! This is the ultimate Finance solution. Someone end since smile common nature apply. Statement year big staff official situation.,Finance,10.1,1.3,True,0.0,,False,a836f582-3c60-4183-ac0d-a53da0d3cb94,Steven Humphrey,billy38@cooper.com,Thompson LLC,3593c38a20a204fb,v3,Remember energy evening force.,2026-02-14,kelly10,Very between perhaps instead. New serve little community become.,4
030990a7-d178-424e-9595-7581eda94e0b,Link Messenger,Welcome to Link Messenger! This is the ultimate Social solution. Risk crime policy chair. Major these they raise pass effect throughout.,Social,11.8,3.4,False,11.73,USD,False,0df2a978-5ade-4c04-bf97-e2f7c12e0e63,Jeffrey Aguilar,hollandcarlos@marshall.biz,Conner-Ruiz,ca95dbe191b18a19,v2,Either when fire fact money relate still almost.,2026-02-03,abigaillawrence,Sister medical price day stuff coach company. Low accept stand method.,1
80c00c15-1f89-40cb-9164-9e28462da4a7,Chat Ryan,Welcome to Chat Ryan! This is the ultimate Social solution. Get goal agency new job top.,Social,7.5,4.7,False,13.41,USD,False,e8b69bce-c0f8-4738-a222-79a32dab9c1a,Jason Harris,matthewnunez@robinson.com,Brown-Cole,a6290e7ccc3ae978,v5,Five drive what organization practice.,2026-02-10,rmason,"Machine future save size. War little receive.
Western art turn skill day spring. Local put arrive.",5
77665a46-78a7-4f43-b6ff-03391df3a0ba,Link Corey,Welcome to Link Corey! This is the ultimate Social solution. Him your I bill the.,Social,3.7,2.8,False,6.52,USD,True,dbf9536c-b4ad-4ff8-bbd7-dda95a51a7f6,Brandon Mccormick,connerrobin@morgan.com,Joyce Group,48f1f0aa5f49cf87,v1,Quickly much method after determine.,2026-01-07,taylor26,Price finish price person available recently its. May seem stop line person. Front billion quite.,1
6b012256-94cd-4462-8522-131e92abf0d3,Connect Network,Welcome to Connect Network! This is the ultimate Social solution. Throw wall try common market Republican.,Social,7.8,1.6,True,0.0,,True,4779485a-ef5b-4f9a-82b5-f70efe1c528f,Amanda Mahoney,schaeferdavid@macias-ruiz.com,Warren and Sons,94e9144f76a0adeb,v2,Worker turn especially little cell stock teacher.,2026-01-09,timothy98,Tonight hotel large mention tonight want. Well example institution.,5
637d3d6d-8055-4168-988a-e8803933edec,Garcia App,Welcome to Garcia App! This is the ultimate Tools solution. Listen eight suddenly close.,Tools,10.5,3.2,True,0.0,,True,1542a65c-0d03-4bd8-b4c6-bd6096704b43,Linda Smith,harriskenneth@montoya.com,Turner-Martin,99f8379ab5db7fb0,v2,Plant pay campaign policy mother building result.,2026-01-13,victor73,Floor back article five worry star at. Truth property ability stay buy carry remember.,3
a59ebaf7-b6a3-41d4-bf44-5501ed41f1fc,Adams Stream,Welcome to Adams Stream! This is the ultimate Social solution. Try pay occur career concern.,Social,5.9,4.4,False,13.28,USD,True,14a88204-eb74-4a6c-881e-dc01579f662a,Lisa Parks,ana25@chase-smith.com,"Phillips, Russell and Wood",c188f40332f7fffc,v4,Really enter friend.,2026-02-21,hannah01,Forget available ahead eat many relationship figure eight. Send protect design set.,4
371caa6c-cb26-4620-8e8c-21fd2240b7e6,Master Boost,Welcome to Master Boost! This is the ultimate Tools solution. Sea military wish herself tend according.,Tools,1.1,2.1,False,12.61,USD,False,c6f2a217-d160-4b49-9dad-e22c9d3b69fe,Dakota Caldwell,amitchell@santiago.biz,"Summers, Ferrell and Roman",6f787e7dd8c99f63,v2,Himself involve force seem land wish.,2026-02-01,thomasmurphy,Energy guess state anything none. Impact later apply foreign hope skin scene.,3
cd384f81-66bd-4742-bf5c-69b6782feed1,Harris Notes,Welcome to Harris Notes! This is the ultimate Productivity solution. Gas recognize view.,Productivity,7.8,2.4,False,13.52,USD,True,bf6ffb82-9169-41f6-b8c9-e62ee46ef944,Nicole Anderson,figueroamonica@lester-macias.com,Taylor-Thompson,ac74ddfca6dc4dce,v5,Not picture imagine population fear.,2026-02-08,stacieparker,Gas impact technology father. Suggest black leader create four wonder energy.,2
c0c19d58-8117-45cb-9970-0f41d56ce648,Penny Without,Welcome to Penny Without! This is the ultimate Finance solution. Treatment charge learn our listen everything. Ahead building condition kind group.,Finance,5.8,2.1,True,0.0,,False,d19739d0-0e39-4db0-8a76-f4fd122750d0,April Olson,tara47@smith.biz,"Riley, Costa and Williams",940c422730ffc049,v5,Particular ability candidate nice institution.,2026-02-24,david28,Different product suffer my. Simply son support hair. Base oil like change author fact.,1
9e49b506-c6eb-4f84-804c-063337d1a7d0,Snap Me,Welcome to Snap Me! This is the ultimate Social solution. Know hand sing.,Social,1.4,1.8,True,0.0,,False,b3275c56-86b5-4c58-a128-420cae8cfdef,Shawn Smith,ctaylor@turner.info,Pacheco-Moore,02170b0d9d4b67b3,v5,Soon two ahead occur per.,2026-01-16,iholmes,Girl smile politics. Player price billion say.,2
1578b9e5-818f-4e32-8ac5-30ccbec28051,Pocket James,Welcome to Pocket James! This is the ultimate Finance solution. Short power everybody event power store require.,Finance,1.3,1.1,True,0.0,,False,1a7c991c-bbec-49b3-aa71-ef8388cd04a1,Mr. Louis Lindsey,jonathan03@bray.com,Kline Ltd,d4179ba187a5d160,v2,Force meeting quite rule instead.,2026-02-27,wwatson,Individual rock article evening person.,4
78e2c6b3-f76f-41bb-a89c-52f4b8110362,Battery Ana,Welcome to Battery Ana! This is the ultimate Tools solution. Course capital speak significant present rule grow. Very wait show may.,Tools,4.2,2.7,True,0.0,,False,5d3aa4a6-0702-48d5-84b0-060942d5bb55,Madeline Lee,qsmith@curtis.org,Wells LLC,8d9e9f86e35591a3,v1,Around while light machine.,2026-02-05,james13,Table magazine likely character. Them program worker rock. Push heart continue bank.,2
9d8c9a52-cf19-42af-b3bb-bfadb493caf2,Slateblue Clicker,Welcome to Slateblue Clicker! This is the ultimate Games solution. Image hundred education radio discover leave court. Yes enter first worker.,Games,11.4,3.2,True,0.0,,True,5889b31b-6d34-400c-9286-3a4fbbdc952a,Marcus Sanchez,qmartinez@garcia.net,"Potter, Silva and Jacobs",0dff5eb56821cfee,v4,Particularly within color still tree huge.,2026-01-18,knightamanda,Open story door fire. Thought work campaign officer throw someone. Open when single still.,2
dd8ad28f-cb76-45c5-ad73-fa323c85bc6d,Smart Hold,Welcome to Smart Hold! This is the ultimate Productivity solution. Structure meet window establish fund evening start. Push small situation especially picture a.,Productivity,10.8,1.5,False,48.25,USD,False,fc6e52b3-4af8-4def-b7eb-5b4458af4da2,Donald Diaz,woodsvalerie@robles.com,"Hogan, Dillon and Kelley",2d51f01fa3d07658,v1,Paper medical everything because interview.,2026-02-16,edwardhansen,Politics girl stay threat service baby long. Become learn bank whatever day door.,1
d3b31623-8aaf-4c4e-b305-36518dadfcd4,Simple Money,Welcome to Simple Money! This is the ultimate Productivity solution. Protect impact player mention security put. Lose here prove pull last chair girl.,Productivity,2.8,3.6,False,45.96,USD,True,af801aa2-2519-4176-80d9-2db8707214b0,Tracey Townsend,ninajackson@bishop.biz,"Parker, Patterson and Fox",451147375c3ba1a2,v4,No she here member night place several.,2026-03-13,robinsonbrianna,Public start stuff star responsibility. Course close have small stop maybe. System paper behind.,3
1ed62dc1-da9a-4479-af6d-6b9931218c57,Mega Arena,Welcome to Mega Arena! This is the ultimate Games solution. Base opportunity end board network debate skill. Usually imagine indeed international.,Games,7.3,3.2,False,36.58,USD,False,e7d9303c-93e1-4cd8-937c-33a949a64462,Michael Rodriguez,penny12@cain.info,Anderson LLC,4827e7431a092073,v4,Watch number audience center enough art total by.,2026-01-06,ashleywalker,South set have book wrong sit.,2
66dae6de-dc70-4acd-901a-6c29fa3ca262,Academy Else,Welcome to Academy Else! This is the ultimate Education solution. Four animal issue material miss building enter.,Education,3.6,4.8,True,0.0,,True,e0e12235-ff64-47ee-a314-75c199f60bcd,Eric Wilson,martinnicole@martinez-higgins.com,Horton Inc,1ab0aa23ec736db3,v1,Often outside yes business long able reason.,2026-02-28,zachary26,Unit any between such see trouble only. Bill main understand stage cover computer if.,1
8dc837b2-3096-4c3c-afaa-e0fe22b4e9b1,Crypto Instead,Welcome to Crypto Instead! This is the ultimate Finance solution. Movement between well list.,Finance,8.4,4.7,True,0.0,,False,6664d095-4bbd-4bf2-9803-2d401fa761a9,Lisa Fowler,bradybarry@wyatt.com,Reeves-Vargas,7ca9ff5b4e98c8e6,v4,Worry animal girl TV mother surface care class.,2026-01-28,robinsonjoshua,Low success exactly event through factor unit. Rule make state owner.,3
026bd450-577a-40b6-874d-1b5494f5fdd9,Cornsilk Helper,Welcome to Cornsilk Helper! This is the ultimate Tools solution. City management big. Movie early easy can tend.,Tools,11.0,2.9,False,29.27,USD,True,c79cce97-8bee-4c64-a13c-8baacbbcf570,Elizabeth Russo,joshua57@thompson.com,Holland Group,db9c9866a464ca0a,v3,Brother must tough clearly decade staff send next.,2026-02-24,jimmy53,Management director particular road meet. Defense entire music.,2
8381a9d4-7f87-4038-81c7-a003cd86dcc8,Meza Course,Welcome to Meza Course! This is the ultimate Education solution. Letter born example green series.,Education,5.2,4.5,False,12.15,USD,True,f2410207-08e4-4c99-bb12-d40445206aef,Andrew Ramirez,bhernandez@baker.org,"Johnson, Hobbs and Jordan",e33919c4bd31e25c,v5,Focus news me analysis.,2026-02-01,keith18,Recently instead standard. Cut task thus. Cover memory reduce instead system.,3
5599cfed-8db3-4f69-b7c2-459b37751b2a,Brain Michele,Welcome to Brain Michele! This is the ultimate Education solution. Even rock draw sea media major score politics. Upon enter interview.,Education,12.4,2.5,False,22.71,USD,True,0e1eab58-bf91-4687-9689-140bf3395152,Antonio Wilson MD,shelleyray@wilkins.org,Wagner-Howe,5ee0cb81feb60906,v2,Art method break he difficult a.,2026-03-06,hudsondiane,Toward doctor enough court. Single create strategy drop song have represent.,2
55c41589-fb7d-4f9e-80c5-1afb974b1608,Cleaner Expert,Welcome to Cleaner Expert! This is the ultimate Tools solution. Any foot economy wear either whatever. Accept future then situation finish rather.,Tools,10.1,1.5,True,0.0,,False,30896636-5000-4d80-ab1e-e9e96e6f1e2f,Christian Ramsey,taylormaria@brooks.com,"Ramos, Myers and Gonzalez",d59f846514d2cf9f,v5,Cut month never similar two car.,2026-01-22,brownshawn,Wear hundred just. Energy particular each camera federal.,4
b08368c3-cda5-4e39-b0f6-0ea405243bda,Pixel Jennifer,Welcome to Pixel Jennifer! This is the ultimate Games solution. Among friend end car.,Games,7.5,2.0,False,18.89,USD,False,19552685-5a4b-4c57-9edb-a5eb8f9dc78a,Patrick Underwood,msolis@santos.com,Wright LLC,30a763069290bb53,v4,Break believe model.,2026-01-27,mcgeedarrell,Economy pull up look third threat nothing. Minute learn finally.,5
57f5a9f6-a8c2-4568-a1ff-38badc64160d,Live Spring,Welcome to Live Spring! This is the ultimate Social solution. Republican girl issue force.,Social,11.4,3.5,False,27.07,USD,False,7c7d715c-6293-4023-87aa-18b1a544157d,Tammy Pacheco,anthony45@cook-harris.net,"Hartman, Petty and Austin",9b883c9bd5a2b74f,v1,Fine role house will technology.,2026-02-15,jacqueline95,Blood may both community. Road garden economic such.,4
bc9a3a9d-ed86-4bc6-954a-5375fdb83b86,Moore Editor,Welcome to Moore Editor! This is the ultimate Productivity solution. Though win make something stay laugh kitchen. Smile then major store yourself.,Productivity,6.6,4.8,False,40.86,USD,True,35169792-e222-42ed-9493-5d3932cf7d6e,Kristopher Rodriguez,jeanettesnow@jackson-jones.com,Erickson-Todd,df3f8080402a4e8e,v1,Heavy soldier real.,2026-02-06,robertslucas,Ever rate garden success southern thus item. Plan agree become game choose example hot.,4
41263b68-cab2-4c0c-bb7a-09a8bed47364,Lightgray Stream,Welcome to Lightgray Stream! This is the ultimate Social solution. Remember return type enter. Continue suddenly camera magazine.,Social,5.4,2.7,True,0.0,,False,80a1f04d-3e32-4f30-ba03-eb5089f670dd,John Vargas,joshuawilliamson@tucker.com,Jones-Charles,55320a7f18229d03,v4,Skin make water that debate.,2026-01-29,cameronkline,Go available decision story. Animal particular state carry. Item beat exactly way.,1
813a4091-3ff4-4149-b42b-d4aa3926cf95,Word Course,Welcome to Word Course! This is the ultimate Education solution. Receive stuff without push. Production light good also sound serious.,Education,5.8,4.8,True,0.0,,False,7f866cb1-f5a7-493a-b3fa-52b5a0a44ece,Andrea Smith,michaelaadams@rhodes.com,"Moore, White and Castro",e9bb82057194f2c3,v5,Paper tend eight price much maintain wind.,2026-02-22,pbailey,Cold city agency create. Audience baby doctor suggest involve discussion.,3
2af3a9b5-3b67-4d47-878a-4544b9d7ff43,Pixel However,Welcome to Pixel However! This is the ultimate Games solution. White pay room here decide.,Games,9.7,2.5,False,47.22,USD,False,654963b4-82d1-4d81-b56e-14dd83de7142,Roy Andrade,rebecca07@mcdonald-knight.biz,"Smith, Edwards and Johnson",2f3f5e66b205d5be,v5,Somebody still necessary play skin bed control store.,2026-03-05,qcollins,Appear official car piece black. Seek throw save case friend hear.,2
27fbbf86-147f-4abe-9ff7-b38b8ac0365f,Armstrong Quest,Welcome to Armstrong Quest! This is the ultimate Games solution. Building teacher style these different. Car security fight recent coach do.,Games,6.3,4.1,False,4.96,USD,True,5d4e613e-63a8-409a-9225-1826400f44af,Patrick Adams,odomkenneth@scott.com,"Cordova, Santiago and Richard",8e5a2d98b69e7aca,v4,Western a look option bring onto accept have.,2026-02-19,dyates,Bit threat yes firm. History arm girl pull beautiful help.,2
dfc40ec5-608b-4681-b402-4e9b6b22fae7,Snap Question,Welcome to Snap Question! This is the ultimate Social solution. Word wrong already hair.,Social,10.7,2.8,False,3.65,USD,True,8004a697-748e-47d8-a635-2940564c0feb,Kevin Bruce,hernandeznicole@brown.com,Macias Ltd,4c86eb8c1bb19abd,v4,Usually discuss artist end.,2026-01-01,deanjodi,Close face though also.,1
508ad0bd-148e-417b-a14e-48f2d843861b,Watson Cards,Welcome to Watson Cards! This is the ultimate Education solution. Sign budget article kind create least.,Education,8.2,2.7,True,0.0,,False,3a3c5221-5986-414b-9b05-8e9449dc4ccc,Brandy Sandoval,fullerdawn@rice-kelley.com,"Melton, Smith and Brock",107023c274c0dc5b,v5,Picture nature artist produce.,2026-02-05,ryan57,Bring school despite stay resource smile green. Indicate newspaper energy personal.,3
e1e9f162-0b7d-4c02-a137-0f3c7e8be9f6,Mediumslateblue Coin,Welcome to Mediumslateblue Coin! This is the ultimate Finance solution. Relationship reach sea north. Level agent media per would.,Finance,12.3,2.4,False,28.07,USD,False,5ce46081-d2b7-49b5-a02c-11dffec702cd,Jacob Davis,candacewashington@hampton.com,Jefferson-Williams,be252ef3132660db,v5,Under may own exist.,2026-03-02,andreasoto,Anyone teach trade. Possible yes deal mouth culture try. Job single candidate.,2
b5334394-a420-4fde-b1f2-174630a58f7e,Word Tanya,Welcome to Word Tanya! This is the ultimate Education solution. Activity stand travel.,Education,10.4,4.0,False,43.91,USD,False,43693686-1092-4916-a765-000efb8f7fa6,Kyle Anderson,lmcmahon@maldonado-stewart.org,Dalton-Simmons,d1fe1a500d2f87ff,v2,Study live crime different.,2026-03-11,podom,Travel treatment black drive. List dog role body ok. Away watch system.,4
787b9e69-4e7c-4730-9bb8-97ecf23ca26c,Gutierrez Me,Welcome to Gutierrez Me! This is the ultimate Social solution. Author political business. Few child watch computer around.,Social,6.3,1.3,False,32.23,USD,False,020b23ae-4fb0-47f8-9825-d2e67932ff6b,Kelly Santos,yramos@harris-maldonado.net,"Diaz, Hubbard and Daniel",6aaa9cf1c82f9941,v3,Anything decade end industry.,2026-02-01,kellyrobinson,Million edge loss fine company answer. Writer number chair sell month develop.,2
d24fa044-d258-4efb-af18-a9578d7df785,Gold Scientist,Welcome to Gold Scientist! This is the ultimate Finance solution. Walk while will.,Finance,3.8,4.8,False,34.48,USD,True,d7e19a6c-1801-4b90-82d4-233d387bd3f8,Michael Collier,reyesvanessa@quinn-woods.com,Peterson-Simmons,06e895838970192f,v3,Third national simple respond really right bar.,2026-01-05,hannahchavez,Stay generation see feeling measure. Bed these both take magazine. Have wrong cell ago open leave.,1
7f701a20-8818-460f-a9ce-b3a555eee245,Space Marc,Welcome to Space Marc! This is the ultimate Games solution. Country resource until head age.,Games,5.1,3.1,True,0.0,,True,4394a232-0b56-47d9-95e6-5cde61de901f,Kimberly Whitaker,farleybridget@owens-henderson.com,Lang LLC,f784009280492183,v4,Site course use billion site.,2026-01-03,housevincent,Section scientist land. Part none treat. Build around much degree itself so.,2
4374a829-801c-4652-9a97-62cf09b33f03,Angry Empire,Welcome to Angry Empire! This is the ultimate Games solution. City him sister method parent. Across international quickly high two blood team.,Games,12.4,2.9,False,34.34,USD,True,4e93c4eb-4f8f-47ff-b722-de5df131ce8a,Jonathan Barrett,harrisalbert@hernandez-simmons.com,"Wade, Coleman and Frazier",cfec56a9c7426f27,v3,Like prove Mrs deep.,2026-02-09,tammyanderson,The machine sound anyone. Strategy impact write walk organization.,2
d2f9601d-93b1-4276-b658-7bc432b49e0c,Scan Step,Welcome to Scan Step! This is the ultimate Tools solution. Hope administration during itself food.,Tools,10.7,2.1,False,12.47,USD,False,c83045a0-91e8-4143-8202-54a508d3104b,Mr. Jeremy Murphy,danielle84@owen-reed.com,Villegas-Gray,0acb11ae1fb09362,v5,Conference three college south mind.,2026-02-10,bethrodriguez,Explain why leave any marriage. Not ok approach security. Hospital create clearly air write.,2
bf9b3d1b-2b47-44b6-8394-b1e6bf4137e2,Quick Gabrielle,Welcome to Quick Gabrielle! This is the ultimate Productivity solution. Before perhaps light by hot.,Productivity,5.6,3.5,False,26.87,USD,True,7d860f63-fd38-4ab0-aa4e-511e5384549d,Taylor Marquez,xgeorge@lynch.org,"Gonzales, Chung and Tapia",c1c49672b0b10f1f,v3,Often soon better.,2026-03-03,conleykimberly,Lot group lawyer politics politics. West discover strong sea write station.,5
bbd2241a-31cb-47f9-862f-46478622df66,Pixel Sara,Welcome to Pixel Sara! This is the ultimate Games solution. Sense seek red the approach pretty no. Visit fill though.,Games,2.8,4.9,False,46.1,USD,True,517f1ad0-bc9e-4261-a14a-224d57236e82,Monica Williamson,cliffordcooper@aguilar.info,Powell-Hanna,f484bb3f9aaf15c6,v5,Outside exactly record during why century own.,2026-03-14,johnrowland,Knowledge eight cause may. Road itself hour.,1
5bb708cc-98f7-45a6-b3d6-65314769a387,Springgreen Invest,Welcome to Springgreen Invest! This is the ultimate Finance solution. Market owner eye per despite often should.,Finance,5.9,2.7,False,35.96,USD,True,9c6c87a0-6cc1-47f5-93f2-ed6843774342,Jessica Peterson,martinmichael@stevenson.com,"Collier, Diaz and Gardner",a8a584be35b29d31,v4,Heavy film Republican education improve real.,2026-02-10,lisaconner,Blue take his fill part. Side successful maintain even middle.,2
f78000cf-d60f-4df3-b9db-877feda92bea,Johnson Network,Welcome to Johnson Network! This is the ultimate Social solution. Company daughter these time piece pass improve have. Total us realize business help industry prepare hot.,Social,9.8,4.8,True,0.0,,True,8cbd3316-4079-4fa1-a5fb-a23bda16b954,Francisco Brooks,ubrown@park-estes.com,"Kelly, Torres and Sanchez",e172e55068478c4f,v4,Company any sing much art.,2026-01-28,robinwhite,Argue cut top. Wait grow finish structure.,5
5cc09dfb-21e8-4f5d-957e-ca7b86afc0a6,Connect Attack,Welcome to Connect Attack! This is the ultimate Social solution. Wall million weight hot instead force little. Available push per charge personal wife suggest.,Social,3.4,3.2,False,46.78,USD,False,f62650eb-6159-456c-9f91-9b05d3e96c6e,Stanley Taylor,elizabeth41@brown.com,"White, Moreno and Carter",4862876d79bbcf66,v2,Save age party wonder hundred skill.,2026-01-10,pricechristine,Thousand vote front human walk hand. Its stage however hope specific base Congress.,3
bf9fa138-16cc-48f4-b07d-ad6a73b1fdc3,Pro Establish,Welcome to Pro Establish! This is the ultimate Productivity solution. Right defense leader program little newspaper group game.,Productivity,5.7,4.6,False,12.22,USD,False,03eaa5ec-9c7a-4f24-b73a-fab819557411,Daniel Cherry,christineedwards@lara.info,"Long, Rogers and Garcia",b189b3b52d980583,v2,Language rate force media paper poor.,2026-03-05,jonathancampbell,Pressure box force return. Education relationship effort reality current opportunity serve.,5
e7246613-2740-471c-994a-dfd1bab4d974,Guard Nancy,Welcome to Guard Nancy! This is the ultimate Tools solution. Radio walk defense contain human word machine many. Serve father paper.,Tools,8.1,2.3,True,0.0,,False,1e1c8474-87f6-423e-866a-62109d8496ef,Dylan Martin,richardsonjeffrey@roberts-ferrell.com,"Warner, Walters and Torres",b1aaaa77606d129f,v5,Together within new subject.,2026-01-13,kclark,Manage rich right computer. Cover half hundred subject.,2
002ac89d-674a-41bf-ad08-ef841eceded7,Brown Organizer,Welcome to Brown Organizer! This is the ultimate Productivity solution. Town statement market full six week but. Travel common since everyone country best subject.,Productivity,6.9,4.0,True,0.0,,False,1e3941da-c560-4cd5-9102-5ae09b5f1a82,Laura Farrell,jorge22@jennings.com,Hunter Group,1879959e237b703f,v2,Data politics trial sister quality.,2026-03-04,joeloneal,Theory age cell company reveal indeed. Particularly personal interest job crime station.,3
ba9175e8-cb51-413a-83d4-ad70386d02c1,Link Network,Welcome to Link Network! This is the ultimate Social solution. Available your huge think. Thank war mother hand though.,Social,1.4,2.2,False,45.53,USD,True,1a00b315-b6f2-4ba9-a785-a62fd4fb15ff,Kathleen Diaz,whiterobert@hall.com,Lee LLC,4666fb7e8faabc20,v3,Only mission then ball all dream.,2026-01-16,rflores,Drug music ok act president quite test. Too main real treat on factor chair.,5
b5e99651-4ac7-4390-bdb5-fe138cf06265,Barnett Hub,Welcome to Barnett Hub! This is the ultimate Social solution. Teacher herself ready really church into power.,Social,1.4,1.6,False,16.52,USD,False,566c2a5e-7c26-4f7b-a2ab-a2c48ac38839,Cheryl Wilson,ambersimpson@jones.org,"Walker, Donovan and Gregory",31b6eac87507c6f1,v4,Soon behavior likely good store.,2026-01-01,robertavery,Couple program call art maintain. Line fight manager public management.,2
efeecee5-3b69-4aad-9347-4c50fe44655d,Word Language,Welcome to Word Language! This is the ultimate Education solution. Give thought might west social teacher while half. Past physical baby bar administration exist low.,Education,4.6,4.3,True,0.0,,True,de06ab81-44c4-4280-a43d-6c62b50747e1,Heather Thompson,jeffreyharris@norris.com,"Flores, Chambers and Allen",2cd9e83725c15544,v3,Full land protect every long.,2026-02-23,tamara79,"Region consider production.
Firm computer statement could debate.",2
aae31eb9-1934-4c0a-b02c-df321c8e775d,Brain Helper,Welcome to Brain Helper! This is the ultimate Education solution. About same same energy career design wall.,Education,11.5,3.6,True,0.0,,True,9a76179b-35b3-4713-b949-198fc4a2b817,Joseph Smith,woodkimberly@scott.biz,"Ramirez, Ferguson and Sanford",825d1586dcfbe3da,v4,Use else appear week dog defense.,2026-01-29,william73,Wide difficult part. Case contain herself suffer organization set.,5
6a4b3767-7e26-43d9-850d-39aa89ffbf49,Skill Course,Welcome to Skill Course! This is the ultimate Education solution. Draw democratic a into rich officer. Gas point into husband.,Education,8.6,3.9,True,0.0,,False,91d938f7-14c5-47e1-9cc2-fb9da757ae65,Gabrielle Miller,kevin73@faulkner.biz,"Herrera, Lowe and Heath",b15903be502ebb35,v2,Myself they interesting one I religious candidate.,2026-02-08,keithjackson,Just determine pretty effect appear federal thus. Low action nature total.,3
46c1a555-e8c4-4541-b237-ee2c3ed8fe6d,Safe Todd,Welcome to Safe Todd! This is the ultimate Finance solution. Indeed ten offer seem road teacher produce specific. Father nation question event music.,Finance,9.7,4.4,True,0.0,,False,ca44d473-df7f-440f-81d8-ea7291ed3bb8,Julie Cohen,oramirez@stanley.com,Davis LLC,de17270b0117c11d,v3,Contain team community important human computer financial.,2026-02-19,zrandall,Federal drop class sort treat statement. Age special else you attack run.,5
14f1b035-906a-4bc2-bf98-86acab47942a,Pixel Teresa,Welcome to Pixel Teresa! This is the ultimate Games solution. Play section nation reveal agree media this.,Games,9.0,1.6,False,46.74,USD,True,e4e4d1f8-1a30-42c0-9770-cd4fc84a86ab,Barbara Owens,jamiedouglas@perry.com,"Clarke, Henderson and Martin",3118fe244b755070,v1,Manager measure both bad heart suddenly along.,2026-02-21,dlynch,Try practice able they behind. Letter heavy arrive buy. Town none write seek population.,5
048e3a45-ba8e-4375-a6e9-e4353047edc4,Dimgray Task,Welcome to Dimgray Task! This is the ultimate Productivity solution. Event most move join movie. My add why hair term.,Productivity,4.8,4.4,True,0.0,,False,8dc816e5-07e7-4147-b4a8-7f8af7d68948,Amanda Smith,potterbreanna@hall.com,"Brown, Graham and Vargas",3e9816731a508dd2,v5,Involve including appear speak ground seven home law.,2026-01-04,usimon,Else apply plan more cell.,4
c3466b9b-c8e3-4641-8de2-ba98ffa1410d,Mediumseagreen Cards,Welcome to Mediumseagreen Cards! This is the ultimate Education solution. Myself environmental which hard.,Education,9.0,3.9,True,0.0,,False,d4996ce4-4251-4064-b55d-735539d9ce28,Breanna Harris,debbielee@horne-bailey.com,"Madden, Acosta and Jackson",855062fd42952e6e,v2,Cultural than call take result order south.,2026-03-10,weaverwilliam,Dark national during stuff floor air.,5
ff940203-2118-43b2-9fb1-6118a2c77e35,Smart Planner,Welcome to Smart Planner! This is the ultimate Productivity solution. Next network ground market chair notice meeting. Culture than history able wonder.,Productivity,3.8,4.2,True,0.0,,False,1a57695c-e030-4a70-894b-f8473f7833e3,Debbie Sampson,jacksonanthony@smith.com,Mendez and Sons,9a73c77e908548df,v1,Arm record bar before.,2026-03-04,heather05,Not politics population level reveal like set. Result fine appear camera at change morning.,3
5b063e70-9356-4aa5-b4ea-77965e1450f1,Penny William,Welcome to Penny William! This is the ultimate Finance solution. Generation behind organization result away.,Finance,5.7,3.7,False,33.5,USD,True,ea84429c-c03d-43a1-bb3b-69d1272b3cd0,Robert Gallagher,cassandravaughan@edwards.com,Ochoa PLC,6aee1416b2885c28,v2,Hand moment cost stand.,2026-01-09,ashleytaylor,Talk return that bit. Character everyone stop event set result garden today.,4
73934b6f-e286-48cb-8387-7a9298a17b30,Ultra Task,Welcome to Ultra Task! This is the ultimate Productivity solution. Prepare need own bag. Gun meeting attorney claim into pattern provide hundred.,Productivity,7.9,2.1,False,31.59,USD,False,2a679104-66a3-44cb-8603-1d203386aeaf,Wyatt Wilson,jbuchanan@johnson-wilson.com,"Smith, Giles and Woods",babf25478e28d0fe,v5,Explain if almost good production one.,2026-02-04,josephbarnes,Attention environment dog probably recognize me. Decide within second.,3
eee16ce3-d954-46a4-a2e5-0aee53ffb177,Baker Pay,Welcome to Baker Pay! This is the ultimate Finance solution. Home economy card fly blue main reveal language.,Finance,2.4,3.7,False,8.52,USD,True,98126e61-f8a3-473c-a714-c616351f017b,Frances Ramos,jamesrobertson@ferguson.com,Garza Ltd,55a0cf867e9be556,v1,Water ok begin recent chair full again.,2026-03-06,jessicafrench,Expert we notice prove build only. Night sign land field.,2
2ae1c94a-4197-4d26-87c0-db0b1d9fd8e6,Booth Course,Welcome to Booth Course! This is the ultimate Education solution. Story radio chance decide push month hour. Animal kind space far.,Education,9.6,2.9,False,14.12,USD,False,500dadad-9e4c-4460-b758-bf26a7df069a,Makayla Bryan,ksmith@young-weaver.net,Dennis-Edwards,30690651fb000c33,v4,Treatment sign present popular house education money either.,2026-01-15,gatesbrittany,"Such truth ask next.
Bed strong account. Trip discover myself necessary unit.",2
6cb843e0-1f3a-43a2-b0aa-582f1b248aa7,Pocket Mouth,Welcome to Pocket Mouth! This is the ultimate Finance solution. Think energy traditional not. About anyone issue should open.,Finance,3.1,2.3,False,27.48,USD,False,3bd2a61a-8f60-429a-8aec-cdc94a1fc46e,Nichole Perkins,michael08@kennedy.com,Nicholson-Graham,fe9148bcb96e8161,v4,Whatever democratic final environment feel.,2026-01-16,abigailhorton,Chair side south time real happen. Nor even boy. Keep director data us however.,5
a8c23f29-9404-433f-9f6e-86569d76a8aa,Money James,Welcome to Money James! This is the ultimate Finance solution. Technology laugh draw best any share national.,Finance,1.9,3.8,False,19.11,USD,False,21a63fe6-54b2-4e99-9fca-364dfa997911,Sergio Burch,mcconnellchad@brown.com,Cortez Inc,c09e662cd4b3a92a,v1,Hear trade American.,2026-02-12,michelle91,Ready myself size debate move finally check. Live customer husband simple seek option.,5
f79af3cb-d876-4fc2-af23-96eeb86da186,Mediumpurple Bank,Welcome to Mediumpurple Bank! This is the ultimate Finance solution. Every him simply tree.,Finance,12.3,4.5,False,4.73,USD,True,54f24206-4404-4e74-9cb6-5bc11b97303a,Jimmy Roberts,castillokenneth@walker.com,"Lee, Garza and Martinez",3728569f3af182e6,v2,Reduce officer tax management bit.,2026-02-08,wjohnson,Forget Republican season occur movie foreign.,2
3dab1dab-d0b7-4ffe-ab8a-b9eb815f5490,Crypto Samuel,Welcome to Crypto Samuel! This is the ultimate Finance solution. Cold health ahead alone building fall might. Foreign property who until large cover.,Finance,4.5,1.4,True,0.0,,False,4d4c340d-3a70-4db1-9b7e-f38d8eb26bc5,Angela Petty,gbird@miller-rios.com,Fernandez-Jackson,8c4788fb4a97f181,v4,Fire hot would where today without card.,2026-02-05,angiesanders,Media sense final account identify eye production. Outside cover anyone according television.,3
f0851052-7b1d-4ce4-84c5-4990161b2617,White Network,Welcome to White Network! This is the ultimate Social solution. Nice day social character save.,Social,12.3,2.3,False,34.07,USD,True,06c96e54-05a4-43ea-814b-6a52a8b10fc6,Sierra Ross,tracyblackburn@yates.info,"Soto, Oneill and Cox",4027ace6dffd1106,v2,Amount amount want street player I.,2026-03-12,ronaldmiller,Top deal job case. Likely including dark ready lead major.,5
2772e3a2-4e2d-4f8d-aca2-70310d67c3d5,Smith Cash,Welcome to Smith Cash! This is the ultimate Finance solution. Forget including option measure. Lot cold evening art few.,Finance,12.8,1.2,False,12.83,USD,True,7a02b60c-66df-45a3-9460-83fe8578bda5,Dylan Gregory,vmcintyre@petersen.com,Hart LLC,3c0892c181f31824,v1,Base high development protect draw both.,2026-02-11,mark95,Degree management age talk within. Enjoy drug today ok step mouth agent art.,4
ec431e1b-f354-4ab7-9f63-518e6c6df885,Battery Helper,Welcome to Battery Helper! This is the ultimate Tools solution. Report cup move during. Management wear step leave.,Tools,10.2,1.3,False,26.17,USD,True,a584886c-492b-4541-a2f8-ea5d71350d3c,Glen Morse,alexarhodes@cook.org,"Shaw, Smith and Rodriguez",700fa84da39e0124,v1,Candidate close decade ten firm after expect discover.,2026-01-02,david04,Deep lose cup far daughter position. Contain chance all arrive writer break left.,5
0e1dcde4-cdb0-4ff0-8b71-d7016c088357,Chat Sheila,Welcome to Chat Sheila! This is the ultimate Social solution. School beat speech top structure. Cause write top already tell dark.,Social,10.0,4.6,True,0.0,,False,73ba02ea-06a4-4108-9464-7c1427992c56,Kimberly Ryan,fostersara@frazier.info,"Glenn, Barber and Thompson",5c78ce2dd839dde5,v3,Book exist month onto.,2026-02-04,kingmichael,Yes subject dark after subject traditional which. Low father hit relationship past turn.,3
5eecf2c4-cddf-4db6-8bea-510f949c6f08,Brain Nicholas,Welcome to Brain Nicholas! This is the ultimate Education solution. Population whole forward require clear sell.,Education,12.8,3.5,True,0.0,,True,d8e52316-7626-4022-922d-e339e0d80570,Susan Medina DDS,josephbrooks@olson.org,Moreno Inc,3aaadfe73e29367d,v4,Surface arrive thought member food oil.,2026-02-05,scottlambert,Main many happy choice nice. Property knowledge later air various day. Spend suddenly center find.,5
10032614-a298-4b6f-b46e-c9a28990820c,Skill Language,Welcome to Skill Language! This is the ultimate Education solution. Own probably system agent. Event much section open participant.,Education,2.5,3.5,False,10.79,USD,False,f7ae363f-6e95-4d8c-8cc3-a4a06b5bd35f,Rachel Green,valenzuelajoshua@garrett.com,Rivera-Sanchez,4cf971d3d2ad847f,v3,General doctor employee pay space air.,2026-01-28,zbest,Media music many style. Expert possible doctor not discover through take. You parent court manage.,3
d98b3cec-bd3d-4d16-8269-8b560776d705,Quiz Christopher,Welcome to Quiz Christopher! This is the ultimate Education solution. Conference accept guess whose trip attack fill. Foot popular decade near test.,Education,9.8,1.4,False,15.23,USD,True,b24a40bf-d7a5-4e93-b72c-f682949eedfd,Brian Hill DDS,emily63@baker.com,"Mays, Rowland and Johnson",c5743635c065f144,v4,Forget nothing look ready everything around special attack.,2026-03-10,kaisertheresa,True executive ok economy. Enjoy glass hit brother entire.,5
bd3ea7ff-2e34-483d-955f-640846baaa4c,Brain Cut,Welcome to Brain Cut! This is the ultimate Education solution. Third arrive shake ready herself should trade school. Win water it.,Education,1.1,3.8,False,7.7,USD,False,af1b7b2d-582d-45ad-9ed9-a188f29756a2,Anthony Werner,kathryn02@shaffer.net,"York, Tapia and Holland",afae59fefa56c0b6,v5,Him face bank change white ten yourself.,2026-01-10,lduncan,Mention good relationship do staff trouble almost relate. Eight indeed interesting music trouble.,2
6cc2e87b-9fcb-481c-b7a9-7fa35ed8d556,Burns Tool,Welcome to Burns Tool! This is the ultimate Tools solution. Produce their without somebody. Help those specific attorney firm good.,Tools,7.5,1.4,True,0.0,,False,f6de3375-1b59-41cd-ba11-2066af47c75d,Christopher Suarez,smithlarry@scott.com,Rivera LLC,aab648761d8d97da,v5,Anything perform nothing American player treatment.,2026-02-02,shane82,Court nature window season next heart.,2
9e4a10ab-e3ef-4113-b050-1472f953fce2,Wood Messenger,Welcome to Wood Messenger! This is the ultimate Social solution. Ready point property home nor. Member among marriage same against vote event.,Social,4.0,2.4,False,17.1,USD,True,9ee17ebf-0e93-4def-a431-c51a2b1a05f6,Nancy Pham,rileyelizabeth@rodgers.com,Lopez PLC,62dced7e533f5133,v5,Identify heavy arrive position form beyond church.,2026-02-16,glennronald,Effect at everybody finally. Alone get hand work unit group.,4
fa7f3312-51f6-47b3-abb9-4617d49b0fcc,Simple Benjamin,Welcome to Simple Benjamin! This is the ultimate Productivity solution. Style take tend health yourself how sport your.,Productivity,4.8,1.7,False,34.8,USD,True,1daf9aa9-086a-4d87-acda-0dcd1b899905,Ernest Taylor,ericlindsey@vasquez.net,Morgan-Norton,72568861282b18c2,v4,Response wall buy each role.,2026-01-19,caitlinjackson,Staff few easy maintain. Break by use ahead. Tend still it company.,4
62b84b25-fea6-42a9-8e61-c6eb6f5b01ea,Ward Planner,Welcome to Ward Planner! This is the ultimate Productivity solution. List ground religious onto get big American.,Productivity,9.1,3.9,True,0.0,,True,335964e5-a877-42d2-bdb3-7e038563b316,Anthony Howard,cjohnston@daniels.com,Woods and Sons,6496039564c15f6d,v3,Executive these through early field event summer.,2026-01-17,nicholsclaudia,Matter only pay check dream first. Interest green kind maintain draw air remain.,2
ae059029-e10d-4e38-ba40-c66cc40130ef,Turbo Stephanie,Welcome to Turbo Stephanie! This is the ultimate Tools solution. Myself energy minute capital keep detail final. Big account thought health future room.,Tools,10.7,1.6,True,0.0,,False,c7a72dbd-ea2a-4c6e-9e76-91d0c2f38b83,James Mendoza,fowlersara@byrd.org,"Morgan, Frost and Jordan",eb72f8c07a2bdb14,v4,Enjoy inside event.,2026-03-14,ashleylopez,Brother agent rich perhaps forward. Sister system marriage order even.,1
a7769a57-e009-4626-82d2-62f3d3b0396f,Mitchell Study,Welcome to Mitchell Study! This is the ultimate Education solution. Base ok authority once. Prepare protect dinner attorney.,Education,11.4,3.9,False,18.43,USD,False,40902907-958e-4543-a566-de65a77667d9,Samuel Scott,tboyer@flores.com,Young Ltd,f9dc789181fa777f,v1,Public reveal hand mind.,2026-01-30,eric67,Sound whole gas simple stuff everybody. Enough again heart travel many why religious step.,4
c4dbd269-0a2e-42dd-a0b8-9785845bd820,Gardner Editor,Welcome to Gardner Editor! This is the ultimate Productivity solution. Seat appear purpose business tend then through. See yet body firm start.,Productivity,11.3,2.3,True,0.0,,True,d2b53c10-3462-425a-b0f2-02e4c0c73d68,Nicole Green,timothy43@padilla.biz,Kelly PLC,b308996c3b91c51b,v1,Sell reality energy laugh history wear there.,2026-02-09,omarquez,"Moment form economic project behavior ever piece.
Player wear language task.",4
241b4f37-d752-4421-b4eb-7cabacbb37d2,Tax Elizabeth,Welcome to Tax Elizabeth! This is the ultimate Finance solution. Since trial long red fine teach foot. Well rich who hair describe matter approach.,Finance,8.1,2.8,True,0.0,,False,32d5b586-e5a9-4021-9c77-31d67e0a94c9,Stephen Davis,peter33@frank-ware.org,Hall-Green,59bebcdb231537ec,v2,Apply main police thousand its much.,2026-01-20,joshua33,Million offer friend appear left red. Might question fine specific start section sing.,5
5a5cbf6c-3640-4288-a337-d6236446b658,Potts Course,Welcome to Potts Course! This is the ultimate Education solution. Sell should cold black line today.,Education,10.0,2.0,True,0.0,,False,b2bd01c7-ec17-4604-b3b2-50731a274a4a,William Cook,ncruz@burton.com,"Hamilton, Lewis and Moss",22c870219c204049,v3,War part feeling training I choice.,2026-02-06,joshua40,Before quite candidate north read serious card man.,2
33711139-1d59-42e5-9f11-b9e2ccf1e6b9,Vibe Interesting,Welcome to Vibe Interesting! This is the ultimate Social solution. Suffer agency beautiful voice address use remember.,Social,11.8,2.9,False,18.79,USD,False,40bef287-1030-43fe-b1fd-57af1ffa484e,Victoria Hines,pfoster@butler.info,Morgan Group,bd3ba5a813495790,v4,Chance quite future next place coach cultural.,2026-03-09,joseph30,Movie able you sure east. Power staff admit best.,5
e537e099-138e-4ad3-b683-39eea48f9c50,Cyan Clicker,Welcome to Cyan Clicker! This is the ultimate Games solution. Beautiful ago in environmental author.,Games,8.6,1.2,False,36.13,USD,True,bfa43906-de15-46fd-94e7-103909869496,Leah Campbell,patricia71@levy.info,Hernandez-Garcia,f0ab84a9249ecdb9,v4,Pressure class thank tell.,2026-02-16,kwright,Affect large food several page would career. As resource majority create state.,3
bc8e38db-89bc-4058-94fc-af768c011eaa,Scan Available,Welcome to Scan Available! This is the ultimate Tools solution. Management mean Republican trade gas compare likely bag. Gun lead campaign.,Tools,9.8,2.4,False,30.05,USD,True,82736f49-1054-4af5-ac5c-3f31917d96f8,Patrick Wagner,browndylan@fuller.biz,Edwards LLC,82116c0e8e75cc68,v2,Health activity member quickly do prove until.,2026-03-05,michaelsummers,Series up fund budget. My anything big beyond again suffer night. Several law natural wonder.,4
9fd935e2-521a-4f8c-8ad0-1448c622a1d3,Turbo Boost,Welcome to Turbo Boost! This is the ultimate Tools solution. Professor hold draw.,Tools,4.9,2.8,True,0.0,,True,b80bcce1-2322-47c9-a882-f80b1ac778b1,Patricia Taylor,juliagreene@thomas.com,Johnson LLC,ccb3e86d94aaa73e,v1,Difficult scientist Democrat team try bag stage.,2026-01-18,tony06,Very travel financial last sister certain skin. Race spring probably education.,5
bb4a0a24-1555-450a-9682-c66e6e978063,Space Yolanda,Welcome to Space Yolanda! This is the ultimate Games solution. Beyond respond age yes.,Games,10.8,1.7,False,45.08,USD,True,4a782c81-60d0-461e-aa62-02242aa562bd,Brianna Ortiz,nielsenwilliam@white.com,Hayes-Matthews,2b4d58d20653b3fa,v1,Fish whose do task character then.,2026-01-30,james03,Mean toward its consumer could couple public. Quality other hotel pretty.,3
40d03d9c-192d-4455-8eda-72c4d05e914b,Papayawhip Run,Welcome to Papayawhip Run! This is the ultimate Games solution. Represent how question story east material.,Games,4.2,3.9,False,13.02,USD,False,3a00ed41-41e9-4411-8e83-b4f493cbed03,Ethan Stewart,smithcindy@barnes.com,Webb-Livingston,84840795d785e3e6,v1,General some physical.,2026-01-03,christopheryoung,Rock budget forward if service than coach. Them very bill car.,5
6e674ee3-8978-4383-b989-3869a273be82,Martin Finance,Welcome to Martin Finance! This is the ultimate Finance solution. Man involve region leader audience.,Finance,12.0,3.3,True,0.0,,False,c73d66c5-4c3d-4848-a025-a27819b9d34a,Kevin Rodriguez,ochen@duffy.com,"Thompson, Black and Marsh",88ffab5752cd4105,v2,Push international amount parent everything.,2026-02-19,johnsonjoseph,Discussion write beautiful sort. Measure look personal better.,3
4863ef16-8865-4d60-a238-cddd2e5588aa,Lightgoldenrodyellow Pay,Welcome to Lightgoldenrodyellow Pay! This is the ultimate Finance solution. Without stuff because science. Across campaign cultural fast thought lead walk.,Finance,7.9,1.5,False,23.34,USD,True,54c4359b-1644-49da-bc6a-75e0f0e3369d,Amber Reyes,catherine76@lozano.com,Townsend-Carter,0601ddc846b80fb7,v5,If they piece develop ball young young music.,2026-01-18,clowe,Sense majority space once prepare order cold. Century tonight recently summer. Source story doctor.,1
09592f6e-2cd3-4b32-b1c9-e504780d732f,Jones Hero,Welcome to Jones Hero! This is the ultimate Games solution. Culture day wall do. Help whether clear will.,Games,2.1,2.2,False,11.63,USD,False,41dc1711-5802-4474-8cba-18e3c9fad2af,Richard Clark,bryansmith@williams.com,"Turner, Tucker and Mckinney",70e2baafc004f4cc,v4,Either go method expect item.,2026-01-12,ocastro,Yet add happen president. Among continue could school record.,4
a1298aa7-3410-403e-b5e1-ad6c03c20e79,Pro Sit,Welcome to Pro Sit! This is the ultimate Productivity solution. List situation radio before four station main. Buy test by reality.,Productivity,7.3,4.1,True,0.0,,True,61f5e5c6-6cb3-48c6-b112-9230b0d56e61,Daniel Vaughan,shannonsmith@harrison.net,Cunningham-Wood,c7257229ae6c4c53,v4,Where practice message between.,2026-03-04,natalie12,Up matter last power network. Wish never performance always father behavior.,2
1d794dbd-c6e1-4a55-bb68-b0a1de8555d7,Firebrick Flow,Welcome to Firebrick Flow! This is the ultimate Productivity solution. Bar sister recent moment a meet moment again. Bank product somebody fight consumer line clear.,Productivity,3.4,1.7,True,0.0,,False,b247b61a-8158-4c9e-a4e9-1dc5fe490ad1,Rhonda Sims,steelejohn@cole.biz,"Jones, Morales and Thomas",2b1e812257c7f02b,v2,Young above occur energy example career.,2026-02-28,westryan,Provide team happen enough soon. Especially issue girl record production.,3
23a9c50b-871f-40a6-bf0b-ae0181502ac8,Cleaner Timothy,Welcome to Cleaner Timothy! This is the ultimate Tools solution. Season this technology carry store during quite.,Tools,8.9,2.0,False,1.21,USD,True,d9f79dfd-f443-4f48-9879-17da7309a8f6,Heather Rocha,ggood@floyd-allen.com,Norman PLC,8f72f51f41a7643e,v5,Year land least most economic.,2026-01-06,martinezamy,Standard deal house detail. City produce course night.,4
609f97cb-e024-4c51-bd61-00a155e05069,Ware Vault,Welcome to Ware Vault! This is the ultimate Finance solution. Imagine thousand piece truth within. Customer director rock last.,Finance,5.5,3.0,True,0.0,,False,f7e9e6e2-2324-4fa6-940c-d4f9873d677d,Michael Morris,caseyfry@hudson-brown.net,"Lawson, Petty and Clark",b67fcb50e2c20fba,v3,Month model same since.,2026-01-28,robinsongary,Service wind lay between. Care purpose administration high something. Eat get others money when.,3
384f30c0-8e4e-4a5c-aa0f-faec223bd5ca,Azure Run,Welcome to Azure Run! This is the ultimate Games solution. Hope nearly physical into. Above manage fly purpose national.,Games,2.1,1.6,True,0.0,,True,4b028e5b-5c51-4c18-92a2-238afa0e86d5,David King,meredith29@alvarez-martinez.biz,"Romero, Rivera and Robinson",c166591b607958c3,v3,Station improve administration agency.,2026-02-03,deborahgarza,Pretty form which player discuss. Seem hot medical. Minute first suggest behavior as boy than.,1
0ebc90d6-93e9-4325-8e26-9be94be96af4,Master John,Welcome to Master John! This is the ultimate Tools solution. Especially leg draw. Your manager later page.,Tools,1.8,2.0,False,21.67,USD,False,93737c91-9534-47cd-8a39-2d517e304505,Matthew Shaw,bkoch@montes.com,Grant-Wright,b87aba39462dc6c2,v5,Gun sing general official draw.,2026-02-26,holtjennifer,What mind drug price entire dog condition. Employee against before oil require baby degree.,5
cf3c8ff2-de64-402c-9969-855e5cf89a41,Safe Film,Welcome to Safe Film! This is the ultimate Finance solution. Although describe focus situation.,Finance,10.5,1.2,False,48.23,USD,True,4e9a753e-045c-48ec-976c-429a57409696,Miranda Green,cvazquez@potts-daniels.com,"Cherry, Mendez and Trujillo",0fd6e96a29e578ba,v2,Arm help doctor expert media trouble.,2026-01-21,laura68,Growth total when member whose. Hand mother market various reason leader place.,5
6e5025bd-2c3f-47fb-bfc4-dd876afcc54c,Quiz Identify,Welcome to Quiz Identify! This is the ultimate Education solution. New laugh how yourself whatever member. Artist under last high type who office.,Education,3.3,1.1,False,24.6,USD,False,4771fe8c-72f5-4239-b675-0476ba4c2389,Meredith Melton,williamharris@mcdowell.com,Stephens LLC,40313239ea30954e,v2,Including population moment less.,2026-03-01,tkane,Better happy perform high. Ahead those participant option thought campaign.,4
df80b3fe-947a-4167-9e6c-1dd8ebc75779,Snyder Do,Welcome to Snyder Do! This is the ultimate Productivity solution. Two board if word. Bit pass institution effort.,Productivity,4.8,4.5,True,0.0,,True,60c7813f-4468-4a2a-be13-75f26237c404,Dr. Brandon Hart,reginamack@butler.biz,Nelson-Anderson,08295a7dfbecdba1,v5,Officer employee build show radio.,2026-01-27,james30,Put less support anyone your. Music become quality however. Accept power physical entire blue.,1
cc35fc76-7cd9-4478-9b6a-75bd908900ec,Angry Hero,Welcome to Angry Hero! This is the ultimate Games solution. Without process from enough training step if official.,Games,8.8,3.0,True,0.0,,True,9ae00008-2f0c-489d-9586-e3b87b1dfd93,Christopher Williams,amandabaker@johnson.com,"Gonzales, Horton and Vargas",97960a7bb0de900d,v3,Long bank page performance only.,2026-01-10,rileymercer,Hard success protect education. Skin agreement its establish realize interesting sing.,3
e11b2f86-64cc-439f-8edb-3d3b3b753a7a,Talk Space,Welcome to Talk Space! This is the ultimate Social solution. Campaign sound nice near term say. Continue generation let pay stop gun hear.,Social,3.9,1.1,False,37.74,USD,True,84809fd6-e20f-417b-897a-330f0d1d5232,Lori Baker,georgenicholas@brown.org,Hicks PLC,0fcdd94e335ad139,v1,Each value east plan standard dream.,2026-01-17,rjones,Better traditional move manage interest minute best. True nice really. Fill improve week event.,2
ab97656d-1fa1-4ae7-9f3e-00c6685732ef,Budget Cost,Welcome to Budget Cost! This is the ultimate Finance solution. Himself cost tonight likely agency.,Finance,5.8,2.2,True,0.0,,False,b93b7d3c-d14e-4ef9-9c8f-beeaf486aa0e,Alicia Turner,caleb27@smith.org,Cooley-Mendez,2f74ebfeb05a89c2,v5,Turn choice anyone senior fast inside financial.,2026-01-22,margaret83,Item produce forward sound music art character. Attention crime special customer trial share bag.,4
4d34f3a1-eb6a-4b16-af85-c5091ba01723,Vibe Maybe,Welcome to Vibe Maybe! This is the ultimate Social solution. Case window book boy never. Return book property reason.,Social,4.2,2.8,False,22.74,USD,True,b18967ba-7619-40a3-a2ff-f3b2a1c56b10,Michele Young,jill42@smith.biz,"Macias, Mckay and Anderson",d5ee03bccf572069,v4,Themselves others skin.,2026-03-13,jennaharris,Strong religious up important that get follow. North build of deal section happen.,3
35d5c4b9-7bf2-43c6-8927-9fab3e2948a4,Legend of Marcus,Welcome to Legend of Marcus! This is the ultimate Games solution. Stage why car.,Games,11.5,3.4,False,38.03,USD,True,766a78ec-2d75-432f-93ce-f9c6ca3191e0,Erin Edwards,floresdavid@phillips.com,Robinson-Bates,0a7fafdaedf9b462,v3,Feel future physical American involve condition.,2026-01-27,robert43,History energy have really drug ahead dinner.,5
a5bf5f40-8227-4742-9653-adc72aa5d9e3,Learn Same,Welcome to Learn Same! This is the ultimate Education solution. Push heart hot seat discuss must. Ever can serve red especially.,Education,1.1,4.4,True,0.0,,False,8bb08f49-c646-436b-bbbd-5a9943a5c643,Miss Rachel Perez,charlesmartin@burton.net,Bartlett-Payne,e283e1003cb70a47,v2,Drive couple purpose market few foot.,2026-03-11,brittany26,School fact yard partner thing. Everything star several together strong must order sort.,5
ec9fb3ce-3b83-4658-90ef-bc045848ec76,Doyle Language,Welcome to Doyle Language! This is the ultimate Education solution. Time last else particular.,Education,6.0,3.7,True,0.0,,True,f79881b0-b7ef-4db2-8fea-c97305c2565f,Tara Simpson MD,nelsoneugene@austin.com,Gregory PLC,13f2e6b3655cf9c9,v2,Place too his these full.,2026-01-19,christopher82,Star allow before politics. Wrong couple strategy lay threat. Rock surface do them suffer.,1
ca00f22c-0183-4682-b78d-819b05369e13,Safe Lose,Welcome to Safe Lose! This is the ultimate Finance solution. Worker because else down population check full. American lose quite financial assume peace.,Finance,12.9,1.4,False,20.89,USD,True,dc0bd793-0c53-4889-a846-4981a0af2be5,Bryan Hunter,rickywhite@mcdaniel.com,"Castillo, Olson and Wright",ea9d6f1aec88f843,v5,Yet then per plan allow alone.,2026-03-11,amandascott,Computer pressure article. Forget nor nature and low. What home seem Republican order western.,2
d1cfdc27-cdff-4988-ba8f-5814498b1d18,Mega Matter,Welcome to Mega Matter! This is the ultimate Games solution. Me example scientist final.,Games,3.5,2.4,True,0.0,,True,9c37551d-d34e-4f06-b3d0-92cc8427a9ec,Erin Dodson,dtran@ross.biz,Smith-Galloway,cdd52f61d6bc49fa,v3,Choose enjoy several.,2026-02-26,wardsabrina,News when Democrat send. Enter south face police.,1
e677f442-d9c1-48c1-91ad-f5a691de5dc6,Master Emily,Welcome to Master Emily! This is the ultimate Tools solution. Fight during ground performance remain early. Keep sit billion sit police approach sport.,Tools,12.8,4.3,False,48.74,USD,False,7956b0c5-a00f-496a-8156-d399830dfa76,Sandra Burke,oconnorcatherine@orr.com,Galloway Group,be7a2598caad4f95,v1,Benefit let cause exactly.,2026-01-30,qjohnson,"Show note nearly drug. Term fall hot crime simply.
Result leg clearly. Stay allow kid traditional.",5
75c3362f-b0ae-448b-8ca9-25ad2e8d7650,Lightskyblue Gram,Welcome to Lightskyblue Gram! This is the ultimate Social solution. Several television at deal. Although music war claim idea kind speak.,Social,9.9,2.1,False,25.12,USD,True,cbf687ce-6584-43d0-ad42-9742ef628b21,Ronald Smith,smithbrian@lewis-graham.com,"Wood, Cole and Martinez",f19bb480f150601b,v2,Especially heart newspaper production practice at.,2026-01-05,jeremykemp,Weight true truth that no friend clear. He age nice group.,3
a42186a5-76b5-406b-8d05-82864fa64b05,Smart Haley,Welcome to Smart Haley! This is the ultimate Productivity solution. Top hard great particularly.,Productivity,12.1,3.3,True,0.0,,False,1d6e79d2-4832-4480-b583-3d355a75bd53,Nancy Diaz,navarrotony@castaneda-bishop.com,Garza Group,0265c31964211ef7,v4,Fast let any see treat.,2026-02-22,anna82,"Least sea figure play moment board ahead. Fall population public understand record.
Bank pull one.",5
78177d94-d66e-4b05-89af-009df010b423,Pro Success,Welcome to Pro Success! This is the ultimate Productivity solution. Family medical onto matter visit save perform. But all song enjoy guy individual.,Productivity,7.3,2.6,True,0.0,,False,dec66529-ff16-4712-a63e-05fedfbfdd01,Donna Anderson,ahickman@smith.biz,Mcguire Inc,c1029d5d1ec656ca,v2,Process determine throw employee role.,2026-03-12,jessicarice,Under remain capital plant medical form really matter. Many north car work.,3
f86ef6e7-ff55-4a50-b791-57450bf7cd20,Power Expert,Welcome to Power Expert! This is the ultimate Tools solution. More issue dinner listen. House customer pattern figure administration.,Tools,4.9,2.3,False,5.08,USD,True,fde3e69f-cdd0-4570-ae80-23f410ba899c,James Jackson,lopezjoshua@kramer-bowman.com,Steele-Wilson,fe03f7cbf7f290b7,v3,Send there step during practice.,2026-01-14,vholland,Accept heart campaign beyond line painting music. Still both notice here nature especially travel.,2
2d70bba1-0e6a-455b-8c62-baf4605f7b96,Pocket Michelle,Welcome to Pocket Michelle! This is the ultimate Finance solution. Put record security see board.,Finance,7.4,1.2,True,0.0,,False,bb356c75-37ae-480a-92a2-1fc3ca0d4ea0,Sean Reid,jennifer54@nelson-dickerson.com,Archer LLC,8fe73987488a56af,v3,Bit try current thus American sea line.,2026-01-01,gonzalezbrett,Nearly heavy yet fine concern. Difficult performance official list not.,1
7114755f-21eb-4912-bef2-e988c5f00888,Lawngreen Cash,Welcome to Lawngreen Cash! This is the ultimate Finance solution. Society those employee industry audience parent.,Finance,10.9,1.9,True,0.0,,True,c7f49798-5da0-4860-a944-0cecde58b9c0,Austin Mendez,andrew56@anderson.com,"Barnett, Gamble and Morgan",3fa4d8b813e13711,v2,Trouble together nearly what company every edge.,2026-01-28,tanyareed,"Relate win table.
Less growth fill stay. Other floor baby situation any miss person.",2
d6eb16ce-d62f-4406-be93-d87807a0c618,Palegoldenrod Pro,Welcome to Palegoldenrod Pro! This is the ultimate Tools solution. Month cause figure base ball suffer.,Tools,4.1,2.8,False,1.75,USD,False,1bff2814-4358-4d61-b672-c6074340a941,Justin Collins,sporter@fernandez.com,Wilkinson and Sons,fabed8ebd6ef8558,v4,Size significant protect student.,2026-03-08,billywilson,Pass seat identify. Daughter impact grow run. Sit morning grow.,5
31edd3a4-85d5-4d4d-b2e7-817c843de4f6,Allen Flow,Welcome to Allen Flow! This is the ultimate Productivity solution. Clear catch range look involve. Often others open.,Productivity,10.7,2.2,False,2.83,USD,True,29133234-8a3b-42ee-9d79-b4f1dfdff0f8,Emily Acosta,brownbenjamin@harris-gilmore.com,"Hill, Davis and Adams",73e13d2e36ea2f2f,v5,Series rich month heavy evidence together.,2026-02-22,carolinehernandez,Citizen dream hard partner. Read front near story near.,2
c9607fb4-8b1e-48db-9bf5-4f73553b2b7f,Academy Language,Welcome to Academy Language! This is the ultimate Education solution. Front region four already.,Education,3.6,3.8,False,27.44,USD,False,b7f1c2e7-a3ef-4c43-bb81-2b84d1a15b27,Cheryl King,howellheidi@shepherd.com,"Crawford, Reyes and Warren",9f3d501444b02d99,v1,At father any practice political break.,2026-02-16,gjones,Help nor contain operation suggest find stock. Still different baby main.,5
055aa170-d873-41bb-86ae-b626e290d58c,Penny Likely,Welcome to Penny Likely! This is the ultimate Finance solution. Miss three generation true central.,Finance,7.2,2.4,False,39.86,USD,True,54ef6c98-7bb3-4ba1-a1ca-727771adabeb,Larry Dixon,kaufmankristine@perez.org,Ross-Shepherd,bf0abbcb55ed7784,v2,Keep should true cultural.,2026-02-07,lisa47,"Parent seat question. Field treat agency mean.
South similar husband I me prove health.",5
d08f9b7b-952c-4b33-bca3-1051ccf1ee9f,Secure Fall,Welcome to Secure Fall! This is the ultimate Tools solution. Clearly relationship green it quickly.,Tools,6.1,3.5,True,0.0,,True,c913de0d-50e9-42a8-81f9-9bebbece39fa,Robert Quinn,chelsearodriguez@carr.info,"Beck, Ware and Rodriguez",762be7254aa3056f,v4,Certainly into child discover material interesting couple.,2026-03-10,dhill,Threat onto finish economy. Camera walk perform three.,1
40303081-1388-4c21-ad14-93e7178284f1,Shadow World,Welcome to Shadow World! This is the ultimate Games solution. Wife coach feel sometimes with. Us sometimes where success determine.,Games,3.0,2.7,True,0.0,,True,ec5faa1b-a803-4892-9f48-29732662b082,Mary Ray,lisa32@farley-mcgrath.com,Herrera-Erickson,1f799398f93772d7,v3,Forward quite card move still.,2026-03-04,hannah92,Parent by study who current understand. Service require us indicate away their world.,2
e91f5e0c-0867-4696-9c5c-7f89c86f86a4,Money Improve,Welcome to Money Improve! This is the ultimate Finance solution. Color fish recognize act unit finish. Enough college thing computer loss sound magazine.,Finance,8.7,4.9,False,18.35,USD,True,19bb787a-7eac-4362-b7d2-8044293a8850,James Blankenship,smithdeborah@montes.com,Stevenson PLC,4fd63349dcad42a7,v5,Might resource reach measure usually hour.,2026-01-01,millermichael,Knowledge little manage theory. Born our tend reflect involve. Four continue while.,2
c1631796-ca93-45a5-b762-78d7bb57b1df,Tax Stephen,Welcome to Tax Stephen! This is the ultimate Finance solution. Heart rise beautiful either score form community.,Finance,11.0,1.2,True,0.0,,False,dd6fe6a6-c5a3-4b29-af9c-04d148b8511c,Daniel Merritt,gbarton@smith-chandler.org,Castro Inc,64e037558ce1f472,v5,Blue race relate defense who miss heavy all.,2026-03-02,claytonsmith,Every short despite within product its. On similar without result member.,3
b484e402-0431-4d83-b819-b7b0a9bebf36,Penny Need,Welcome to Penny Need! This is the ultimate Finance solution. Most type cost vote.,Finance,5.3,2.2,True,0.0,,False,4caedf6d-9089-4b7c-8593-4f5ac1851d5e,Tammy Fletcher,robert13@west-howard.net,Powell Ltd,897552d6580e6df1,v1,Law center attention husband figure commercial meet when.,2026-01-29,juliadavis,Capital bill right nothing. Natural through office real collection herself girl.,1
66bdbb10-7b85-4f38-8c4b-0208ae16bb21,Fry Scanner,Welcome to Fry Scanner! This is the ultimate Tools solution. Structure scientist store. Democrat without walk.,Tools,2.8,3.7,True,0.0,,True,f630aa23-0f4e-4c10-b130-5ce1aafd47fc,Marissa Diaz,reneecaldwell@bass.biz,"Williams, Park and Copeland",3fcd35579797e48b,v5,Decide there great approach imagine.,2026-01-13,sjohnson,Hear lead provide have ball campaign join.,2
9354b1c8-88fa-4a74-9b6c-f0a733843c1a,Vibe Gram,Welcome to Vibe Gram! This is the ultimate Social solution. Down purpose including choice lose. Pattern red respond fall spring bit less.,Social,1.2,1.4,True,0.0,,True,7d0b0404-cf27-43e9-90af-0df76b4d2779,Laura Page,kristina44@bond.com,"Brewer, Bean and Smith",5533154c1f3835a4,v2,Clearly hotel sure away effect.,2026-02-08,xharrington,Learn exist their ground wall. Instead simple miss.,5
265c72c5-3843-4607-bc7a-433ecac787d7,Space Kristen,Welcome to Space Kristen! This is the ultimate Games solution. Stay tell suggest take any set.,Games,9.8,3.5,False,16.41,USD,False,4dd7f537-a00b-4053-bfc0-95e56d474b76,Theresa Ramirez,robertgomez@williams.com,Jones Ltd,796b05a99ba39ff4,v3,Movement anyone choose sure.,2026-01-14,franklinandrew,Others military almost. Look growth avoid partner company.,3
9a164bfb-453f-4ed4-a01b-b6c2d5715237,Penny Fish,Welcome to Penny Fish! This is the ultimate Finance solution. Blood dream line either follow certainly.,Finance,6.0,1.1,True,0.0,,False,d4c96f1d-0fbf-40e9-8dd7-b886eb22ee04,Jessica Booth,tabithacooper@lambert.org,"Brennan, Lucero and Miller",c30d3a8cb11cc0a5,v2,Continue task professional however she.,2026-01-14,frazierbryan,Listen only themselves measure reality easy father. Majority learn situation maybe.,4
e781597f-6d19-4f22-ae3e-7ba32816c15c,Darkred Flow,Welcome to Darkred Flow! This is the ultimate Productivity solution. Six under character skin my response.,Productivity,10.0,3.3,True,0.0,,True,4bdf8461-f361-460e-bf35-6a664ef05423,Penny Baker,douglasmartin@vincent.com,"Palmer, Massey and Christensen",dbae330e1733a222,v1,Military future political perhaps husband without he.,2026-03-07,thomaspeterson,Standard once light daughter.,5
5df51d85-4e83-411c-8075-46643b04ebcf,Extreme Carl,Welcome to Extreme Carl! This is the ultimate Games solution. Rule include during we defense character.,Games,10.1,3.7,False,38.13,USD,False,36cbacd5-a901-4973-a25c-260fae416fd1,Victoria Moses MD,martinezlauren@pena-horn.com,"Tanner, Vasquez and Ibarra",849834a9f2f2b583,v4,Management already blue yes minute.,2026-01-13,amanda70,Season rich south industry miss full. Heavy any continue feeling standard enjoy bring relate.,2
7bd10ebf-701e-46a4-ab69-7763b4e2bf5c,Violet Social,Welcome to Violet Social! This is the ultimate Social solution. Son reason wait race. Sister surface rate bring smile program contain.,Social,3.5,3.6,True,0.0,,False,35aee61d-b8d9-4e29-887c-9ccd55b55005,Brian Patton,craigdestiny@henderson-lynch.biz,Mahoney-Morris,0ba581ffffe42fd2,v3,Court one example war.,2026-03-05,nelsoncody,Guy listen office seat three public society. Design science exactly camera pattern address never.,2
c2cacc0b-5069-4523-b9db-22db989d93e0,Friends Me,Welcome to Friends Me! This is the ultimate Social solution. Force town for wife herself number city.,Social,9.2,4.2,False,7.43,USD,False,81a7e18b-7b1a-41e7-8d52-2de0202c4463,Shawn Jackson,kennethgonzalez@hoffman.biz,Blanchard PLC,5f1496898d1f183d,v4,Property ok coach there sure relate.,2026-02-23,morgankyle,Black night play certain choice model born. Majority site agreement responsibility middle.,2
2986f7e2-fec4-48c7-8e6a-9d52aa4d31ee,Lingua Course,Welcome to Lingua Course! This is the ultimate Education solution. Until point water own serve offer forget. Sense agree window cup yet political can.,Education,8.1,2.6,True,0.0,,False,67db20df-3a44-4237-994b-6894b9a3d45e,Benjamin Henry,frederick27@thomas-roberts.com,Curtis-Smith,db465ada53aaa3db,v1,Purpose skill mission decade parent guy citizen perhaps.,2026-02-18,jose80,Message range several music life. Star bring only policy. Authority upon discover safe image.,1
e5e0e3d5-df9a-43c3-a715-e638650d3ead,Teal Battle,Welcome to Teal Battle! This is the ultimate Games solution. Significant often subject difference budget. Town beyond cause record.,Games,11.0,3.9,True,0.0,,True,4825012f-b731-4583-b048-7c04ae82d876,Rita Lewis,sotopamela@smith.com,"Bautista, Marks and Mcintosh",9e31780e56325ceb,v5,Threat meeting upon ask culture move.,2026-03-04,erika21,Fill away by tell avoid organization.,2
df16c4ac-94f0-4a11-893c-195761b44980,Jensen Task,Welcome to Jensen Task! This is the ultimate Productivity solution. Certainly action scientist agreement man. Drop level cut far north soon.,Productivity,3.0,1.4,False,8.04,USD,False,daf3a214-d731-4a60-a043-3925c61d1efb,Sheila Morris,richard26@yates.info,Peters-Haas,bfa9d18e2e927727,v3,Woman tree article.,2026-01-20,brodriguez,Bad energy central note yourself everything become process. Pay rich many difference.,3
877001e4-c649-42e7-8edc-9a5068792cf9,Palegoldenrod Task,Welcome to Palegoldenrod Task! This is the ultimate Productivity solution. Between change suddenly compare little air talk.,Productivity,5.1,2.8,True,0.0,,False,e9816123-dda4-4caa-9448-364fbd83a56a,Alyssa Gomez,angela25@young.com,"Sutton, Nguyen and Roberts",a611f4e7c930a61b,v5,Rich white economy probably employee.,2026-01-28,hollowayashley,Play agent toward stock help do civil. Seem anyone style probably. Serious crime a buy.,3
0a61e554-fe59-4994-82d5-2aeec226b62f,Coleman Pro,Welcome to Coleman Pro! This is the ultimate Tools solution. Provide blue manager maybe drive. Citizen lead movement risk tree without.,Tools,5.2,3.6,False,42.99,USD,False,885aeaf3-5d09-461d-a880-26d216a8b86d,Lisa Mueller,adamburnett@newman-moss.com,"Chan, Cervantes and Mills",0386f7a2ad8b9b32,v5,Last beat blood young realize green near her.,2026-01-24,hvaldez,Type enter movie morning north only. War stand same seem.,2
71ff81ad-b1d3-490e-a6f3-203e3972fb71,Legend of Quest,Welcome to Legend of Quest! This is the ultimate Games solution. Adult drive tend hotel week add people. Foreign probably attack ready protect.,Games,7.3,4.9,True,0.0,,False,19dd268a-321c-41c2-9df4-37eb1efc8d54,Richard Lopez,hernandezjustin@deleon.com,"Bailey, Gibson and Stevens",dee3c391394e30c4,v1,Before compare own head.,2026-02-28,jessica54,Accept father one food several. Little toward example throw agent.,1
1cc2a017-9d68-49d1-b1c0-c3eb70d50fe2,Firebrick Organizer,Welcome to Firebrick Organizer! This is the ultimate Productivity solution. Hotel institution who subject develop class.,Productivity,9.3,3.7,True,0.0,,True,8642f35b-8955-4ab6-9a9a-2c0979b92e70,Elizabeth Turner,tracygates@morales.com,Green Group,281f71766a6689b0,v5,None knowledge know check them.,2026-02-11,christian81,Would sing upon while single again young. Serious threat although national.,1
a54afcdc-c6c5-4c62-a1db-d8b13aa3a503,Simple Elizabeth,Welcome to Simple Elizabeth! This is the ultimate Productivity solution. Threat finish call total.,Productivity,3.2,4.6,False,34.15,USD,False,71bd002c-8ca7-40e6-9fef-b470aa527c04,Jacob Hardy,jwilliams@rodriguez.com,King LLC,b69da146c36088a7,v3,Sound live decide hot.,2026-01-06,edwardsclinton,Clear line foreign this you. Stop talk test find.,2
b25f23b3-161f-4f91-b342-120db1e2aa5b,Link Paul,Welcome to Link Paul! This is the ultimate Social solution. Hospital perform lose whose.,Social,7.1,1.1,True,0.0,,False,92680c34-6103-453c-b1de-cf6c94f60ff9,Elaine Edwards,fwood@houston.net,Ashley Ltd,5087c8cc63f291b6,v5,Outside break deep east himself.,2026-01-20,bradleysullivan,When natural development.,4
2f448cc0-1126-430e-bab4-4e9487069f90,Pixel Task,Welcome to Pixel Task! This is the ultimate Games solution. Tree sort detail think fear talk. Worry suffer somebody amount medical coach.,Games,7.7,1.9,True,0.0,,False,1a48499a-d967-4885-8fb0-154f2c6d6a18,Stephanie Wiley,gwilliams@avila-barnes.com,"Roth, Wheeler and Diaz",f0d1d54305d5eca9,v4,Total people thus threat only movie.,2026-01-25,john94,Wear tonight concern manager at agree ten. Form fly model information.,2
d4f1557f-17af-4176-9e58-a437fc9b7f95,Ultra Do,Welcome to Ultra Do! This is the ultimate Productivity solution. Best set probably learn clearly lot however. Identify meet worry prevent off in north.,Productivity,12.0,4.0,False,21.91,USD,False,1e80b5c3-6944-4b83-a6b2-826ad1c85ab0,Blake Noble,barbara05@anderson-mccormick.com,May-Jordan,bd3273c485df749b,v5,Attack program true theory talk resource history.,2026-01-25,awagner,Baby officer change center business. Religious leg evidence.,4
ba9293d0-6b2e-46b8-b6bd-a2a177ed41eb,Friends Hub,Welcome to Friends Hub! This is the ultimate Social solution. Often marriage in state recent service color.,Social,3.1,1.4,False,1.15,USD,True,14724494-330a-4738-a489-ed2fdd07ef91,Javier Jackson,leerobbins@allison.info,Russo-Walker,e7bfed88fb529e90,v5,Good bit language travel.,2026-01-11,veronicagrant,Together role program quality believe. Animal direction language seem. Local before different eye.,5
cf12d615-eeba-4ed8-bc88-afd6e852fc68,Slateblue Arena,Welcome to Slateblue Arena! This is the ultimate Games solution. Meeting during card room someone old.,Games,12.3,2.4,True,0.0,,False,87991085-ba4a-48b5-b314-9efebe31db8d,Sierra Clark,moorestephanie@rodriguez.com,Cannon-Smith,9409c0473f88a6aa,v1,Place chair partner kid group.,2026-02-25,nicole50,Site might executive hospital. Finally choice buy long.,1
56dd78fc-f4d9-4c5e-a105-1262d21f646f,Mediumslateblue Do,Welcome to Mediumslateblue Do! This is the ultimate Productivity solution. Head push easy book industry serious like. Day run sure structure.,Productivity,12.4,1.7,False,44.76,USD,True,05c47e67-b5ee-4892-ae97-7463bd634c31,Kathryn Walker,sweeneyelizabeth@rosario-turner.org,Austin-Stark,894a7af80f28181c,v1,Beat pass address fund back on.,2026-03-12,olivererin,Bar authority civil arrive seem down. Oil central specific.,4
a4addec0-ebcc-4317-9b2f-94dd3cda8823,Darkslateblue Cash,Welcome to Darkslateblue Cash! This is the ultimate Finance solution. Factor way state share seem western nice.,Finance,12.8,2.9,False,47.62,USD,False,99b02e53-4c06-4d54-89ec-2bbc02a94e18,Jeremy Daniels,adam92@rosario.net,"Patrick, Buckley and Harper",5772b87edb275000,v3,Single miss office family short detail billion.,2026-02-27,daniel48,Away man admit around bag help stop word. Set local stay through owner speak site.,1
b9ee8d11-02cb-4d92-b20f-f3adb358ddf2,Friends Messenger,Welcome to Friends Messenger! This is the ultimate Social solution. Customer become become nice air final. Form activity ok reveal reason reality nothing leg.,Social,6.0,3.2,True,0.0,,True,f8b119f4-c151-46b4-ba7e-c341c1f6d6dd,Autumn Morales,harperemily@castaneda.biz,Ray LLC,029c14394978d78e,v3,Four father system already industry share.,2026-03-04,ugonzalez,Computer real recently better. Short down into individual wish. Seem hard bill scene.,1
5fc20a4a-d18e-4192-b301-b3957f80242f,Snap Choose,Welcome to Snap Choose! This is the ultimate Social solution. Imagine simply challenge avoid bit concern already.,Social,5.3,3.2,False,26.23,USD,False,9e5d8f05-9d17-4a25-bca3-baeae218844a,Catherine Hardin,vbarrett@johnson.com,"Alvarado, Hughes and Patel",62512c9890645df4,v4,Here purpose bed big shake federal yourself.,2026-02-22,leerachel,Service particular section hear ability trial. Prevent billion nation consider too.,4
176f8ee5-9164-477e-a293-371dadffd6ec,Lambert Arena,Welcome to Lambert Arena! This is the ultimate Games solution. Suggest voice whether attention. Eight on both common same.,Games,2.1,5.0,True,0.0,,False,af0a2250-a8a5-40bd-a5e7-b37070d82c82,Brooke Craig,kelleykristen@vasquez.com,"Scott, Frazier and Weber",73cc0e6f90d530cc,v1,Thought think data box own despite financial.,2026-01-15,amyguzman,Spring ball nothing. Lay event wish suggest. Leader huge certain culture.,4
546b80d9-1fc2-47e8-81ad-9259d793f63a,Extreme Quest,Welcome to Extreme Quest! This is the ultimate Games solution. Friend know lose realize need star. Let fire money thank include former.,Games,6.6,4.4,False,43.82,USD,True,0afd2149-0984-456f-9407-356c6af8f72c,Michael Brown,ellisheather@sullivan.com,Reed Group,fe71eef685025cee,v5,Because just song growth.,2026-01-10,chloefields,President effort would already herself adult seat agency. Chance eight heavy state those.,5
e7511a35-dd65-4ea7-9bc7-f4ca17d74f8f,Vibe Hub,Welcome to Vibe Hub! This is the ultimate Social solution. Present bank marriage doctor.,Social,4.0,4.4,False,13.77,USD,True,04918cfb-7170-4f1f-bdaa-6d288286b802,Amy King,belldonna@hull.net,Harris-May,74db12f9048d22e2,v4,Agency bank almost create born which mention water.,2026-02-03,jonesjill,Use authority now statement. Identify director environmental more.,5
1fa93124-9d63-475f-8e4c-f55af1bc3b8b,Friends Jennifer,Welcome to Friends Jennifer! This is the ultimate Social solution. Significant perhaps new Mr hour. Perhaps later campaign another tell better.,Social,5.9,3.7,True,0.0,,False,4adf10a9-a58a-4257-9d23-33a671f66042,Diane Parker,shaun36@chang.info,Richardson-Velez,c3311f400bc6f8af,v4,White detail head beautiful start up relate conference.,2026-03-02,kaylabarker,Value bed member suddenly no soldier note. Position defense cut later describe project.,1
698791f5-f085-400e-8a04-41054b904863,Walker Pay,Welcome to Walker Pay! This is the ultimate Finance solution. Prevent return threat back air color. Give visit source sea.,Finance,8.8,3.1,False,36.56,USD,True,bbb81dfb-fcbd-4de1-973a-60fa392965b7,Alexandra Morgan,leeerik@morrison.com,"Moore, Mckinney and Campbell",e959bc3866390cd1,v4,Teacher street believe civil eye realize example.,2026-01-03,msmith,Stop focus ago star trouble. Really marriage red line list. Very family share someone name force.,2
71b78945-352c-4e0f-aef8-bafd0d9cfedd,Secure Once,Welcome to Secure Once! This is the ultimate Tools solution. Blue tonight part television north teacher.,Tools,3.1,1.6,False,21.48,USD,True,735a1fa3-7a49-409e-bb4b-c80f275d3665,Joseph Barnett,tamiknight@kelley.com,Fletcher Ltd,6dd7e0a23818d4e6,v3,Require decide note movie also level see.,2026-03-02,mrodriguez,Executive child whether point once.,3
c4db976a-ffab-483f-aafb-d80c88a4400f,Master App,Welcome to Master App! This is the ultimate Tools solution. Charge method feeling south specific five.,Tools,1.4,2.5,False,24.12,USD,False,7c986f97-1bf3-4d60-bad1-7986f9e74a92,Reginald Gardner,mckeealyssa@willis.info,Simon-Klein,1c25ffca1e1bcb03,v1,Perhaps everybody result religious.,2026-01-30,youngwilliam,Main though smile officer let cold although. Could range health.,2
7466ad7b-72e2-4ace-8e38-83447eb4d6c5,Brain Lab,Welcome to Brain Lab! This is the ultimate Education solution. Front prove less keep agency others pass.,Education,8.1,2.3,False,2.88,USD,True,b2fad61a-aa11-402b-91a8-dcfffaedb8f8,Joshua White,vdavis@reid.org,Dawson-Pham,1de76d1c5d2a399c,v1,Near general no former course career.,2026-03-08,annettegeorge,While could career do discover. Doctor fall work someone beautiful clearly. Must blue quite.,1
1042da95-78c6-4662-9dfe-04b7eee72dc1,Extreme World,Welcome to Extreme World! This is the ultimate Games solution. Pull lay foot cell put window.,Games,10.9,4.2,False,28.32,USD,False,3c84ede3-5cf5-4c53-9f33-ce22c0369078,Lucas Soto,paulhoffman@hunt.com,"Pineda, Mccann and Parsons",81b9b8cc7560ba28,v4,Face red alone admit yes person.,2026-01-12,yatesmark,Half argue off born fund into rest.,3
47fce430-05a5-4c82-ae01-6e18eb9469ca,Academy Laura,Welcome to Academy Laura! This is the ultimate Education solution. Citizen structure blood only.,Education,10.4,3.1,True,0.0,,True,20c4faed-560c-4500-a82c-bdca2b0509cb,Kevin Morales,lberg@gardner-moreno.info,"Kramer, Anderson and Bautista",f677b7c96fbcd2e6,v2,Life cut arrive second what.,2026-02-16,mbenson,Recently serious manage agree wind college. Bank good sport college.,4
2e683093-0504-402f-b89e-2f3cf2ab483e,Ferrell App,Welcome to Ferrell App! This is the ultimate Tools solution. Anything character system work compare clearly.,Tools,10.2,4.7,False,28.01,USD,False,294b5b51-1308-4fcd-a2e0-bd84daa5a966,John Castro,christopher36@kelly.com,Thomas-Harris,04178a9963cc6eba,v5,Top heavy fear trial ago without.,2026-01-09,amberrivas,Process against couple upon forget low threat.,3
94a0805e-74f7-4e49-a43d-42b801a67c9c,Cleaner Miranda,Welcome to Cleaner Miranda! This is the ultimate Tools solution. Cultural though raise choose prevent man have establish.,Tools,7.4,4.5,False,35.69,USD,False,af198964-8eb9-42b4-bdfc-c157b2199cd9,Gregory Cooper,matthew85@murray.com,"Richard, Smith and Harrison",c6e891700880907e,v5,Career defense material Mr law.,2026-02-21,lhunt,Else add event grow increase must. Hear well seem seek.,3
9225b1f9-2f0c-42c0-872d-d6de135c335f,Legend of Already,Welcome to Legend of Already! This is the ultimate Games solution. Off discover beautiful item whatever. Never how degree police matter.,Games,8.6,4.7,True,0.0,,True,d88483bc-f7c9-4c0d-821c-0b0d819881ed,Kristine Lopez,patricia68@ford.com,"Morales, Sanchez and Cook",8bc58d24b9a8f37d,v1,Fire base huge.,2026-01-26,daniel45,Somebody represent fish animal talk three.,1
931e4879-bfe1-4331-a204-dfec31ac2c2a,Battery Steven,Welcome to Battery Steven! This is the ultimate Tools solution. Animal citizen well step degree.,Tools,1.6,2.9,True,0.0,,True,feb35a24-cacb-4d2b-bdd9-4e831b6cd28d,Matthew Rivera,danaadams@choi.info,Bridges Ltd,97990b1675f9b6cd,v5,Cultural card owner read old.,2026-02-23,deborahfisher,What administration message. Trouble capital idea president sister.,5
5f4338b0-abf0-4e77-8133-da56e6698b2b,Ortiz Hero,Welcome to Ortiz Hero! This is the ultimate Games solution. Case dream nothing rule case reason prepare. New address mother crime country.,Games,3.4,1.7,False,32.73,USD,False,5563675a-d03b-405e-9fa4-fff42c0a5ff0,Becky Reyes,dillonjessica@king.com,"Miles, Golden and Miranda",69c9afdacaaf72fd,v4,Democratic hear maintain usually present benefit rock.,2026-02-12,nathaniel07,Attorney market toward grow feeling pull mission. Student manage coach.,4
d8ba8b82-ba36-4a03-8784-252affa463cc,Darkslateblue Guide,Welcome to Darkslateblue Guide! This is the ultimate Education solution. Street stage center space level.,Education,12.2,1.8,False,1.96,USD,False,0aff10d2-359b-4c4d-bbe7-7a085023cace,Heather Leonard,thomas83@newman.net,Morris-Crawford,f0f01e891d726a7c,v2,Family movement president deal recently.,2026-02-15,stephanie10,Outside notice bit trial born explain. Executive recently big simple eat.,5
a7e09dd7-9c2a-491e-a4b0-12e68de22ea5,Carter App,Welcome to Carter App! This is the ultimate Tools solution. Surface note cup soon. Short these strategy wear get true.,Tools,3.6,1.4,False,16.85,USD,False,83497f20-fc7e-4515-bad6-5b7de64fb1b3,Michael Snyder,kristenmack@mason-boyer.info,"Hernandez, Wells and Allen",0b4d07901c149d2c,v1,Peace ok only available page public although.,2026-03-14,hilldebra,Force suggest amount market. Seem fast enter.,2
706b4889-5eaa-4350-ab3e-ae9db6f8805e,Blue Hub,Welcome to Blue Hub! This is the ultimate Social solution. Pretty still property defense sea receive.,Social,3.6,4.3,True,0.0,,True,cebdfe92-16bc-4dba-947d-3b545121d4c0,Sarah Lozano,savannahortiz@roberts.com,Cobb Ltd,75520a60963aff13,v1,Happy tonight long travel around growth film.,2026-02-24,alisha12,Worker toward likely trouble dream identify field. Talk about visit green site last development.,2
caa65021-1eb6-48c6-94fb-665e03da1c26,Darkseagreen Planner,Welcome to Darkseagreen Planner! This is the ultimate Productivity solution. Certain candidate everything value raise red claim chance.,Productivity,12.2,1.9,False,38.89,USD,False,a64ca399-94c7-4691-9e51-258a3b1ee0f1,Todd Dean,idominguez@obrien.com,Hughes-Michael,6f9540755262e212,v3,Suggest red lose action my not all.,2026-01-18,andrewcooper,Night from blood knowledge. At management recognize that. Summer painting end former.,1
47fe595e-f73b-4682-a2b5-939b98b938ee,Lingua Hear,Welcome to Lingua Hear! This is the ultimate Education solution. Place blue special husband task.,Education,8.2,3.8,False,19.31,USD,True,50a017dc-a657-42dd-ac92-d6fc4d081bba,Brian Vega,michelle84@torres.com,Williams Group,e25bea4e541c8c40,v4,Year another check rock figure serious.,2026-01-30,josephtaylor,Thank tonight front draw see name decision thing. Activity cause yourself benefit stay future.,1
4eb2a20c-1d3e-46fa-b23b-cf0456e77505,Power Tool,Welcome to Power Tool! This is the ultimate Tools solution. Energy sign six pay.,Tools,4.2,2.5,True,0.0,,True,2fcf4414-a4db-4d9f-a504-df64477403a9,James Johnson,daniel85@calderon-schneider.info,Oliver-Diaz,cc8ddf94a6b0c1a0,v2,Feel decade doctor evidence.,2026-02-05,mackjean,Lose debate old trouble all.,4
6532f026-80d9-4238-934e-4bbe9f096489,Penny Rise,Welcome to Penny Rise! This is the ultimate Finance solution. View all there manage follow science wrong. Training should piece.,Finance,8.0,1.8,False,24.13,USD,True,a3211d9e-2050-4d15-987b-27e42da92bc8,Jeffrey Munoz,kristiellis@johnson.com,"Coleman, Hernandez and Pearson",b9c9817066e7b5db,v1,Financial report six race move according woman.,2026-01-01,oolson,Article school woman single. Level operation high land sing stage.,5
b2747818-a744-47df-88a9-0980245847ab,Smart And,Welcome to Smart And! This is the ultimate Productivity solution. Up ahead manager idea under last reveal ahead.,Productivity,6.6,2.3,False,17.82,USD,True,9b4a153a-6179-4985-93c4-a5ff2249759a,Melissa Bryant,greggjenkins@white-edwards.net,"Vargas, Nolan and Barron",13429a437471b27e,v5,Exactly give road suddenly.,2026-01-14,sara76,Discuss while condition thank bill. Time myself indeed individual. Education weight look tree.,5
a0ce8290-4612-4466-9076-b2505310c619,Penny Kelly,Welcome to Penny Kelly! This is the ultimate Finance solution. Them machine administration police when. Manage while difference.,Finance,11.4,3.1,True,0.0,,True,906443b8-ad2c-40af-a576-57e6133e778f,Tyler Gregory,carlymacias@hernandez.biz,Anthony-Steele,5b60ffa926169da0,v1,Door together station order moment while performance.,2026-02-28,qwalton,Then similar my few herself kind. Kid example threat town. Action official back loss.,1
c4d12fb0-5f77-4780-a392-3e814f1c622e,Thistle Guide,Welcome to Thistle Guide! This is the ultimate Education solution. Present expect shoulder full quickly walk morning. Both add wait ground ball.,Education,9.5,3.7,True,0.0,,True,c6d56e78-b901-4741-ac01-db4bdd877772,James Becker,cmatthews@walker.com,Perez-Brooks,ab8e26b5d6200d99,v2,Medical hard student show standard.,2026-03-10,jason09,Issue themselves research. Own call piece. Like laugh him measure.,4
efe37d47-01d7-40de-9b79-b39336e3f3fe,Alvarado Helper,Welcome to Alvarado Helper! This is the ultimate Education solution. Could figure political identify production.,Education,12.4,2.8,True,0.0,,True,cb483719-8b7d-4e88-b9e2-36f36d4a8ec5,Michael Davis,andersonjoseph@bennett.biz,Wood-Jones,640465cb703dcfb1,v5,Guess charge dog set.,2026-01-19,bgriffith,Six coach tonight agent. Require professional leave show economy great.,3
0a1889a2-8c6f-487d-8d91-135b372ce3e9,Safe Successful,Welcome to Safe Successful! This is the ultimate Finance solution. Might identify party town. Three fall everybody budget reason finally.,Finance,2.7,4.0,False,36.95,USD,False,c47159b6-7a1d-457b-a7a5-2d7b48d81986,Melissa Rios,joseph31@meyers.com,Beasley-Berg,a4c85e8bb17a87ec,v2,Old fear defense medical bed.,2026-01-28,brenda55,Must over next. Finally response though bar amount high per. Indeed left already arrive.,4
88a0b670-979d-443c-94e5-88d01b402cfc,Seagreen Flow,Welcome to Seagreen Flow! This is the ultimate Productivity solution. Peace dog change half meeting. List never major compare.,Productivity,12.9,1.4,False,23.95,USD,False,a741bf0c-d122-4b9a-9a9b-3c0e12da3b30,Ashley Hammond,emullins@ross.biz,"Washington, Scott and Mack",3d36f281d374efbc,v4,Why cut effort successful.,2026-01-06,richard21,"Film land section support can. Down guess choose. Goal foreign pattern.
Reach city travel economic.",4
3eb55ee1-e184-4d30-b4e3-10ca6a607826,Ellis Cash,Welcome to Ellis Cash! This is the ultimate Finance solution. West cost actually heavy we surface ok huge.,Finance,9.6,3.9,False,25.37,USD,False,7cdc8e63-0cba-4f35-a976-33da3ad31328,Summer Frederick,qbenitez@ramos.com,"Williams, Thornton and Robinson",53044f2e72d5cb94,v5,Cut wonder partner might.,2026-01-29,hwilliams,Certainly bank easy investment exist something. Foot also sea what record mention board.,5
31e69110-32b3-46f3-bb57-b7d72d4771c6,Epic Saga,Welcome to Epic Saga! This is the ultimate Games solution. Occur sound cell relationship soon wonder why.,Games,7.7,3.5,False,9.74,USD,False,f8fcca73-1cd6-4c61-9bb1-c772fcf90ca6,Roberto Farrell,dennissandra@greene.com,Brown-Pratt,aa562e2ac2c8b49a,v1,Business answer protect no.,2026-01-23,schase,Brother now its thousand. Soldier war that present central.,5
7b20c715-3601-4ec7-8853-0430cfd6dc58,Powell Editor,Welcome to Powell Editor! This is the ultimate Productivity solution. Yard film product full.,Productivity,4.8,3.9,True,0.0,,False,5e08b5e4-d635-4294-9a52-3241520fefa6,Brittany Castillo,kathleen07@tate.com,Henry-Gould,0a5710b5e06524ac,v2,Series soon write politics general director.,2026-01-22,webergail,Son leave girl feeling. Property away similar past. Concern time entire go.,5
af7e2c09-9fc3-4a9c-a4a2-6f80dc671515,Skill Guide,Welcome to Skill Guide! This is the ultimate Education solution. Answer strategy you act public.,Education,11.3,1.6,True,0.0,,False,f3abd724-0040-436d-a404-866fe4e4ceb6,Kerry Ellis,anthony56@king.com,"Miller, Lopez and Moore",8ca1aa7219a215e4,v2,Themselves fact box.,2026-02-02,jwright,Board order attention. Clear water hear available. Them north charge plan west minute.,3
2cafd175-a21f-4bff-85fa-cb60e68b76a6,Gold Pay,Welcome to Gold Pay! This is the ultimate Finance solution. Lawyer risk indeed hear least allow officer. Ready imagine sort race.,Finance,5.6,2.8,False,42.68,USD,True,e7029078-5ae3-4bbb-ad6a-61d22873275f,Mrs. Kim Price,tatepeter@hernandez.com,Rodriguez and Sons,e3510cc49d6cfe0a,v3,Word especially American machine small.,2026-02-19,michelecunningham,Front window contain we. Like reduce scene hair single black car. Price item certain energy.,1
cd5fc2db-6b35-46b4-924d-eb813c89f367,Master Jonathan,Welcome to Master Jonathan! This is the ultimate Education solution. Recently music stand claim. Between dinner describe economic administration whose player develop.,Education,3.5,3.8,True,0.0,,False,23d22d71-3602-48a1-a3c1-6ba33c49ee41,John Barrera,wwest@smith-pham.biz,Elliott-Lopez,c127ac7b9f61664d,v2,Anything address personal organization already some.,2026-02-28,kurt59,Within step around east choice finally. Should yourself lot.,4
361b597b-fe30-4452-a509-63f7f3e03cdd,Deepskyblue Me,Welcome to Deepskyblue Me! This is the ultimate Social solution. Wish month Mr analysis structure weight already. Full understand focus action positive.,Social,2.2,2.8,True,0.0,,True,948679a5-e799-44b2-bda5-a78a4a3ab6a6,Haley Hartman,hharrison@lester.com,Brown PLC,08a9cfa9caff729e,v3,Billion success read series wind.,2026-02-21,fhenry,Expert yes successful join spring subject year. Game always young affect another.,3
9a2b1938-5f03-437e-863e-ff6358ded79e,Mega Night,Welcome to Mega Night! This is the ultimate Games solution. Hope trial benefit job indicate organization great new.,Games,12.4,1.7,True,0.0,,False,aadf3eae-0bda-4129-aeec-62576c1d7715,Cynthia Scott,gonzalezbryan@parks.org,"Clark, Hansen and Ramirez",77d116d065a03db8,v5,Option book morning week technology although new.,2026-02-23,williamskathleen,Not take kid manage. Plan camera allow if enough quite piece every.,2
a69b58a1-be06-479b-88ce-d0d837cf125f,Moccasin Manager,Welcome to Moccasin Manager! This is the ultimate Productivity solution. Happy window involve recent system position rate authority. Certainly already offer win language leg season.,Productivity,1.5,1.0,False,27.79,USD,True,e0085954-3b70-4893-942f-7e72c300935c,Brian Todd,mark54@morrison.org,Burns LLC,3c5375ee8df3b62a,v3,Early somebody check total modern any notice page.,2026-02-13,patricia40,Also practice south down participant.,5
babf4d77-2888-4282-a93c-6cc923671b77,Midnightblue Course,Welcome to Midnightblue Course! This is the ultimate Education solution. Yeah check build local agreement.,Education,12.4,1.6,False,23.77,USD,True,a791d54e-3388-4363-a082-91ba1992debb,John Matthews,heather32@davidson.com,Reid and Sons,2536243f0c5d365e,v1,Wife level huge find current time take newspaper.,2026-01-19,austinvillanueva,Still force ball leave fact air yard country. Effect just use standard mention outside society.,4
f9e6b4c0-fc42-4191-9827-9552aecd455f,Thomas World,Welcome to Thomas World! This is the ultimate Games solution. Put expect up item campaign each.,Games,8.0,4.3,False,6.53,USD,True,fdc6b43e-7dc8-45a4-8ccf-204035b32e36,Paul James,albertlam@anderson.com,"Keller, Barnett and Kelly",273b8826261fabd0,v1,Whom check instead number report here all.,2026-02-02,cjohnson,Order or month attention through again most material. Campaign word your receive above.,1
62f4a348-feb6-454d-9ae1-1ab20af65f30,Black Helper,Welcome to Black Helper! This is the ultimate Tools solution. Class give image. Performance board name speak.,Tools,3.4,3.7,True,0.0,,True,67735060-d116-4522-a6e7-0dc383f7ea51,Bethany Spence,morrisalyssa@henry.com,Hubbard-Ramos,43c9cbd7cd7aa9a9,v4,Example listen marriage.,2026-03-14,roberthoward,Wait without much treat rule everybody. Degree military coach.,2
1b540c44-9df5-40a0-83b2-fd397b45f761,Candy Robert,Welcome to Candy Robert! This is the ultimate Games solution. While drop away wait feeling indicate next.,Games,10.0,1.4,False,32.36,USD,True,eac3d185-42d7-454a-bfa6-7069a55ceae0,Anthony Jensen,xbruce@reynolds.com,Lane-Kaiser,2e9f908245afc470,v2,American item trade senior I source.,2026-01-26,zhenson,Arm event teacher price team western personal. Move easy head operation. Good political no.,3
6b83384a-d1a0-4e9b-a1ea-92c541c4e27d,Chat Me,Welcome to Chat Me! This is the ultimate Social solution. Imagine TV lose reduce clearly others particularly. Organization among north resource impact create find.,Social,3.7,1.1,True,0.0,,True,32ab36fc-6d88-402c-8e24-48e9d1cc1efc,Jennifer Peterson,swilliams@martinez.com,"Henry, Perkins and Alvarez",0e6ab7f0c82d1a7a,v1,Ball car animal.,2026-02-24,johnreyes,Material oil score around. Hand even clear card.,3
ac653e98-2fb4-46c6-afcb-2fa42af5d5a6,Mediumvioletred Cash,Welcome to Mediumvioletred Cash! This is the ultimate Finance solution. Create example gas accept course apply.,Finance,1.1,4.3,True,0.0,,True,2d8adec7-ff4a-4441-b952-0392603de221,Megan Harrell,taylorrenee@steele.net,"Hogan, Murphy and Higgins",78292761f30b0f22,v5,Weight teacher question executive hundred music box follow.,2026-02-16,johnsoneduardo,Even security too whatever sign. Say it law rule whether.,2
a3056cc1-2e47-4f74-bc8b-cbec24c179d8,Estrada Vault,Welcome to Estrada Vault! This is the ultimate Finance solution. Guy serious student per cost toward. Decide sometimes plant reduce significant least plan which.,Finance,10.1,3.8,False,14.51,USD,False,64c1ee8e-663b-466c-b996-a92a46724749,Teresa Miller,rachel53@whitehead.info,"Howard, Garcia and Mcfarland",49d836317a336b0d,v3,Others also black carry require step west which.,2026-03-14,greenrachel,Keep firm protect series design respond effort really. Shake forget somebody herself.,5
3f3ff99f-50cf-4e25-b173-7f2f5384951f,Johnson Boost,Welcome to Johnson Boost! This is the ultimate Tools solution. Main nothing method writer really heavy season interview.,Tools,10.4,1.3,False,37.35,USD,False,4873661c-584d-4497-9ce6-7d101d5a7634,Cynthia Davis,pandrade@floyd.info,Perez-Weiss,e63a14e9421a64ef,v1,Economic into approach reach attention seek page general.,2026-01-22,rachelmontes,Democrat sit foot tonight treat check. End break firm. Red none inside animal magazine.,2
00ea7ea9-0fd1-44a6-b3fe-2530297a05dd,Smart Long,Welcome to Smart Long! This is the ultimate Productivity solution. Sound material majority game fast class draw.,Productivity,6.1,1.5,True,0.0,,True,6466c1f6-fe82-48a6-bedf-fbf853c11216,Lawrence Henson,reyesdaniel@smith.info,"Reyes, Ruiz and Velasquez",080f874cf9edcfd6,v4,Bank situation must state letter.,2026-02-02,theresapatterson,Body several see personal shoulder deep risk Mr.,3
03bd3d1c-9887-4a7e-8306-f99fa7f577d1,Master Garrett,Welcome to Master Garrett! This is the ultimate Education solution. Between training material front ground easy serve.,Education,7.5,4.2,False,40.55,USD,False,a930f772-97e9-43c2-b2ce-a84591277fe7,Kathy Warner,jordandonna@rowland.com,Gomez-Byrd,11cd99a84acf790a,v5,Single interest late suggest difficult.,2026-02-19,robertthomas,Design practice establish expert identify. Painting help off like accept run theory.,4
6f011bf7-5ab5-4f8e-8022-b126cf1514d4,Power Laugh,Welcome to Power Laugh! This is the ultimate Tools solution. Within consider officer accept sea parent. Particularly Congress should measure different help.,Tools,8.7,1.3,True,0.0,,False,0bc894d4-595b-43ed-a315-276cb56d5909,Alexander Lewis,jimenezsean@lester.net,Hunt Group,304c52124b83783f,v3,Upon serious approach window enough.,2026-02-28,kathryn77,However often big dark. Purpose various protect side trial health.,2
5cb1ed29-94fd-45fb-8888-14226b948ec6,Lingua Often,Welcome to Lingua Often! This is the ultimate Education solution. Attorney strategy seven few seek movie perform. Bank later tree book.,Education,10.3,4.8,True,0.0,,True,2ccede4f-6253-402d-9fb6-d21257a90020,Thomas Wagner,johnsmith@roberts.com,Gonzales Inc,c8c353f0a846e94e,v5,Item yard street.,2026-01-23,paige95,Similar practice clearly employee dream. For anything individual.,4
a361612c-0e1d-43e9-b05b-165b26fd61b2,Lightskyblue Guard,Welcome to Lightskyblue Guard! This is the ultimate Tools solution. Either plant serious Democrat without.,Tools,7.5,1.1,False,32.88,USD,True,3d1bef71-1aed-4643-a256-a34c08ab4695,Joshua King,jonathan24@cortez.org,Williams LLC,9835dfc1d98b9790,v2,Blood rock term speak network my.,2026-01-19,xoconnor,Man art military know ability. Young three agency already another check then.,2
cf869359-bb62-4dd8-a51e-f60dafc14d0f,Talk Space,Welcome to Talk Space! This is the ultimate Social solution. Factor oil degree history eat.,Social,2.2,3.1,True,0.0,,True,d28596bd-04d8-4c5d-a16b-32a79284006f,Thomas Edwards,ronnie29@jackson-ochoa.biz,Juarez and Sons,9f30906e55e0464f,v4,People I close show office property.,2026-03-08,reedmatthew,Glass prepare individual turn whom who threat. Car fact then beat east small pick.,4
04cc1f22-6524-4621-bef8-e3efbaa66ddb,Ultra Do,Welcome to Ultra Do! This is the ultimate Productivity solution. Bring have stay nature every property.,Productivity,2.0,4.0,False,31.08,USD,False,b56f33f2-477e-4466-b5fb-7093d63adb21,Joel Davis,harpermatthew@everett.com,Moreno PLC,22fb1dc26406cc55,v2,Whose west set.,2026-01-15,jennifer63,Say result term officer open. Figure short wait me.,4
50fab672-3e2c-457c-9821-1c7bcd4d5af8,Connect Mary,Welcome to Connect Mary! This is the ultimate Social solution. Run really investment care from college experience. Compare maybe left trial style.,Social,7.9,1.7,True,0.0,,True,9a0eef9d-ed7a-49a4-89bd-21e204ee66f8,Nancy Brandt,henrydeanna@reed.org,Fleming Group,458889179bde13b2,v2,Even hospital grow.,2026-01-19,amy91,Real think bed leg my mission throw. Teach allow thank them various able history.,5
59f30168-7f62-4e00-a9ab-b9c863fbe130,Guard Expert,Welcome to Guard Expert! This is the ultimate Tools solution. Father machine law better up stop.,Tools,2.0,4.7,False,27.64,USD,False,d653dcd4-971c-426a-8b73-5ef42f4185bd,Melanie Reyes,juliejohnson@warren.net,"Bryant, Li and Mcdaniel",7b55a982b7b96581,v1,Boy son summer deal.,2026-01-04,bjohnson,All why development choice campaign relationship open cost. Way gas truth trouble know home fall.,4
13eb762e-6010-4849-bc5c-80120ec89e86,Safe Statement,Welcome to Safe Statement! This is the ultimate Finance solution. Message agent decide region service that ten. There require security focus guess fly partner.,Finance,9.7,1.2,False,37.11,USD,False,c2e6f262-545c-4afe-a50f-fa2a31f47f53,Abigail Burke DDS,stacyhughes@walker.com,"Walker, Johnson and Tucker",8d605e4022220403,v3,Let try green.,2026-01-31,cjennings,Certainly carry since include. Look leader chance size finally physical religious.,2
eebc2936-7119-459a-a030-75ac8f32a5aa,Ultra Sheena,Welcome to Ultra Sheena! This is the ultimate Productivity solution. Total through list claim national network range.,Productivity,3.6,3.7,True,0.0,,True,99e2cab0-5630-44fe-90a2-6f9f1407f769,Gary Trevino,hfrancis@burke-reed.com,"Howard, Clark and Gomez",d9b6323d6d892b51,v3,Event none station claim image sing best left.,2026-02-11,ywhite,Dream plant suddenly. Grow truth evening prove country nation.,5
16b5c58f-4fbb-44c6-a520-4661421f1a28,Mediumaquamarine Finance,Welcome to Mediumaquamarine Finance! This is the ultimate Finance solution. On carry almost light. Important position nothing conference save value perhaps high.,Finance,2.6,5.0,False,21.94,USD,True,d4e23444-6175-4821-b0bd-6c2a4ef41523,Gregory Shelton,laurenhicks@phillips.com,Garcia-Golden,f8e3d3d2a43c5877,v2,Where let work firm away together.,2026-03-05,jortiz,Box note impact white thing. He sport happy with. Party I yeah piece lot civil.,1
576baade-7857-4ca9-b8b4-d7449846c35c,Master Course,Welcome to Master Course! This is the ultimate Education solution. Music country owner surface race crime. Cell director conference could maybe next will.,Education,6.9,1.7,True,0.0,,False,7202257e-0f4e-498b-8856-2ff5cc546772,Nicole Turner,hendersonthomas@soto.net,"Allen, Lopez and Thompson",5ddea55c968f0c14,v5,Perhaps it just population.,2026-02-01,craymond,For enter fly who break. Off compare type girl place sister.,5
ec38fc8c-4591-429c-89d9-4467e15f9e65,Hamilton Tool,Welcome to Hamilton Tool! This is the ultimate Tools solution. Why whose entire difference speak at such find. Nation wear thousand democratic.,Tools,4.9,4.5,False,46.78,USD,True,78690db0-a0cd-4182-ba9c-0a37942f64e4,Victoria Fuller,cruzrobert@harris.com,"Spencer, Thomas and Morales",9023838d30eb8b48,v2,Plan expect like cut fish.,2026-02-06,tomgreene,Congress drug baby network name. Feel area shake fund. Water idea statement take research really.,2
cffd5a49-97b3-49f0-8fbb-49ea48c997ab,Simple Eric,Welcome to Simple Eric! This is the ultimate Productivity solution. Worker live weight garden. Month themselves find Democrat some.,Productivity,11.1,4.0,False,20.03,USD,True,edefbf92-cfdd-4006-b034-6519ad849ee6,Alexandra Lee,djohnson@richards.net,Shah PLC,48d0e278f7b954bf,v5,Away under interesting power occur effect.,2026-01-18,iharrington,After few step husband all recognize. Allow couple executive determine look. Citizen me political.,1
9577607b-9b50-413b-8d6d-68552094aad5,Maroon Tutor,Welcome to Maroon Tutor! This is the ultimate Education solution. Bag change order kitchen. Must performance threat return those dream.,Education,10.9,1.6,True,0.0,,False,356c49c4-4b52-4add-b32c-b31450519aab,Jerry Johnston,nicholas37@mckinney.org,Johnson LLC,e9b2c0b136a6e103,v4,Role word travel anything old speech.,2026-01-17,heatherwalker,"Smile seat really.
Born wrong police reach first relate. Worry discussion attack letter.",2
fecbefc3-f0c7-4da0-8098-97b4b7db8b45,Talk Space,Welcome to Talk Space! This is the ultimate Social solution. Industry owner he high. Fly join management security her build ball manager.,Social,4.1,1.9,True,0.0,,False,d733b466-380a-4e3f-ba18-8b69463465bd,Cody Gibson,kylie31@simmons.org,"Jones, Hall and Horton",bd6eeeb6db5d65c6,v3,Sea how quite police.,2026-02-18,fcordova,Gun order relate hit. Turn national trip. Likely little sometimes view.,5
6fa48c59-c9e5-4b78-80ed-8c1ef9166be7,Brain Certainly,Welcome to Brain Certainly! This is the ultimate Education solution. Collection radio even good fill.,Education,2.0,4.1,True,0.0,,True,f6302b16-98a7-43ba-b680-f1800c15369a,Eric Wang,leonardmorris@mendez.biz,Ellis Ltd,c45a66304812b006,v1,Then behavior buy scientist accept.,2026-01-10,christina97,Late current minute while recognize. Good foreign example.,2
9b80e5eb-b927-47e3-aacc-966624bd1919,Simple Scientist,Welcome to Simple Scientist! This is the ultimate Productivity solution. Right simple stand enough include name official. Our nearly in keep.,Productivity,8.9,3.8,True,0.0,,True,db1a9360-9f3b-4d2a-8606-71b5224c6bb1,Martin Floyd,frazierchristopher@christian.info,Santiago-Roberts,b8fb69924578c412,v3,Who end control both probably under run.,2026-01-17,gwilliams,Hear research century team anything deal whose.,5
96a6d680-a9be-43cc-ad9f-be43f1334f8b,Gold Saver,Welcome to Gold Saver! This is the ultimate Finance solution. Future magazine far thank end.,Finance,5.9,1.9,True,0.0,,True,6f5abe43-2f73-414c-9830-db81c7e1036e,Willie Taylor,howellscott@flores.biz,"Merritt, Perez and Jones",5eaa235a75eb5e37,v5,Get year various.,2026-01-04,llara,Behavior single field develop personal. Forward but daughter large pattern research.,4
d0671f64-b5a4-4539-91bd-91758d77093b,Circle Vote,Welcome to Circle Vote! This is the ultimate Social solution. Billion form apply why.,Social,12.3,1.6,False,24.34,USD,True,488556d6-e01a-47c6-bb23-a3aec60a390f,Shawn Morris,ryan42@knight-wallace.info,"Dean, Harris and Mccoy",a42efb0d7f46d880,v3,Budget hand military individual could role anything money.,2026-03-04,stephen04,Sign nature economic instead choose.,1
dd08082a-dbf7-404c-bc53-4b1ab28ee7f1,Turbo How,Welcome to Turbo How! This is the ultimate Tools solution. Before property low sing peace travel.,Tools,4.9,4.6,False,17.5,USD,True,77794630-c285-41ef-8133-e4c14a225652,Alan Lawrence,nancy45@friedman.com,"Owens, Parker and Jenkins",d02c10eeddbf7afd,v1,Wish policy store land book national.,2026-01-04,vickijones,Act discuss ask reveal cut cold.,1
0d32612d-990d-426a-84c6-56c002cc9998,Palevioletred App,Welcome to Palevioletred App! This is the ultimate Tools solution. Measure light low boy serious might. Measure local in similar study off first future.,Tools,7.4,1.6,True,0.0,,True,0a58eef8-ad0f-47be-b2f2-e1a261cbe9e0,Stephanie Mclaughlin,jasmine21@montoya-lozano.org,"Mitchell, Garcia and Martin",270d025609b7d303,v1,Shoulder season mind most floor.,2026-02-12,jamesyoung,Actually will reveal four material get. Message year film fight shoulder type.,1
1bfa9b33-4845-496c-a535-7c53d45ee8f3,Daily Option,Welcome to Daily Option! This is the ultimate Productivity solution. All project read natural pick. A idea threat during bad record.,Productivity,5.8,1.8,False,47.36,USD,False,98b81ef8-13e9-4f46-8d18-2ebf2d39512b,Charles Johnson,hnewman@rodgers.com,Cole Group,79a05f1c1125964c,v5,Carry personal court where.,2026-01-05,harrisholly,Black pay own. Spring drug rock American sell material kid.,1
e7d0bbaf-3e25-4ad3-9e80-96a922dd09ab,Quiz Helper,Welcome to Quiz Helper! This is the ultimate Education solution. Send culture off already ability fly.,Education,12.1,3.1,True,0.0,,False,5c3e8bcd-0f13-4169-a64c-0ba754d46d6d,Chelsea Dennis,robertsdiane@braun-palmer.org,Smith-Patrick,029506416e276302,v5,Item young rule really.,2026-01-11,adkinsbonnie,Alone share civil I baby although. Point its stuff late bring. Quickly more everybody more out.,4
6d5e1883-8823-4d99-817e-3ad0fe7e5bbd,Gray Flow,Welcome to Gray Flow! This is the ultimate Productivity solution. Item front the since term authority. Song expect much me.,Productivity,6.1,1.2,True,0.0,,True,42986aba-1b04-485e-887b-96c94c2b9d5f,Nancy Sanchez,sandra23@brown-castro.net,Adams-Coleman,ff7d48cd8475ca93,v3,Avoid risk eye education bad many somebody.,2026-02-17,opayne,Along ground thank father citizen feel. Box term increase health trip center two.,4
9382dc2a-29c5-443c-ae90-0372c41dd800,Gardner Pro,Welcome to Gardner Pro! This is the ultimate Tools solution. Task network time soldier growth into.,Tools,10.1,4.5,False,5.1,USD,True,b462c391-4212-4209-a891-f136d9386b88,Scott Herrera,tfreeman@luna-woods.biz,Wilson Group,5ab6c009b3abdb0e,v2,Our author foot age.,2026-02-22,john24,Above edge certainly start anyone military sure very. Seat become manager risk.,2
33ca262a-73bf-4e52-b315-a93d580c4616,Legend of Battle,Welcome to Legend of Battle! This is the ultimate Games solution. Lead movement recently. Finish sit very remember per man.,Games,7.7,2.5,False,38.37,USD,True,811856cb-ad24-4796-874d-afe3d874e6d5,Amy Mcneil,msanchez@miller.com,"Barnes, Diaz and Johnson",7a78750a8b7b1c7b,v5,Process according truth security continue treat.,2026-02-16,icontreras,Also wear bring war. Yet question everyone bring understand huge letter.,3
4409de3d-838d-4af6-a8cb-871626f88cb3,Rice Task,Welcome to Rice Task! This is the ultimate Productivity solution. Gas economic without democratic summer Mrs.,Productivity,10.2,2.8,True,0.0,,True,7ba282f1-50a0-4b8b-93a2-2cd86a55416e,Elizabeth Bass,pgibbs@bond.com,Shaw and Sons,fb358c193e233314,v2,Administration television southern usually professional.,2026-02-10,tylerpark,Weight hand white artist industry skill born. Chair mouth line maybe risk.,4
1949f039-5f5c-41d5-b185-67971b93acd0,Tax Reach,Welcome to Tax Reach! This is the ultimate Finance solution. Old south near structure.,Finance,11.4,1.6,False,20.72,USD,False,308eb2e0-0473-42f8-babd-4f5b17948f42,Vincent Glass MD,rmullins@schultz.com,Fletcher Inc,e71602c91a499d5c,v3,Any place health chair.,2026-02-05,blakevincent,Office while compare test middle world paper. Color before ever really.,4
74ee5f3b-6b16-4fb5-9a13-e20b40425000,Crypto Vault,Welcome to Crypto Vault! This is the ultimate Finance solution. Couple recent new discuss difficult more. Those along vote can six magazine size.,Finance,9.8,3.0,False,35.1,USD,True,7d40dad9-f6a3-46b1-8bc0-567cd6c0adca,Abigail Sutton,melissasimon@fischer-griffith.com,Ramos-Flowers,d2a4b2441065a751,v4,Spend become minute worry accept.,2026-01-11,hstrong,Responsibility order easy about. Everything mention issue degree.,5
c03e9936-ebbd-4965-a173-b29d9a624126,Ivory Organizer,Welcome to Ivory Organizer! This is the ultimate Productivity solution. Catch recent high where instead participant agency.,Productivity,7.2,3.0,False,13.66,USD,True,a16d22de-f2c6-4ce0-9e8a-ce91e8e3712b,Claire Scott,victor73@chang.info,"Haas, Pearson and Sullivan",d1ea1902a30c7555,v5,Red fear whom college call writer forget.,2026-02-12,joshua45,Simple push member product job here.,4
e4e9fa1a-62df-4e51-9830-fe800d1b39af,Smart Service,Welcome to Smart Service! This is the ultimate Productivity solution. Special worry or middle only. Cell task successful card opportunity listen very drug.,Productivity,12.3,1.7,True,0.0,,False,6174ab0f-ed54-4fe0-acf0-ae8ab69e2348,Shawna Douglas,nathan96@atkins.biz,"Pruitt, Gates and Mccormick",2e5664de02fa244c,v1,Must too man score pass leave none.,2026-02-13,xlopez,Poor option impact collection. Long have art charge drive policy real Mr.,5
ea280f92-5e81-464b-912c-6b5a681b4a1a,Easy Editor,Welcome to Easy Editor! This is the ultimate Productivity solution. Resource station guy lawyer. Require capital act against house during.,Productivity,8.3,3.5,False,9.29,USD,False,f8ef623c-00e1-469a-8dd0-11738436517a,Jessica Rivas,juanwilson@anderson.com,Perkins and Sons,d847b05b8ded39f1,v5,Area option administration even.,2026-01-05,ryanfuentes,Image poor time quite.,5
9188a91f-d841-4d62-a27a-a42f45f0cea1,Lewis Vault,Welcome to Lewis Vault! This is the ultimate Finance solution. Hot system provide offer available thing.,Finance,3.0,2.3,True,0.0,,False,768fe348-ea09-488d-957a-8838b74b993a,Nicholas Miller,rebeccaarroyo@miles-calhoun.biz,"Levy, Reed and Parker",464b21024f32f355,v5,Song community travel chance land situation easy.,2026-01-21,billy42,Until team southern college anyone animal. Which where reach central man story.,1
c6ba0f99-1884-43c1-82ea-dd82f876bd0a,Olive Organizer,Welcome to Olive Organizer! This is the ultimate Productivity solution. Most energy hold race discuss commercial.,Productivity,11.8,2.2,False,46.71,USD,True,531cb369-bd9a-4706-8875-7e64241f0556,Mary Navarro,pdavis@abbott.net,Ingram-Pitts,693281ef8bcca066,v5,Fill direction she list.,2026-02-17,qreeves,Between employee floor successful evening particular Mrs. Region owner design their.,5
90f7c4d9-f425-4375-aed4-808fa5c783d7,Ward Editor,Welcome to Ward Editor! This is the ultimate Productivity solution. Likely contain administration movement state. Poor hundred deal great special thought.,Productivity,8.3,2.6,True,0.0,,True,e65ea9eb-d217-4413-ae49-48823ce47f11,Mr. Joseph Strickland,trevinokristen@burton.com,Murphy Group,98aac33d326ac8ff,v4,Stage word take whom.,2026-02-16,alicia50,"Where window other deep. Artist sense white.
Both thank happen usually day remember offer.",2
73240123-a2e7-4ec9-8431-aa62abd7a4d8,Mediumblue Utility,Welcome to Mediumblue Utility! This is the ultimate Tools solution. Strong much style believe. Everybody of administration learn begin.,Tools,1.8,2.8,True,0.0,,False,729bc93e-b8a9-4305-ad6c-27396cfa3c67,Kenneth Thomas,nsmith@taylor.com,Davis and Sons,9fb69f689dd36d41,v3,Serious act friend suddenly worry building.,2026-01-03,masondarren,Claim lay sort cold talk sound. Medical for player themselves effort itself turn.,3
7d4aba7f-6c8d-4161-a06f-ccb899192ab8,Tapia Gram,Welcome to Tapia Gram! This is the ultimate Social solution. For as us growth score imagine form describe.,Social,5.0,3.8,False,22.23,USD,True,0cd46c75-9586-4243-9e57-9025b5046b58,Kathleen Reed,amy39@armstrong.com,Castro-Walker,b3e07e8b0d7e0464,v1,Clearly reason on rather change term.,2026-03-01,cordovamatthew,Campaign institution tonight history.,5
71b351d8-7b0e-4f45-8ac4-fa7e239f3d57,Master Lab,Welcome to Master Lab! This is the ultimate Education solution. Break save change community how.,Education,6.3,1.6,False,40.77,USD,True,cab0bf37-b07d-4d36-8161-6c62787f83f6,Christine Massey DDS,joshuaglenn@nelson.org,"Clark, Jackson and Mcgee",820ec6a0ce0f310c,v4,Store indicate increase small necessary look tend southern.,2026-02-15,terriperkins,Partner soon member fire. Partner always stay trial over though food admit.,2
b3cdd840-e511-4836-b448-3fbee5fcdcc9,Vibe Space,Welcome to Vibe Space! This is the ultimate Social solution. World turn agency job agreement but.,Social,2.1,3.9,False,21.53,USD,True,2f62e137-fc78-415e-beb1-43b6c9bc0783,Clayton Alvarez,fadams@alexander.com,"Morgan, Diaz and Nelson",143a10a101ea96dc,v1,Tonight indeed church everything such great call.,2026-02-15,kochjill,Enjoy he offer generation.,3
c7b35d34-2ba9-40d8-83ba-5d31fa5b115d,Friends Role,Welcome to Friends Role! This is the ultimate Social solution. Agree age purpose our single. Billion happen letter standard hold always.,Social,2.7,3.3,False,41.74,USD,False,2413e96d-98d8-4e4d-874d-8182bfdef7e2,Christina Levy,stewartcurtis@avila.com,Smith-Hamilton,fc41e966d3894bd7,v4,Shoulder brother employee safe adult note.,2026-03-12,tina90,Probably case stock return. Sea important officer account do.,2
ba52dadb-58a4-46bb-b13e-ee4f010adccc,Shadow Its,Welcome to Shadow Its! This is the ultimate Games solution. Start size shake common. Though social popular firm.,Games,7.3,3.6,False,33.29,USD,False,f115687f-b45f-46c2-9b3b-dca484627522,Hannah Williams,davidsanders@smith.net,Johnson LLC,357cea325df535c0,v4,Benefit teach area side.,2026-01-17,christophersmith,Him amount enter ground. Ask recently see head choose of wife. Generation item hotel kitchen.,3
950bafbc-308d-4d7f-88b8-28c5e118fdac,Easy Mary,Welcome to Easy Mary! This is the ultimate Productivity solution. Per part since Congress performance. Sell series tough company year discuss determine.,Productivity,1.2,3.9,True,0.0,,True,d513ce0b-98dc-41dd-a773-393f60b11775,Travis Scott,austinamy@gutierrez.com,Brennan LLC,4e70af7a45c6e40c,v1,Seem reflect cost almost government again.,2026-01-25,briandavis,Individual camera brother. Movement set herself.,2
d250e86e-1ab3-4c74-875d-614fc0b76151,Pro Olivia,Welcome to Pro Olivia! This is the ultimate Productivity solution. Officer hour can enjoy too chance.,Productivity,2.8,2.4,True,0.0,,True,89f5c7c9-db01-4e50-84a0-91fd87c5f3a7,Kaitlyn Horne,ltaylor@robinson.com,Scott Group,f286236a09ff8355,v1,Too military after attorney.,2026-01-09,teresa07,Sort energy carry apply resource guy. While identify soon support picture.,4
2917a813-2b98-40af-869a-cc98d7e0d113,Aguilar Saga,Welcome to Aguilar Saga! This is the ultimate Games solution. Under choice forward fear there. Hospital without public cost.,Games,9.9,2.0,True,0.0,,False,0ab7418f-8298-4d46-8c45-a801e73e777e,Darren Parker,waynereed@booth.biz,Santiago LLC,7eb87a5d7dfe4d24,v4,Measure character article remain figure music.,2026-02-04,sydney28,Paper large establish by data. Want election coach simply up.,1
33baced5-8755-4b70-b231-d1b6d921c334,Daily Do,Welcome to Daily Do! This is the ultimate Productivity solution. Watch fire radio yourself election.,Productivity,12.2,3.0,False,20.29,USD,True,e5ff8239-6331-43e7-be48-f6a3a774b319,Regina Webb,grantbrandy@ramos-house.info,Odom Inc,9d041f4476697552,v4,Mission hour minute career billion born most.,2026-02-08,jessica13,Discussion must kind. Let oil production story. Ahead hundred nothing generation common certain.,1
ba668ca0-4862-4487-a426-b5d3cde865b6,Focus Gloria,Welcome to Focus Gloria! This is the ultimate Productivity solution. Part far accept throughout.,Productivity,3.9,3.2,False,36.44,USD,True,7dd38dea-81e4-49ce-ab67-7b946d059066,Marissa Martinez,stephen46@jones-freeman.org,Wade-Brooks,7d0e2281bcebb2dc,v5,Since woman mission upon similar.,2026-01-19,david77,Animal southern yeah you book.,2
b2813b21-4cf8-44da-88ba-baf96da8c251,Learn Deal,Welcome to Learn Deal! This is the ultimate Education solution. Environmental particular tell speech market along attorney effect. Alone let compare mother box listen bed main.,Education,7.1,1.5,True,0.0,,False,4cb6814c-5a1c-4fde-902e-0af153816283,Debra Andersen,sheilabrown@wallace-huang.biz,Weaver-George,97c9b9cced809bd9,v3,Quickly through suddenly send cost.,2026-02-09,perezjanice,Senior purpose own. Tax ask wall agency.,4
b3b29d5f-9bb1-4cef-9840-98b25415f0f4,Power Expert,Welcome to Power Expert! This is the ultimate Tools solution. Edge answer statement approach own particularly.,Tools,9.9,2.2,False,15.92,USD,False,3b0d971a-e2d8-4845-b59b-5538c53af363,David Diaz,hurleymichael@stokes.com,"Simmons, Acosta and White",f4d1adfaa14f88b3,v3,Break stop room happen.,2026-01-22,theresakoch,Tough even still let church environmental. Minute national teacher nothing far bring politics.,1
0f7eec3d-e839-4684-937f-7acc4c996180,Skill Course,Welcome to Skill Course! This is the ultimate Education solution. Notice find catch place.,Education,4.6,4.9,True,0.0,,False,34bf8eda-1ac7-4b94-b7f7-68651343c166,April Norton,dfox@webster.com,"Johnson, Mueller and Buchanan",8334f30ed740de77,v1,Range raise economic seek according.,2026-03-04,michael57,Tough order talk range must. Single collection action form price meet half increase.,2
bfecdc7e-977f-4ab0-958c-b42a4090d059,Rogers Saga,Welcome to Rogers Saga! This is the ultimate Games solution. Minute color like loss.,Games,8.2,3.7,False,33.93,USD,False,4ad581b9-4592-4d7e-98dd-02a005ac4e2b,Douglas Cox,michael07@bryan-flores.com,Lee-Tran,108f9f9781f606b8,v1,Without red experience next party.,2026-01-13,williamskristen,Create treatment fish international require short. Fish wide lead success.,5
cc0dc88c-87e3-4741-a96c-085a52756ded,Lindsey Helper,Welcome to Lindsey Helper! This is the ultimate Education solution. Wish short check cell without agent. Well level yet draw view product.,Education,2.0,1.5,False,32.48,USD,False,48f3fcb2-4c1e-40aa-b316-287f59aebb9c,Charles Decker,robert89@hernandez.biz,"Hodges, Curtis and Hernandez",bb6a2f48ad595189,v5,Image rather poor section.,2026-02-25,mmarshall,Choice century difficult choice her hand opportunity.,4
19c24d39-db5c-4161-b2fb-0c00186d2f67,Safe Bank,Welcome to Safe Bank! This is the ultimate Finance solution. Every western low south character fall wait.,Finance,10.1,4.8,False,17.55,USD,True,5d19f22f-24c1-4275-b4ee-bf7ee08aa651,Jared Andrews,pamela71@robbins.com,"Bell, Gill and Dyer",d43bf08b0ddc45d8,v5,Room somebody court themselves detail source.,2026-01-21,vdeleon,Human guy standard.,5
bceae818-6f01-4e00-b7e3-b75fd64d2264,Cloud David,Welcome to Cloud David! This is the ultimate Productivity solution. The within election change work. Kid choose final factor.,Productivity,12.8,4.1,True,0.0,,False,d9daaa7d-02dc-4b39-8299-14fca53b5964,Jason Jones,kbuck@best-johnson.com,Collins-Thomas,0665fe7ab000069d,v2,Right single its it far mission model.,2026-02-10,derekgarcia,Others fish upon material. Project teacher keep agent follow anyone. Challenge plan bed beautiful.,3
7436f28a-3062-49ae-8dc2-ed5172079c1b,Legend of Battle,Welcome to Legend of Battle! This is the ultimate Games solution. Perform generation letter throw yeah. Positive choice mouth.,Games,1.9,4.9,True,0.0,,False,fe4e387e-3e84-4c38-94e1-f063f84b6266,David Rice,lopezchad@mosley.com,Oconnor-Hill,936fc33bbe17d613,v2,Personal population herself political spring actually.,2026-01-12,kirkbarbara,Would her thank music beautiful form tonight. Control together themselves business class.,1
7c6f71c5-1dcd-4ab4-b7a2-7f6b590077cc,Wagner Track,Welcome to Wagner Track! This is the ultimate Finance solution. Movie spend about professor evening early continue project. Half meeting yes window local glass.,Finance,10.7,4.6,False,15.85,USD,False,e9fb0d27-0bd7-47e2-8576-54e6d6efc5c0,Isaiah Thomas,fdavis@christensen.biz,"Cobb, Mccoy and Martin",eed42abf3b5ea922,v5,Blood far according full company turn campaign.,2026-02-24,dmiller,Same those whose national most hand party. Forget police east one card somebody president military.,5
4beed854-d25d-4624-9354-9023a49c1814,Secure Helper,Welcome to Secure Helper! This is the ultimate Tools solution. College reduce force two cell trip risk.,Tools,11.0,2.2,True,0.0,,True,2a456dd8-c40e-4414-934a-dbd575200411,Donald Valentine,nicholasrichards@white.com,"Benson, Carpenter and Doyle",aaf95bc1b3765793,v1,Five painting class event detail.,2026-02-19,monicajohnson,Wide writer position water democratic. Cover go me get letter whom.,4
6196dbeb-c8a0-4720-a692-17e3d703ecbc,Master Raise,Welcome to Master Raise! This is the ultimate Education solution. Production street democratic stuff onto either. School official whole similar record writer push.,Education,8.7,1.6,True,0.0,,False,c259e2c5-6be7-4469-b1ba-824f07159dbd,Derek Zimmerman,morrisonaustin@miller-miller.com,Williams LLC,20fc8cd0f60fde98,v2,Conference brother box people garden run road.,2026-02-22,deborah93,Movie drug information decision ground country.,2
881f3b23-12f1-445d-8667-e8b91caf4c18,Daily Organizer,Welcome to Daily Organizer! This is the ultimate Productivity solution. Political rise letter deal fast. Argue protect with dog.,Productivity,5.6,2.3,False,37.23,USD,True,5c3edf12-3da2-4253-b634-42256ae71fa9,Jody Schmidt,bbooth@nguyen-wolfe.com,"Larson, Martin and Poole",55d446238008e528,v3,Notice subject dream.,2026-02-03,hatfieldsharon,Send change city property dog lawyer girl.,4
468b455f-65f3-4676-8749-941c402ed2df,Cloud Task,Welcome to Cloud Task! This is the ultimate Productivity solution. Various want sort pass expect care. Player agreement life what act as.,Productivity,9.7,2.6,False,12.26,USD,True,25b6a2a8-f998-465c-96c1-6198d63ea4e4,Connie Yoder,matthewsmith@carter.org,"Cross, Contreras and Thompson",ff504627394ae94b,v2,Recently picture evening I PM nation.,2026-01-17,bgallagher,Beat stage argue these Mr organization. Several treat indicate responsibility.,2
92a19ff7-e1fb-4428-9eaa-7a73bc770fe0,Brain Maria,Welcome to Brain Maria! This is the ultimate Education solution. Several responsibility treatment available buy conference toward.,Education,7.6,4.4,True,0.0,,False,5e0214ae-d175-49dd-b185-94a111812320,Martin Ramos,khodge@mcmahon.com,"Wolfe, Chambers and Robinson",1ae081debb72b880,v3,Leader always too enter difference.,2026-03-01,rollinssean,Easy room often project allow. Painting somebody share standard.,4
a6b88f75-6b51-4b8a-8920-9e6da2e33967,Brown Finance,Welcome to Brown Finance! This is the ultimate Finance solution. Nor return official throughout today. Across politics good although find protect.,Finance,11.2,3.6,True,0.0,,True,6d00606e-0a92-4274-a8b0-84c7bab6dce0,Zachary Hawkins,rgillespie@chandler.com,"Martinez, Perez and Smith",4822d9636c6b09a7,v4,Friend across hotel field side itself personal husband.,2026-03-01,amandaholmes,Per phone learn manage enter. Teach ahead easy. Hundred important spend miss camera fill.,2
7b5d10a2-3bfc-476b-b00b-b3fe9d38a28c,Master Billy,Welcome to Master Billy! This is the ultimate Tools solution. Call exactly likely itself risk production there. Operation owner thing tax image specific policy.,Tools,12.0,1.7,True,0.0,,False,0281ce48-6190-44fb-95c8-73a6d87eab5a,Tina Smith,todd12@moore-anderson.biz,"Johnson, West and Morales",9d9f2d6159aeb8ed,v2,Anything task lot poor music.,2026-01-15,michael13,Girl environmental board so environment somebody discuss. Central parent move anyone likely.,5
e93e6d20-3cbe-4e73-a243-83b0ba805062,Quick Julie,Welcome to Quick Julie! This is the ultimate Productivity solution. Up somebody foot drive.,Productivity,4.8,1.3,True,0.0,,False,e8760a28-331b-4b78-a3da-8d0516eae721,Justin Blair,jessica51@green.com,Ruiz-Davis,0263996b6b7c5eba,v4,Station cultural reason next difference special.,2026-02-05,johnhayden,Another up hospital nature peace these.,3
eb9df796-b5c5-4d2c-afca-37d187e6e4bc,Crimson Coin,Welcome to Crimson Coin! This is the ultimate Finance solution. Last hair improve glass rest bad allow. It bank accept mother after him thing.,Finance,4.3,4.1,True,0.0,,True,6a2fd19c-44ce-44cd-9839-edb438b6e249,Crystal Stone,tami17@fisher.com,"Weaver, Anderson and Ramsey",6344304420d818a4,v4,Realize step but specific that seven alone.,2026-02-24,teresaphillips,Performance only national you.,1
cd42e54f-bf7b-4fc7-944b-3700c2a83cf0,Extreme Fire,Welcome to Extreme Fire! This is the ultimate Games solution. Home amount hospital program. Lawyer billion wear television gas ahead bar fall.,Games,8.1,1.5,True,0.0,,False,f891f500-14df-4d65-8217-2b9dcc0f4285,Gerald Olson,callahankevin@moon.com,"Miller, Edwards and Saunders",77781a67c351961c,v2,Serve population fine foreign.,2026-03-08,josemeadows,Eight city identify reveal. Yourself my range shake across writer though color.,1
b08f66f5-adcd-4a9e-9dcf-c414c24efaf5,Morris Track,Welcome to Morris Track! This is the ultimate Finance solution. Agent enjoy education again compare herself stand. About record five activity where ground.,Finance,6.6,2.7,False,38.56,USD,True,852a7460-59bb-45ce-9c5c-2d1d9dcbfe13,Steven Ross,wlowe@parker-fitzgerald.com,"Torres, Medina and Davenport",ea5a865f3dd942b3,v2,So necessary data war your.,2026-02-26,hernandezshelia,Every concern alone perhaps professional change. Us seat official quickly.,2
f66ba419-a152-42ef-90f6-a21188d7c898,Focus Editor,Welcome to Focus Editor! This is the ultimate Productivity solution. Huge avoid else sure picture. Since such section task pick natural easy.,Productivity,12.7,3.4,False,5.34,USD,True,45d9fbfb-abcc-4784-afe2-77716817be6d,Danielle Wong,smithelizabeth@gonzalez-mann.org,Newman-Hopkins,b01575f9329308f6,v1,Ever several event least purpose.,2026-02-26,amanda08,Few sure manager school.,4
54afd1b3-59d3-41c5-9578-57fec2ee6665,Extreme Ricardo,Welcome to Extreme Ricardo! This is the ultimate Games solution. Because money pay. Cup yard so operation.,Games,9.5,2.7,False,7.9,USD,True,0c215aeb-6978-4c78-aef6-e6ab076eab3a,Stephanie Fowler DVM,cabreragregory@cain-hamilton.biz,Miller-Hansen,e56699910b3cac64,v1,Current along relationship wall pass similar theory.,2026-02-13,ashleyfreeman,Individual member read of. Live respond current whom fight arm tend.,2
369e91cc-757b-4efc-bc8f-8f0b036bac03,Lingua Source,Welcome to Lingua Source! This is the ultimate Education solution. Seek understand soon food truth it claim.,Education,12.2,4.1,False,1.0,USD,False,ea3e44fa-fd2c-4195-ac5b-cccbeb36d99a,Mario Cox,patricia24@gonzales.com,Adams-Wilson,875d4af189386c63,v5,Policy check century leave camera pass let.,2026-02-15,martinjasmine,Attention analysis pattern very head. Situation meet so century decade.,1
b59cca0e-a11b-496d-ba78-b84069582109,Power Expert,Welcome to Power Expert! This is the ultimate Tools solution. Mission practice to include.,Tools,4.2,1.2,True,0.0,,False,4526f90c-3b4d-4a29-b9b1-140558a5aa8a,Ellen Washington,brett81@sanders-rios.biz,"Gray, Ramirez and Stone",b9b2a33a121b7ce8,v5,Share begin charge throughout win financial.,2026-01-20,robinsondavid,Matter democratic every model give shake. Not point plant everything.,3
93dcfa28-a792-4661-bcb5-922d942322f1,Chat Me,Welcome to Chat Me! This is the ultimate Social solution. Lose heart could.,Social,4.6,1.0,True,0.0,,False,c1e35435-ca44-4a32-b5ca-61be92a48956,Deanna Simpson,nicole41@shaw.org,West-Haney,afb36b535da54897,v2,Son our bank central top.,2026-02-15,gparks,Indicate site either imagine control project operation. Product easy able young himself fine.,2
0a9fd688-364b-4091-ab67-81fe6fe9a76a,Blue Editor,Welcome to Blue Editor! This is the ultimate Productivity solution. Sport employee company here. Range someone especially particular across character should.,Productivity,8.0,2.4,False,23.53,USD,False,b7ce01e6-b1f7-44fd-83e2-2d889af12ea6,Jessica Martinez,imoran@rhodes.com,Morgan-Carter,41a9509decd96c94,v2,Catch seek fall tough federal claim reach.,2026-01-06,ycollins,Become which wonder front yes discover. Base test however matter probably.,4
e61ad1c0-d3d9-4c9d-8e40-11bc0c00e723,Mintcream Space,Welcome to Mintcream Space! This is the ultimate Social solution. I common bring himself.,Social,9.8,1.4,False,2.51,USD,True,ad59b4ff-b2d3-4a70-babb-ebde0f9201f3,Victoria Delgado,bspencer@frost-allen.com,"Garza, Mcbride and Taylor",4bb07c9a46ce6dc7,v4,Society indicate others senior.,2026-01-07,shaun06,Box memory statement increase. Sit she where red three surface hundred role.,2
884bc983-deef-4e26-b62f-9db228392baf,Penny Cash,Welcome to Penny Cash! This is the ultimate Finance solution. What animal environment or true. Student partner research floor then.,Finance,12.0,1.5,True,0.0,,True,11a7de4f-6720-4a62-bbde-868dd57ef72a,Todd Allen,brendalara@gill-reed.info,Michael-Lowe,b4c1ea2049ded9f8,v3,Positive can lead good likely human yes.,2026-03-06,gomezalice,Pick market hit discover third. Report develop performance test hard light.,4
72dea83c-ef2f-47a6-b13b-cce612dabc12,Connect Conference,Welcome to Connect Conference! This is the ultimate Social solution. Unit stuff dog chance between significant. Research first discussion.,Social,2.9,2.9,True,0.0,,True,df8b0e91-51d9-47c1-b512-af29d81a0d5a,Mr. Nicholas Pearson,cody76@hartman.org,Rodriguez-Suarez,2492dbbecd18b1fe,v1,Try concern support beautiful energy.,2026-01-10,ryanjessica,Wife sit camera relate field. Unit grow receive degree question forward art past.,4
5bc2ee61-f3f5-4594-aaf1-105b408fec93,Aqua Battle,Welcome to Aqua Battle! This is the ultimate Games solution. Movie prepare knowledge music.,Games,3.0,1.9,False,1.78,USD,False,3ce431a2-9ce2-4368-91de-006f31d4da37,Christian Fernandez MD,haynesgabriel@berry.com,Hull-Weaver,ff4fe32ef468014f,v5,Foot avoid house although.,2026-03-04,jamie51,Many it summer degree such. Education after hair cultural cost either.,3
0da5b6a1-73c8-44cb-a698-9c1d0ab34d5a,Pruitt Course,Welcome to Pruitt Course! This is the ultimate Education solution. Bed themselves similar chair.,Education,4.4,4.3,False,32.75,USD,False,ede1773d-a299-41d1-bfb7-63ff7d0239c9,Mary Sweeney,amymartin@lawson.com,"Thomas, Hopkins and Mora",36252cb4d9ea660d,v2,Or experience us evidence country son road seem.,2026-01-14,ericburns,Price full again run. Draw husband machine indicate dream model.,5
15285316-d478-4080-89df-6229274f4b50,Mega Identify,Welcome to Mega Identify! This is the ultimate Games solution. Money book gas say.,Games,11.2,1.4,True,0.0,,False,006e91a3-2e4c-4fd3-beaa-c34ef00171a9,Destiny Fernandez,kelly58@kim.com,"Williams, Alvarado and Cox",52e770de85d3c624,v5,Maybe wind throw effort against build begin.,2026-02-05,pwalker,He determine analysis would government. That charge fund job baby professional about.,2
fb52cfb3-ce70-415d-a102-4f8211c882ec,Tax Pay,Welcome to Tax Pay! This is the ultimate Finance solution. Example science note.,Finance,11.0,2.4,True,0.0,,False,b1b7361a-9eea-429d-9d41-444709625024,Megan Wallace MD,brandoncarter@kirby-huber.com,Jordan LLC,d7e8c0842eae4892,v2,Go full interesting beyond contain.,2026-01-16,blackgregory,Run white evidence. Blood especially director yard everything.,5
ac13660c-2d9c-4c23-ba5c-ed136b4dbe25,Secure Join,Welcome to Secure Join! This is the ultimate Tools solution. Her amount how provide. Beautiful sit third option.,Tools,10.6,1.8,False,17.43,USD,False,82bb123e-f03e-4c61-aed1-8c21d9ec2c9e,Patricia Roberts,parkerteresa@hill.com,Brown Inc,78fb270d81fbd42c,v2,Avoid example table later road.,2026-01-18,christianhale,List probably democratic structure until quality institution. Budget industry so plan.,4
8518a7f2-1118-4da0-859b-1fa35f493d4d,Extreme Craig,Welcome to Extreme Craig! This is the ultimate Games solution. Forget she as whom serve sit beyond explain. Himself inside should yard view yet drug.,Games,1.5,4.4,True,0.0,,False,467ed1a2-0c82-4c72-b7a1-ac1118df42ca,Michael Reid,jacobhowell@rojas-haynes.net,"Smith, Watson and Keller",74a6fb993af56db7,v3,Culture imagine generation special American someone head.,2026-02-18,qwiley,Middle section future door theory friend it catch. Study of then music try.,1
e0a5cb49-4682-4edc-bee2-a28b9c9634b9,Scan Own,Welcome to Scan Own! This is the ultimate Tools solution. Group eye player soldier everyone head life until. Reach cultural on side determine glass partner enjoy.,Tools,7.1,3.4,False,48.19,USD,False,4f44ef51-1e30-463b-b665-39e44d1ae06e,Edward Hayes,rodriguezkaren@weber.com,Wade-Carr,edfddb84d975bbb2,v3,Network edge head stuff though writer.,2026-01-22,ruth24,Often loss couple me hour quality however.,5
a0112afd-bd45-409c-9daf-d967f8d99a99,Gonzales Bank,Welcome to Gonzales Bank! This is the ultimate Finance solution. Study water name director. Without accept heart blood throughout.,Finance,10.8,3.7,False,15.36,USD,True,5abd727e-66e0-49e6-b17c-006d5f951fe3,Katherine Mendoza,obriennicholas@hahn.com,Clark and Sons,2abdc6af96df6911,v5,Name thank car develop describe.,2026-02-06,larry75,Radio prevent speak American try art business each. Throughout sometimes other go paper wonder.,4
4ed46eb8-85af-4873-9077-609bafeee65a,Mccoy Language,Welcome to Mccoy Language! This is the ultimate Education solution. Part charge hour recent different individual article.,Education,12.1,4.8,True,0.0,,False,970d3cd4-946d-4ca4-86f1-f5a66cc06d2e,Brian Hardin,smithchristina@black.com,Hines PLC,d6295240ac011b5c,v1,Together own man very half general task person.,2026-02-24,robert81,"Start wrong relate attention difference writer executive.
Sister air receive could rule.",3
723c876e-011d-4d1b-83be-d16f93f6b848,Budget Joseph,Welcome to Budget Joseph! This is the ultimate Finance solution. Child face member radio catch make. Mission station employee also live serious report.,Finance,4.9,1.0,False,41.5,USD,True,120a7c0b-76a4-4fc6-b8da-9db7cd6811cc,Debra Velasquez,carrie41@henderson.com,Tucker-Thompson,0044fe2a2f961692,v5,Song adult seem challenge can.,2026-02-11,amy41,Available assume our century. Become model fall young. Girl fall second employee.,5
41605d55-2167-411b-a1e0-6d8c39808df3,Mediumvioletred Bank,Welcome to Mediumvioletred Bank! This is the ultimate Finance solution. Social rate because anything tree finish tend.,Finance,12.3,3.8,False,2.27,USD,True,69230904-89d5-4553-83fc-c7bbad0f31a7,Cameron Leach,munozsabrina@hodges.com,"Jimenez, Wilson and Mitchell",f1c106e45660b75b,v1,Reveal cause film fish within sport animal.,2026-01-16,jason87,Thus rather institution would bill some. Almost bed development surface.,2
8d1be9e3-ccf5-40f6-9881-f61a944fc837,Scan Tool,Welcome to Scan Tool! This is the ultimate Tools solution. Wife air in significant quickly move early.,Tools,5.3,1.3,True,0.0,,False,e0676482-6926-49d1-af7b-bdfded580308,Beverly Anderson,alexanderwalters@ibarra.com,Welch-Torres,2b4ae0f1fed0550a,v5,Draw stand than beautiful step smile.,2026-01-08,kimberly98,Knowledge tell buy land rich prove best. Woman parent suffer.,1
0f00c8be-9e65-45fa-a02d-9852767c5897,Ultra Must,Welcome to Ultra Must! This is the ultimate Productivity solution. Sure involve have.,Productivity,8.4,3.4,True,0.0,,False,59d0365d-851e-43a9-a3e1-b12c9efdd14a,Henry Griffin,cartersusan@tyler.com,Wilkerson-Osborne,ee175649980aa784,v4,General Democrat mission likely perhaps.,2026-02-11,leefrank,Marriage dark partner task. Debate risk compare place whatever. Mouth fast must.,2
09e3e435-7af7-4ae6-afb4-3ce9297e2cc1,Moccasin Quest,Welcome to Moccasin Quest! This is the ultimate Games solution. East station election poor.,Games,4.5,4.1,True,0.0,,True,06b9826a-e0d6-4f37-8e17-9a26649ee11c,Steven Stewart,zoelong@boyer-moore.com,"Gray, White and King",33d0162f1af7156e,v2,Hotel industry begin speech simply return.,2026-02-27,parkerjoshua,Scientist system firm citizen later large. Find debate bed I difficult far relate.,3
68cc9890-803b-4337-9135-2a7dc85db5ef,Wallet Troy,Welcome to Wallet Troy! This is the ultimate Finance solution. Call final no chair health likely certainly interview.,Finance,12.2,1.7,True,0.0,,False,e32b4466-b3a9-4cad-b835-4d11b5f0b691,Anthony Pruitt,chadtaylor@taylor.info,Cummings-Nguyen,5e9f93e4b6d4c93e,v2,The pay whole difference.,2026-01-26,llong,Act party public best. Create travel yeah never little involve another.,1
cbbbec46-a3cd-483f-b74a-11ff2089b2a2,Vibe Gram,Welcome to Vibe Gram! This is the ultimate Social solution. Bring or during experience receive. Black TV stuff hand one contain fear.,Social,9.3,4.6,True,0.0,,True,fa31b374-6370-4870-8cca-b3f1eb51585f,Kevin Williams,david66@russell.info,"Richardson, Brown and Sims",eafd0f2b9d7f322f,v2,Into create view oil hand oil whom.,2026-01-21,leeholloway,Cause easy lot test forget degree share.,5
c2575317-616f-44d3-a4f5-87a37e102676,Davies Notes,Welcome to Davies Notes! This is the ultimate Productivity solution. Know here right north recently compare.,Productivity,5.8,2.4,True,0.0,,False,0ff66a51-1437-4937-834b-d59b0629c746,Nancy Joyce,ocole@jones.com,Harrison-Smith,d4c22c13e7810cb4,v2,Section now hold national everyone ground.,2026-03-09,dixonkimberly,Home Democrat source data memory. Development test score religious. Me magazine very trade.,2
a1dbd296-767f-427e-8060-f3c4d1ad6e4d,Crypto Idea,Welcome to Crypto Idea! This is the ultimate Finance solution. Data opportunity drop music carry.,Finance,4.2,3.5,False,30.15,USD,True,d5ef0cc0-a74f-42cf-8272-f8aeee0edd63,Kimberly Williamson,travisspencer@dixon-anderson.com,Fields-Miles,fd00b775ffe0fcd7,v3,Learn since commercial including mouth rest across.,2026-01-05,loganking,That character where yeah listen simple or. With American live who attack.,2
036e6cda-d5ff-4b9f-b4c0-85177e32e3e8,Gold Invest,Welcome to Gold Invest! This is the ultimate Finance solution. Raise change century participant watch its experience. Vote bit part could.,Finance,1.7,2.7,True,0.0,,True,1baaf2c8-d1ae-4144-9b14-637afce75801,Eileen James,englishronald@bautista.org,Thompson-Wallace,5033e2e24b935810,v4,Country fact focus manage husband trouble training dog.,2026-02-04,tsanchez,"Begin responsibility account fall. Issue whose parent Mr offer century.
Difference when field make.",5
1f2a88ff-4d2f-4ca6-a106-02da4b26fea5,Quiz Tutor,Welcome to Quiz Tutor! This is the ultimate Education solution. Find some indicate east participant never. Dream far order by next white include.,Education,9.9,3.7,True,0.0,,False,a95ae576-8ca7-49d1-96d9-a8e04ceb5aba,Cody Baird,michaelmiller@pena.com,Santos Inc,7450073cceb3aa64,v4,Front activity north economy man start push material.,2026-02-22,xacosta,Decision situation position make model who black. Water know start. Production social they.,3
b29dd744-6215-49c3-804e-914d4aef0bf8,Thomas Messenger,Welcome to Thomas Messenger! This is the ultimate Social solution. Film save put scientist everybody strategy.,Social,6.3,4.2,False,35.62,USD,False,94dc233d-2ac5-491b-bcde-2eb4f71f3637,Stephen Skinner,ramseyangela@copeland.com,White Ltd,38313d97293320d4,v1,Eat by movie.,2026-02-21,melissajones,Ball heart woman technology. Hour scientist study. Want ever car to very remain current.,5
3607ce01-65b8-4f65-96a6-f25f99e37694,Extreme Hero,Welcome to Extreme Hero! This is the ultimate Games solution. Protect data city seek dream light into computer. Open experience knowledge page key fast.,Games,10.7,1.1,False,45.72,USD,True,be9145ba-d793-41b9-a658-c803d0df078d,Courtney Bird,joshuachaney@franklin.net,"Garza, Powers and Cooper",4b0c3109ed45edcf,v5,Check expert food less.,2026-03-08,sarahjames,Animal leader win artist final single ago. Security glass person wall customer form.,2
8296dd51-da80-4102-a50b-bcacdaec50c0,Legend of White,Welcome to Legend of White! This is the ultimate Games solution. Eight reach conference. Once late figure really hot moment.,Games,8.4,4.4,False,9.2,USD,True,c3e13711-16da-414e-b597-955d28bbe41f,Donald Daniels,istephenson@moody.com,Johnson-Richards,2f589cb03ad23aa0,v4,Per history popular sometimes consider.,2026-01-08,maddentammy,Yeah traditional who total himself. Red service trouble discuss.,5
6315f6c6-dbe0-4b3a-92fc-9248ed457f5f,Pocket Curtis,Welcome to Pocket Curtis! This is the ultimate Finance solution. All between me will member institution into. Task manager page effect southern serious.,Finance,11.7,5.0,False,29.01,USD,False,7d852254-bd42-48ba-a558-ac23fe00a016,Phillip White,daniel69@russell.com,"Ford, Calderon and Koch",b2b122d9a4579e16,v4,Home best audience air week foot.,2026-02-27,bryan01,Term expert either writer front gas hand. Vote dinner give.,4
16566a87-d504-4c07-b05d-d21f9fb62016,Cleaner App,Welcome to Cleaner App! This is the ultimate Tools solution. Green maintain two soon provide.,Tools,6.4,1.3,False,37.45,USD,False,1d7fe355-14c0-4f4d-be1b-47837c9b936f,Andrew Foster,williamsjoshua@sutton-estrada.info,"Butler, Gonzalez and Lin",a57ae33e4ea52fb4,v1,Offer major couple.,2026-01-20,elizabethweeks,Almost visit mention season order crime. Natural really air fear hundred politics feeling.,4
9702560e-e7dc-46d5-81e5-071ac78b016e,Ivory Network,Welcome to Ivory Network! This is the ultimate Social solution. When when approach enough no. More because leave task design light.,Social,6.6,2.9,True,0.0,,False,2e3fbbfc-a3e1-4059-9142-c60a48666736,Krista Patel,jacquelinemason@fritz-harris.com,Martin-Brown,f966124511dc9679,v2,Eat perform fact feeling.,2026-01-31,ramirezbrett,"Quickly occur guess first which himself.
Writer sort show well.",2
c6f72dca-13ee-46f7-9f65-909bbe2f71ff,Friends Messenger,Welcome to Friends Messenger! This is the ultimate Social solution. Answer letter decision yourself especially together.,Social,12.8,1.2,True,0.0,,True,b743a5af-369c-48fd-a47c-28e3c5b38f8e,John Anderson,zhays@cook.com,"Mendoza, Wells and Carter",986c13ab6fc85ef9,v5,Man middle exist write if.,2026-01-18,george46,Pay rather leg issue. Rather dog deep weight.,1
2834451d-8688-4553-8ec2-469c4af985d2,Daniels Stream,Welcome to Daniels Stream! This is the ultimate Social solution. Material finally land realize.,Social,1.3,1.6,True,0.0,,True,58064380-35e0-491e-9711-bae958f2eb09,Joseph Williams,keith83@banks-osborne.com,Reid Inc,59e42a44d62c2081,v5,Receive writer need fear investment.,2026-03-13,scottsusan,Point stop sure. Figure provide skill before foot note talk.,2
867a0d3c-a4e9-4123-9127-a3683c2eb048,Academy Denise,Welcome to Academy Denise! This is the ultimate Education solution. Anything choice example side health fish. None have result in.,Education,6.7,2.4,False,19.33,USD,True,30cca634-6c45-44a2-a3f3-9612bdc7d55e,Patricia Rodriguez,travis11@johnson.com,"Rodriguez, Barrett and Watkins",ff98f30f1f421259,v1,Degree without design white thank whose.,2026-01-29,phillipsjessica,Bank hear soon brother plan training minute air. Different near often.,3
2996b041-6835-48f3-89d9-f79e9d3ae977,Vibe Few,Welcome to Vibe Few! This is the ultimate Social solution. Instead special somebody power. Type huge religious happy everybody suffer their.,Social,8.0,4.7,False,30.3,USD,True,a3affb6f-3262-494b-8d3f-996cead3b346,Jamie Mcmahon,durhamevan@reeves-sanchez.com,"Mccoy, Smith and Freeman",45c207ff554a8c96,v2,Somebody view board coach build.,2026-01-13,alejandrashepard,Risk mention pretty light. Source price have brother training who son.,2
dc8a5bad-5292-4d2c-8984-20ee83652510,Space Stephanie,Welcome to Space Stephanie! This is the ultimate Games solution. Energy difficult car its peace. Produce community job claim wife.,Games,10.0,4.4,False,46.41,USD,False,7c46ea1f-daa6-4f03-807d-2a7359f42b4f,Judy Fleming,charles32@moore.info,Jennings-Smith,94be0655b1ce3e67,v3,Few expect wear present.,2026-02-19,rebecca92,Wife attention community occur force. Summer issue agent that.,3
58b0e2c9-41aa-40cf-91e5-8ca3a0c1bfc0,Sanchez Quest,Welcome to Sanchez Quest! This is the ultimate Games solution. Group religious stuff draw pay.,Games,8.3,2.8,True,0.0,,False,ae064f44-8cf9-412d-8da7-695175332222,Jeffrey Faulkner,douglasanderson@mcconnell-jones.info,Lowery-Beard,318caf530f2ec200,v4,Capital wide move food.,2026-01-03,bryan83,Establish summer measure ability cup challenge. Special deal simply any debate.,4
b9787785-9905-4f3a-a863-5ae8e339976a,Battery Pm,Welcome to Battery Pm! This is the ultimate Tools solution. Population free lose get generation simply. Until stop determine knowledge meeting fear.,Tools,6.3,1.5,False,22.2,USD,True,f29ca82f-50b2-42d7-8fd0-48e89ab84f9e,Dennis Horton,stewartderek@tucker.com,Lawson-Copeland,6286381e79485502,v1,Course recent good leave feel make well.,2026-01-28,kelly22,Your relate song decide public range behind such.,4
89317a47-9e60-4182-ba2e-dbd2dc29c144,Learn Dinner,Welcome to Learn Dinner! This is the ultimate Education solution. Mouth heart gas. Continue effort painting tough rather serious head fear.,Education,2.9,1.6,False,34.49,USD,False,48c6d72c-12a8-490a-9888-5fabb02df621,John Hernandez,pricestephanie@simpson.com,"Butler, Williams and Chung",4ba193bb01580149,v1,Wife send upon imagine player imagine summer.,2026-02-27,nmiddleton,Entire wonder cause subject manager moment heart. Far product be each radio.,4
96b0015e-c156-4c4e-a57d-895654ec4d3d,Cleaner Helper,Welcome to Cleaner Helper! This is the ultimate Tools solution. Teach over social most follow enjoy share plant.,Tools,8.8,2.1,True,0.0,,False,37d66efa-48a8-42bf-acaf-4c41073ec012,Ryan Bailey,karenwilliams@evans.com,Aguirre PLC,5f18b2711a37570e,v2,Most bill available seven reality wear system.,2026-02-01,michellejohnson,Own whole significant safe window. Tax nearly baby.,3
88092b56-bf37-4afd-8f2f-472d7129b50d,Power Utility,Welcome to Power Utility! This is the ultimate Tools solution. Talk somebody environmental second. Herself sing certainly couple environmental.,Tools,8.6,1.0,False,8.78,USD,True,c1c18ba1-ad15-452c-9f6d-c27802b1fb85,Zachary Smith,hglover@garcia.com,Garcia Ltd,5d5136ab24bb2ea9,v4,Health measure even chair business present adult.,2026-01-31,lstone,Hour company discuss. Identify leader story growth day person benefit high. Admit network focus.,4
471609aa-39b6-4e9b-a14e-284716e35efe,Wood Run,Welcome to Wood Run! This is the ultimate Games solution. Various serious bag ball trade generation way.,Games,8.9,4.4,True,0.0,,False,9bed2696-dca6-4de8-97eb-d5154ca386a7,David Collier,yzuniga@simmons-ortiz.com,Barron Ltd,7708927d334a2644,v1,Choose term image sell type special.,2026-02-25,heatherharrison,Under fact them both skill. Expert truth if it. Design since daughter vote world take.,4
c02f3c86-057c-4046-b323-4a6278e8bdb9,Extreme Lisa,Welcome to Extreme Lisa! This is the ultimate Games solution. Will decade skin language same president decade.,Games,10.6,1.9,False,49.23,USD,True,a45aa6d5-c74d-43e7-a141-a83efd4bf54b,Jorge Kelley,lindabell@becker.com,Adams and Sons,21c31b676ca71193,v1,Common control room education present let figure face.,2026-02-28,michellecurry,Half college each also large by everyone. Scene sister factor environmental all peace.,5
7bcf89ac-5043-44f3-9795-eb5e715ad0c1,Espinoza Study,Welcome to Espinoza Study! This is the ultimate Education solution. Poor even baby to area. Report claim past dog live information.,Education,3.6,1.8,True,0.0,,False,a87e8e16-85d8-4837-81b0-c969495fd1ae,Russell Nielsen,brittneybradford@hall.net,Andersen-Newton,2be3718e79b20a6d,v3,Through foot paper stock.,2026-02-11,elijahzamora,Here whom usually between part public somebody where. Particularly blood cost yeah.,1
ab67ea9d-a79e-4309-adc1-70a5ca3a1788,Darkgray Course,Welcome to Darkgray Course! This is the ultimate Education solution. Article early issue because. Local much necessary manager.,Education,7.3,3.0,True,0.0,,False,4b322b74-6fbb-47ff-8a16-f8713b624527,Kathleen Allen,johnsonpaul@anderson-kelly.biz,Adams Ltd,f17c573f94b1d7b6,v5,Religious boy above people control pressure.,2026-03-01,marcus04,Clear south fish blue consumer common word.,5
302f70e2-a809-4c6e-9d25-79a4bcee1859,King Stream,Welcome to King Stream! This is the ultimate Social solution. The former scene next part manager detail section. Firm boy goal individual wife glass threat as.,Social,10.5,2.6,True,0.0,,False,497c977f-6697-4790-804e-78274ebf4a72,Lori Lane,qanderson@trujillo.com,Allen-Nguyen,17e0f7d85c766470,v1,Into modern project join call different culture.,2026-02-24,dhall,Call article concern produce talk. Design instead film left good.,4
ad272c22-9880-4181-98fe-fb5d3c8d7158,Focus Reveal,Welcome to Focus Reveal! This is the ultimate Productivity solution. Election catch bit north day especially.,Productivity,7.4,3.4,False,31.81,USD,False,135907ff-d6f7-4193-9e6d-9bd24c72ef76,Alyssa Williams,earl74@parker.biz,"Scott, Johnson and Mcconnell",5e1ff9c47545c690,v2,Large develop who say yeah receive.,2026-01-02,boothmichael,Drive care own light employee nor. Field large happen whose doctor argue.,4
cdf028f7-d66d-40e1-8f14-da1d3699a9eb,Academy Course,Welcome to Academy Course! This is the ultimate Education solution. Much card also among time.,Education,4.8,2.9,False,13.13,USD,False,5205685c-ee09-4b95-b50f-3be63cf20c1e,Melissa Cole,ingramian@snyder.com,Cox Ltd,0ddef491016b03d3,v1,More office realize skill audience.,2026-01-17,powellvictoria,Dog now space everything its why. Analysis thus design offer.,3
d7f71282-5072-4704-93c4-74b7f42f381f,Lingua Ronald,Welcome to Lingua Ronald! This is the ultimate Education solution. Billion section early. System fill record very church figure.,Education,4.3,2.0,True,0.0,,False,907a1dce-91fe-42d9-9d0f-4f3fda0db87e,Mario Johnson,joseph49@maddox-sullivan.com,Hoffman-Sims,d38e1fb9c5c73187,v2,Beyond floor argue.,2026-03-01,timothy71,Law pass strong same. Billion authority evening deal respond its.,2
20e50ae9-2bb5-4c0e-858f-e9e65bea60e0,Rosybrown Study,Welcome to Rosybrown Study! This is the ultimate Education solution. Candidate color time force happen attorney mean. Summer manage hard involve build base maybe.,Education,2.2,1.1,True,0.0,,True,dda9baaf-5ba6-4387-a8be-305099569010,Cynthia Brown,robert79@tate-white.org,Williamson Ltd,b387370bc20556cf,v5,Argue mouth everything stand official hand spend rule.,2026-02-04,rebekah12,Top dark word expert institution collection. Such charge drop involve place plant.,3
23a4eabd-ceaa-4d3a-9a76-ad501c19de47,Crypto Tv,Welcome to Crypto Tv! This is the ultimate Finance solution. Affect however budget between month store.,Finance,2.9,1.2,False,37.43,USD,True,c7f0996c-cfbb-4280-8906-b40b3c23bdb1,Benjamin Hunt,olsenmargaret@lopez-clark.info,Gibson-Morgan,2a10f958fc3aad95,v3,Miss today picture face back research.,2026-01-30,tduke,Start game include produce fill. Capital huge father adult.,4
972a4a59-2534-4825-b35c-49085fdd054b,Pro Organizer,Welcome to Pro Organizer! This is the ultimate Productivity solution. American ok occur consumer hold. Part movie around several decade nation simple.,Productivity,7.5,2.8,False,4.49,USD,False,31ba516f-3832-4d99-b05c-5c971d40bd5e,Sherry Liu,edwardrobinson@yoder-perez.org,Coffey LLC,a73bae441cf46403,v2,Be certain first matter certain according sort special.,2026-01-14,vanessa82,Statement capital job really fine wrong mother mission. Cold accept lay.,4
b115a752-8695-4587-a724-1b8ca29d34a0,Live Scott,Welcome to Live Scott! This is the ultimate Social solution. Soon beautiful suffer hope past. Choice population view fill police glass system.,Social,2.5,3.9,False,43.67,USD,False,77139463-8a56-4461-978d-3ba9fe2b0fb9,Joseph Webb,rjuarez@moreno-gray.com,Hernandez and Sons,52b435ddf6dd94fe,v5,Suggest ever food debate.,2026-02-23,bennettandrew,Child kind friend keep concern American kid. Over behind large.,4
4484fd79-e44d-4970-83e0-80dae6e60bcf,Skill Brenda,Welcome to Skill Brenda! This is the ultimate Education solution. Would experience would half interesting thought. Receive save guy claim section main bar.,Education,7.3,3.4,True,0.0,,False,e3d7c804-7e41-4f91-9fbc-2e49efe9a90d,John Davis,edwardbyrd@johnson.net,Moore LLC,38ac92adf2af6f22,v2,Right meeting wife may.,2026-01-01,stephaniecastro,Eye tonight risk toward reveal final. Buy low property identify.,3
16578f8a-003c-4ebc-97e9-b12cd8ad8dbd,Brain Erik,Welcome to Brain Erik! This is the ultimate Education solution. Baby skill detail with save anyone sell most.,Education,7.6,1.6,False,3.07,USD,True,7c192a1e-1854-41c7-9122-0e91190fba36,Adam Robbins,alexandrataylor@bell-lopez.net,Fisher LLC,5ef1e31a14f201de,v2,All step impact in authority political bring perhaps.,2026-01-16,harrisonshane,Ahead wind answer around. Or majority the likely risk matter miss somebody.,4
a383061f-4004-42b6-a82c-84f614cbeed5,Darkgoldenrod Messenger,Welcome to Darkgoldenrod Messenger! This is the ultimate Social solution. Likely audience finish office. Drop drop stand far reflect name.,Social,7.4,1.6,True,0.0,,False,b6143626-8fbd-49cf-a5be-751d4fa47bda,Jennifer Jones,fburns@willis.com,"Combs, Jones and Howell",e6294c06210c20fb,v2,See small present hospital truth foreign range.,2026-03-06,monique85,"Eat fear them else assume pattern practice.
Human report through score ahead indicate mouth.",1
aa6b4e20-5e70-47bf-9f81-fcc46e32cbee,Royalblue Helper,Welcome to Royalblue Helper! This is the ultimate Tools solution. Fear write agreement company board good still.,Tools,9.9,1.6,True,0.0,,False,3d0e5175-16c1-4cab-8717-f467d0b20523,Darren Campbell,lvalenzuela@johnson-ellis.com,"Edwards, Harris and Barron",10f3f5e6b0b8041d,v5,Fine again establish yes improve century easy data.,2026-03-05,michelle49,Firm say between fine behind page color suffer. Remember bed hand. Test than computer window.,2
4ed59ebf-3898-4ce7-9662-17aacb915209,Money Action,Welcome to Money Action! This is the ultimate Finance solution. Range peace baby according time use rule. Bill others start keep line.,Finance,2.2,1.4,True,0.0,,True,189e89f7-3b12-4989-b296-936ed1495ae4,Daniel Williams,phillipskatherine@sweeney.net,Nelson-Moran,1a800e8f033ddff9,v5,Trial stock never everyone coach happen house break.,2026-02-16,walshtyler,Billion teach sell wonder beat night newspaper.,3
50d11eac-feb0-4f35-b5ec-15995cf986a7,Springgreen Gram,Welcome to Springgreen Gram! This is the ultimate Social solution. Check understand chair economy hope run.,Social,11.3,3.6,False,21.24,USD,True,e9cc6f5c-74bc-4517-9a15-a7e925c18c3a,Kevin Stout,austinstephenson@murray.biz,Moody LLC,eb9d14c31fc327b3,v2,Wind study range story boy heavy room.,2026-02-07,amanda72,First opportunity toward rich war. Speech list according seat large least.,4
ac483443-5e0d-4eec-92a3-34e533a08232,Pocket Timothy,Welcome to Pocket Timothy! This is the ultimate Finance solution. Building mission city. Decade shoulder professor allow seem sister.,Finance,3.7,2.5,True,0.0,,True,fac52fc1-ed25-4626-a3b6-0769b9c7e496,Joseph Lyons,mollyirwin@nelson.org,"Robinson, Schroeder and Freeman",0b2a946722f6b4b7,v2,Central open know true road.,2026-01-02,marynelson,Race stuff red size.,1
c8cf0b16-bf57-4d5f-a244-5292a038aa53,Candy Cheryl,Welcome to Candy Cheryl! This is the ultimate Games solution. Board bill have discover. Language maintain couple effect red.,Games,1.1,4.1,True,0.0,,True,cccc624b-f190-4056-9580-35d072f17022,Brandon Miller,anthony35@koch.com,Greene and Sons,08eee3186b84f68d,v5,Political age interview professor beat.,2026-01-30,thompsonjennifer,Feeling heavy notice. They suddenly large deal claim care dinner among.,4
4cbbec3e-cfc7-4f9a-898e-91ca64f3b773,Circle Work,Welcome to Circle Work! This is the ultimate Social solution. Continue inside usually agree. Whom clearly might garden discuss.,Social,10.1,1.9,False,39.58,USD,False,a36f13a3-a98b-4dc4-b0f7-cc828eed5b89,Christina Cherry,hullselena@jackson-rodriguez.biz,Johnson-Hill,3759a8c7449c0c47,v3,Total view head call area hope unit.,2026-02-28,tracygates,House across street. Health season forward among none without.,2
e96451fc-e655-436c-8e3d-cf8990d55274,Guard Boost,Welcome to Guard Boost! This is the ultimate Tools solution. Accept lose if camera few Republican.,Tools,2.5,3.8,True,0.0,,True,eeb5a672-2a56-4840-91e7-5cbcdd205b9f,Brandon Jenkins,kathryn27@martin.info,Cruz Group,bb83f5793ac5e0cc,v4,Need whom nor.,2026-01-31,christina38,Last look thank responsibility must executive entire.,3
a4e3dccc-f5eb-41d7-a938-729676715169,Chat Messenger,Welcome to Chat Messenger! This is the ultimate Social solution. Half bring firm offer order miss production.,Social,6.9,2.7,False,36.9,USD,True,e2328099-ee3a-4472-9ed3-236bfb709851,Jeremy Rose,tarawatson@moore.com,Webster-Hernandez,ba4f791a13511237,v3,Drive simply week.,2026-03-06,mmcintyre,"Leave hand agent. Sometimes above believe day plan strong break.
Hold director work four follow.",5
bc07e692-ccab-4ce0-9797-7003bcc8017f,Lingua Cards,Welcome to Lingua Cards! This is the ultimate Education solution. Very performance vote voice.,Education,7.7,2.8,True,0.0,,False,6f9371c7-f278-4f1a-81eb-027ec5f550a3,Martha Ayers,santiagostephanie@valdez.info,Patton Ltd,7b7c1309c7ee9c58,v5,Serve far me never.,2026-02-08,jennifer14,Meet position him capital cup none even. Name lay between water girl thus. Teach risk up wear.,5
130a3de5-fac5-416f-a7d5-1b77959ef991,Mediumorchid Social,Welcome to Mediumorchid Social! This is the ultimate Social solution. My state film direction recently. Cut entire over seem.,Social,1.5,2.0,True,0.0,,False,e0f61087-ca75-42f5-9f97-f8bff1eb5ad5,Ian Garcia,allengary@martinez.com,Livingston-Ochoa,cc86328323c1d7e6,v1,Itself blood later nearly example.,2026-01-10,caroline79,Huge if star million. Apply film president future action party.,4
a8c0f570-2538-47c1-aec5-2418719c06a8,Guerrero Vault,Welcome to Guerrero Vault! This is the ultimate Finance solution. Sound discover involve. Not administration citizen tonight.,Finance,5.5,4.3,False,35.82,USD,True,49139702-138f-40ae-81aa-1ebd7f892196,Julie Roberts,davisjennifer@dominguez.com,Powers LLC,d9abe2f6ff0fd2bd,v1,Hope any how lead.,2026-01-05,sarahmurphy,Front agreement listen body let country.,4
13b0c0fb-b0da-42f4-830c-6b9bae9c9d0e,Simple Participant,Welcome to Simple Participant! This is the ultimate Productivity solution. Defense reflect to only gas listen ever. Bag tend rock discover raise quite.,Productivity,9.1,1.6,False,39.77,USD,False,e5fc68e8-38ea-408e-b94d-f3ecd002c84d,Robert Daniels,sherisullivan@mills.info,"Burke, Cruz and Newton",a14529814da9746c,v4,Individual specific far reach beat ask.,2026-03-11,angela62,Protect happy answer eat. Either for improve drop young four three.,3
bc76ca45-b817-44d9-8873-0ff404f066d2,Friends Thomas,Welcome to Friends Thomas! This is the ultimate Social solution. Leader talk friend worry from.,Social,5.0,3.2,True,0.0,,False,a0698839-e74e-4473-9a19-b410b3b73944,Casey Hampton,david76@brown-ramos.com,Soto PLC,ced4e0da46a9dc54,v4,Yard chair test its training American.,2026-01-17,smorales,Great out teacher fine. Style consumer far so able.,5
0158b6fb-4fe4-4fb9-a874-dee77c06eda2,Cleaner Michaela,Welcome to Cleaner Michaela! This is the ultimate Tools solution. Adult front often help foreign old beyond. Little who next resource do power.,Tools,4.6,1.1,True,0.0,,False,6e77af16-869b-4d46-983a-30944a97d39a,John Santos,harrisonchristopher@mcgrath.info,Riley-Cameron,9ad9d8f7a71f3b88,v3,Newspaper member explain that.,2026-01-06,hkeith,Debate size wind network apply. Half feel city example political movement.,4
f541c333-ce60-43e7-b0d4-633104050804,Power Latoya,Welcome to Power Latoya! This is the ultimate Tools solution. Year owner economic stuff growth necessary top.,Tools,2.4,4.3,False,11.13,USD,False,f2d4f9d6-940f-4ca6-b3da-7642fe73f814,Stacy West,orandolph@garza.com,Wilson-Simmons,d5da68140f87722f,v1,Wrong image chair how sit.,2026-02-25,gmontgomery,Kind already American six plan voice exactly. Sign southern matter other feeling.,1
e1741c44-2adb-4397-a1f2-960c8c53e128,Goldenrod Track,Welcome to Goldenrod Track! This is the ultimate Finance solution. Amount may create seat wrong fact.,Finance,7.1,1.1,True,0.0,,True,03bf54d9-34fc-47fa-927a-55af1f103ee5,Sean Gallagher,frederickvictoria@allen.com,"Velasquez, Patel and Yang",dee8a2cdbc746745,v2,Their account she first.,2026-01-06,jordanjessica,Speech teach government set. Rather could walk day plant seat. Responsibility into entire.,1
cbb7921c-af03-4c16-a962-489328cb8cb7,Academy Tutor,Welcome to Academy Tutor! This is the ultimate Education solution. Heavy response ground mother light. Same live line bed general serious.,Education,3.9,2.1,True,0.0,,False,d55914d8-5f0e-4341-b37b-6d705bab7c93,Shannon Moore,xwoodward@smith.com,Murray-Jones,188aba6c372fb0b8,v4,Both support evidence our choose.,2026-01-14,lopezjohnathan,Seven force bad movie. Course should energy only move officer poor. Value voice on civil.,5
7d547673-a718-4c84-a213-c6e05fa4e0cf,Dodson Track,Welcome to Dodson Track! This is the ultimate Finance solution. Human force check.,Finance,11.1,4.4,False,3.39,USD,True,d00badfb-a829-40bd-8a51-c1a65869fed2,Danielle Howard,jflowers@leon-taylor.com,Watkins-Perkins,8532f3fd56fdbd02,v1,Home machine along experience road southern address.,2026-02-13,davisbrian,Worry marriage lay hope bar term image. Fact yeah safe seem culture.,3
c8fd3865-e4b4-49d9-b6e1-57fbe9dd9f49,Ultra Organizer,Welcome to Ultra Organizer! This is the ultimate Productivity solution. I skill ask attack. Seem age concern poor leg deal.,Productivity,11.1,3.8,False,49.25,USD,True,6c6ca3b7-6e99-4bf1-83c3-4f2c12a794f8,Amy Jordan,cmorris@williams.com,Watson and Sons,c8660b73b9713afc,v5,Use especially manager area feeling some.,2026-01-04,watsonjoshua,Name billion fight special wind citizen compare. Ability test health together save kid.,1
c3b07511-a74b-442a-9215-adc89168feb0,Greenyellow Notes,Welcome to Greenyellow Notes! This is the ultimate Productivity solution. Help bed later.,Productivity,5.5,2.9,True,0.0,,False,fd0e2811-6d63-476b-9d66-a21917225dcb,Holly Cameron,robertwilson@summers.biz,"Petty, Rosario and Hunter",b6a853fbbba8b86b,v1,When financial go affect.,2026-01-25,teresaroberts,Defense direction dog phone drive read. Different process walk although floor morning.,1
0ddb3938-2890-446d-9c63-83a1a84c923d,Money Cash,Welcome to Money Cash! This is the ultimate Finance solution. Change total beyond likely.,Finance,4.5,1.6,False,24.91,USD,False,228ec6e7-d7e4-4cf8-80d9-41cf5f717c23,Kathleen Simpson,johnsonedward@ramirez.info,Johnson-Wilson,b6cea6649e527def,v5,Much stand song yet step operation research prepare.,2026-01-14,pam44,Can baby special. Everyone fine task. Industry wife thought production hour.,1
e03eee07-d9f9-49a5-a702-31e2656c10b5,Crypto Size,Welcome to Crypto Size! This is the ultimate Finance solution. Light information I town idea need notice perhaps. Save full free.,Finance,6.4,4.7,True,0.0,,True,a733a7c4-a38a-43a6-a877-78a355c0d4b5,Cameron Randolph,xshepherd@roberts.com,"Smith, House and Morris",8e01514e50c0b3b8,v5,Same I degree back.,2026-01-06,matthewunderwood,Gas stuff behind type. Particularly lot party walk.,4
eab3c449-1819-42fe-b2c1-e096455b6e9c,Study Mario,Welcome to Study Mario! This is the ultimate Education solution. End clear traditional feeling performance.,Education,7.4,1.5,False,38.62,USD,False,00ece72c-7e65-4e9f-8fb6-67c707d612a0,Mrs. Laura Williams,deborah74@huang.org,Ruiz-Copeland,ec342bec20e43492,v3,Field common born amount exist.,2026-01-16,tammyclark,Involve paper travel sense. Radio tell air. Size available station bag.,1
069192ff-7a25-4287-adc1-9d9ae5cc2f41,Crypto Your,Welcome to Crypto Your! This is the ultimate Finance solution. Election feeling sound although. Identify heavy huge boy after certainly along mean.,Finance,5.7,2.7,True,0.0,,True,ac957de0-5f5f-4f86-9deb-bfec90a28fa7,Christopher Ward,martinlisa@burton.com,Rodriguez-Crawford,db7e6eb76cae9a27,v5,According behavior image world around office own.,2026-02-27,rojasmichelle,Seek become finish should. Big stay note act public almost. Watch lawyer laugh throughout.,4
3e23a0c6-5729-4e47-afcf-63d88c695e18,Gold Finance,Welcome to Gold Finance! This is the ultimate Finance solution. Piece situation discover collection stay red meet paper. Serve total manager.,Finance,7.2,4.8,False,19.58,USD,False,cdf0903e-4664-4af8-9b36-51488ef1b8da,Crystal Martinez,owilson@solomon.com,Jones PLC,a640155a59f347bc,v5,Common spring Mr seem wrong decision.,2026-01-18,serranojulian,Father young cost past policy report.,4
a89575a9-e618-46ad-9e58-5e2dc616e2a6,Garner Arena,Welcome to Garner Arena! This is the ultimate Games solution. Happy home none deep.,Games,11.2,3.1,False,22.14,USD,False,c9f5d833-a3bf-4098-873f-c0a85e4c0596,Richard Scott,isabelwilliams@hicks-johnson.org,"Miller, Reeves and Haynes",ccb711c902c5988c,v5,Party yet at argue or economic.,2026-01-01,roberthooper,Same explain matter. White seven manage rich argue once. Tax message rather.,2
af9e5058-7940-42b6-80d6-e072f066ba03,Steelblue Network,Welcome to Steelblue Network! This is the ultimate Social solution. Here often peace decision. Attack they middle dream member many.,Social,9.3,3.9,True,0.0,,False,233dca09-4baa-4277-8d33-276cc78ca50f,Amanda Tran,clarkroger@dunn.org,Adams-Gonzalez,f5fd29809b58e9cc,v2,Assume should sit process to commercial.,2026-01-02,vsalas,Nation method bring bit. East bed bar forget but run.,4
c26d88a7-2702-4a1e-b966-55591c00e4f1,Skill Yeah,Welcome to Skill Yeah! This is the ultimate Education solution. Dark crime paper industry dark news attorney.,Education,6.3,5.0,False,12.3,USD,False,db324e10-4107-4c83-abc5-734110e9c0b7,Chelsea Yates,mullennathaniel@martinez.com,Mata-Nguyen,d89c827b70d7d7ff,v3,Trip inside current month trade pull.,2026-02-24,cunninghamalexa,General at ask reach. Party result hard friend.,4
672e79fe-9138-4b0b-8f89-b87722635f57,Bisque Space,Welcome to Bisque Space! This is the ultimate Social solution. Something respond environment court walk per.,Social,9.8,3.8,True,0.0,,False,727034ab-8044-4e21-9c0b-0b03816188bc,Tiffany Savage,wilsonnatalie@casey.org,Soto Ltd,18fe1482adfb2535,v1,Generation us dog pay note.,2026-03-09,daniel13,Factor show trip consider sense. Moment quality man hand. Feeling plan everything make pay.,1
25e41f4e-cdf5-47ab-a4c6-f8907495f5e8,Money Yes,Welcome to Money Yes! This is the ultimate Finance solution. Republican view tree industry certainly if cultural happen.,Finance,6.0,1.0,True,0.0,,False,b05984b8-a62b-429d-a4e9-49c2ddb364d8,Miguel Smith,lfischer@barnes.net,"Rodriguez, Mathis and Oconnor",f6ccc74e095ee6b2,v1,Space thought ability budget charge.,2026-03-07,serranochristopher,Quickly through money window information dog. Quickly man reason key television.,4
3b9fc815-66b9-49e2-a5cb-62bdcff8611d,Ford Network,Welcome to Ford Network! This is the ultimate Social solution. Able doctor method eat behavior.,Social,8.0,2.8,False,10.07,USD,False,9d71401d-20df-468b-80c5-a3eeb2df52aa,Linda Hayes,amacias@ferguson-stevens.com,Crane PLC,387340eabac2abd6,v3,Society do increase more lay prepare.,2026-02-24,edward10,Process safe focus piece realize dinner party natural. Name strategy few various.,2
18a1b2f9-e9c3-4560-ac7e-1a1bb0946fed,Crypto Vault,Welcome to Crypto Vault! This is the ultimate Finance solution. Assume return argue new.,Finance,9.0,2.6,False,17.56,USD,False,3727fb59-640c-46e5-9969-f26d816f6bc4,Kimberly Gonzalez,angela77@foster-brooks.info,"Jones, Garcia and Humphrey",170e777039e4536e,v2,Consumer determine push smile smile enter woman service.,2026-01-14,jamesmeyers,Let others once create. Family already study speech get best likely. Leg from enjoy.,3
26f0bc82-6439-40a2-b8e4-5046d9543c29,Orchid Lab,Welcome to Orchid Lab! This is the ultimate Education solution. First shoulder with school. Blood their customer special.,Education,5.4,3.1,True,0.0,,False,9402bb43-1a41-42d9-8bd7-0a7983dfac09,David Patrick,jessica30@wilcox-wolf.com,Guerra and Sons,098b9e81cbca02fc,v5,Hope occur similar care fly traditional forget.,2026-03-07,ronald63,Similar Congress participant appear. Draw learn realize person however add discover.,2
26f017d4-de74-4694-9bd8-b2cb21438969,Link Edward,Welcome to Link Edward! This is the ultimate Social solution. Market news possible deep carry he. Win American board weight.,Social,9.3,1.4,False,10.06,USD,False,3b0581cd-bc9b-4b94-882c-f52f6943762f,Amanda Gonzalez,luisklein@gutierrez.info,Lopez PLC,7cf11118ce550b35,v4,Part American describe police write prevent tree.,2026-02-11,xcasey,Example hold state without or source. System drive book money receive for.,3
d5bf999d-bd55-40e0-b2d2-ffd2ee42fc9b,Wiggins Saver,Welcome to Wiggins Saver! This is the ultimate Finance solution. Them step great upon tough her.,Finance,7.4,4.8,False,35.42,USD,True,6bc450b4-a1fe-41ed-979a-3b560c4d0bd6,Jonathan Ferguson,thompsonadam@duncan.com,Flores Ltd,13ce49eb56f2f648,v3,More until heart young million prepare mean.,2026-01-30,joshua47,Travel lead recent happen song. Try they third skill though make do so. Public down wish.,2
4a374fcc-2fa7-4bbb-973d-583ef7619e21,Lightblue Pro,Welcome to Lightblue Pro! This is the ultimate Tools solution. Particular involve start option film executive.,Tools,1.9,2.5,True,0.0,,False,aee3dfdd-889f-43b2-92ce-8b8e35a7915e,Wendy Lee,casey82@alexander-burton.com,Singh-Ross,a0d0b05e9d27c5da,v2,Between here now put.,2026-03-11,bmartin,Near bill pull short fire. Service yourself house. House way church material billion particularly.,4
16030187-bf5f-4caf-8296-4c27f6e1c440,Angry Hand,Welcome to Angry Hand! This is the ultimate Games solution. Another decade whose mention quality short region. Against clear lose red.,Games,3.7,3.4,True,0.0,,True,fbd0f1b0-f88a-4b61-ace8-10a9c624c117,Erin Simmons,afigueroa@ford.com,Herrera PLC,79c204dd5d2efa5e,v2,Record reveal upon difficult.,2026-01-24,bassjessica,Second official region lay hope. Wide local hand responsibility and around begin.,5
e2b32188-b8c4-4563-959c-f532f7bc3560,Vibe Stacey,Welcome to Vibe Stacey! This is the ultimate Social solution. Eye to effect lot care reach process. Success risk situation set fill.,Social,5.2,4.1,False,8.41,USD,False,fb923656-bb0c-42c8-9f11-1fdcada39729,Christopher Choi,vbailey@gross.info,Mendoza PLC,e204b958291128d2,v3,Time at test position sense star president.,2026-03-10,ramoskimberly,Image effort candidate manager even speech. Later type fill attorney yeah skill.,2
40a6c2db-42c9-4709-befb-728784c18108,Brain Lab,Welcome to Brain Lab! This is the ultimate Education solution. Although test worry ground represent beyond suggest.,Education,3.4,1.6,False,48.78,USD,False,7282b8d8-9b21-49da-be4f-66c613c4e823,Andrew Johnson,rgreene@gilbert-morgan.com,"Middleton, Santiago and Scott",1716340e26714096,v4,Human key type soldier.,2026-02-05,lelliott,Watch purpose people new. Never major let result. Director six set station nothing nation.,3
d9634ab4-ac9e-4d3f-a30d-b0498543d2b1,Peru Gram,Welcome to Peru Gram! This is the ultimate Social solution. Serious education oil cold series within.,Social,3.4,3.0,False,27.92,USD,True,7dda7030-b525-426e-80e1-81c11bd6ab0d,David Robbins,ksims@walker-martin.com,Alvarado-Hicks,4042908e3708c605,v4,Doctor animal card pull.,2026-03-08,herreradustin,"Around reflect author race. What whether his.
Interview season tend turn than several ten.",5
8a0ddfab-f369-456c-96ab-c0e7b3301c87,Forestgreen Gram,Welcome to Forestgreen Gram! This is the ultimate Social solution. Administration short animal history. Gun never can product someone eight local newspaper.,Social,2.6,4.5,True,0.0,,False,334de368-90e2-4b0e-ac72-ad06902fdff8,Louis Allen,ocampbell@wall.com,Gomez LLC,8cf089629564e5f1,v4,Again side everyone begin particularly always.,2026-02-27,brendabryan,Same back energy. Out writer or part modern drug common.,1
b8b82e4a-8119-4c8a-9de9-cba72ba05259,Thomas Guide,Welcome to Thomas Guide! This is the ultimate Education solution. Hair coach dinner attention save tend million director.,Education,4.2,4.1,True,0.0,,True,17cd682b-d994-4a38-8996-cbefed0c67bd,Dennis Stevenson,douglas97@lee.info,Romero Group,8f8296783c75942a,v5,Now financial edge let.,2026-01-10,diazmichael,Nature father behind line culture listen scene. Soon make college raise on. Anyone spend both.,2
9686a8e6-75f0-4ce4-bd1b-dcb2b0a08326,Snow Me,Welcome to Snow Me! This is the ultimate Social solution. Leader upon maybe development relationship prepare occur. Relationship shoulder respond indeed culture.,Social,9.2,3.8,True,0.0,,False,dc6a05f6-f7f2-4257-9e70-9a25236b5fb5,Jonathan Jackson,kimberlyfoster@pruitt-lucas.net,Smith Group,2a476d27626afd0b,v5,Environment person us serious.,2026-02-03,wandahaynes,Glass pick that cover hard. Manage throughout themselves rather. Sure get popular whatever.,2
7f3432eb-e582-4633-8e7d-fac95976f61d,Ultra Patricia,Welcome to Ultra Patricia! This is the ultimate Productivity solution. Project ready early each. Bag two option focus job north.,Productivity,5.8,2.4,True,0.0,,False,7b0731ef-3b50-4869-bac4-a520d15c28a3,Gina Turner,djackson@lindsey-stephenson.com,Rodriguez-Proctor,24853dd74653c2e6,v3,Policy sing site.,2026-02-08,herringchris,Necessary lead kind. Pressure arrive third which inside probably start concern.,1
f16db03f-38bc-487f-a97c-4cafd55896aa,Miller Flow,Welcome to Miller Flow! This is the ultimate Productivity solution. Event piece focus. Share not scientist white despite.,Productivity,6.8,3.9,True,0.0,,True,e27a089f-2a01-4834-b6a8-821d18588512,Michael Burns,stephen66@freeman.info,Brady LLC,d291681e8b4122c0,v3,Memory gun firm middle art author tonight good.,2026-01-25,sarahtorres,Opportunity body next section trade.,1
3188f3d2-8929-4cdf-9f37-8c4890d5b873,Ultra Destiny,Welcome to Ultra Destiny! This is the ultimate Productivity solution. Clearly coach popular order parent land property. Toward prepare still art simply art.,Productivity,9.0,1.6,True,0.0,,False,083d36df-eab8-4899-b96d-662dae503f99,Bethany Barker,jenniferburke@silva.com,Snyder and Sons,3c1d20ba6ff72cd4,v1,Across guess onto finish still.,2026-01-26,bflores,Notice some suddenly. Nearly treatment why agree middle onto.,2
f764b040-28dc-472b-89e3-5391f1bec3cd,Skill Everybody,Welcome to Skill Everybody! This is the ultimate Education solution. Enter physical mind money. Eye responsibility police represent method pretty heavy.,Education,11.5,4.7,False,30.44,USD,True,4e503470-6ccc-457a-8c08-4d3b9d168ee1,Arthur Navarro DVM,gary96@smith.info,"Barker, Morgan and Collins",0613bae26cef994c,v5,Community always TV arrive human.,2026-03-09,bartonblake,Case wonder build stand. Little others site sport. Thus new quickly talk eight day specific.,4
cbf68032-9530-410c-9ef2-344bc822269d,Pro Notes,Welcome to Pro Notes! This is the ultimate Productivity solution. Knowledge popular cost city team.,Productivity,2.4,3.7,False,41.87,USD,True,c4c4b6fc-6dca-4e3c-8d35-7d549c341512,Jeremy Daniel,carriecruz@hayes-anthony.com,Wright-Robbins,812cc63c52529d88,v3,Usually town population explain.,2026-02-28,wrichardson,Single spend style decide. Property recently discuss race yeah particular cell safe.,3
e0a51ef6-f757-46be-b75c-0bee8d4f6454,Padilla Battle,Welcome to Padilla Battle! This is the ultimate Games solution. Us offer field leave blue yourself hear. Standard mother room particularly attorney.,Games,12.4,1.1,True,0.0,,False,4c415f76-1e2e-4911-9350-0a400889dec4,Jose Fleming,mary07@davenport-mason.com,Becker Group,8368f9cc03723bde,v3,Growth it senior us shoulder enough.,2026-02-15,barnettrebecca,Such join floor truth eat trouble.,2
f5e421b8-ec3e-4b5b-a340-02b5f38fbbea,Gold Keith,Welcome to Gold Keith! This is the ultimate Finance solution. Seek sing need guess community chair exist.,Finance,6.5,3.3,False,20.07,USD,True,c8892181-329b-4486-a6ee-d5a96d975a61,Jeanne Barry,jonesbailey@jones.biz,Figueroa Ltd,b539cd0d8d2626f8,v4,Way degree may hold.,2026-01-24,smithsean,Scene and exist into either sing scientist.,4
f00a19d7-8af6-4cf2-9bee-40e644717a8b,Darkviolet Social,Welcome to Darkviolet Social! This is the ultimate Social solution. Mother which part to star ten economic.,Social,3.0,4.5,False,25.81,USD,True,59453f36-a2c7-4892-ba79-8cb9a0817c57,Christopher Mueller,dunnkim@jordan.biz,Morris and Sons,c4a56f79da5bef10,v5,Agency final box maybe.,2026-01-30,jessica35,Bank head help rich plant bed. Environment yard military dark center finish tonight.,5
609001d7-de43-4987-b9ff-15dd869efcdc,Snap Amber,Welcome to Snap Amber! This is the ultimate Social solution. North charge someone themselves list couple son miss. Lot mission build happy knowledge various.,Social,6.3,4.6,True,0.0,,True,0676619f-4c5c-4736-ad87-7d614b12a940,Laura Smith,michelle71@roberts.com,Stanley-Davis,99a5dfd3cec9e305,v4,Despite never yet offer out respond.,2026-01-25,scottmiller,Although travel national prove son trouble must. Live animal make despite together.,5
7120e2ff-e501-47d6-860c-7a512652e86e,Tax Pay,Welcome to Tax Pay! This is the ultimate Finance solution. Let time one wear spring physical far country.,Finance,9.2,4.0,True,0.0,,False,f44bd293-2dca-4ae3-a67c-7e70ac893fa8,William Johnson,wparker@lopez.biz,"Robinson, Gonzalez and Baker",855cd7bf1224215f,v1,Next continue use support man.,2026-01-02,ashleypadilla,Paper skill think store base. Drop I at base continue. Hour team knowledge from miss may happen.,1
b7663c2f-d7de-4dd4-aaf5-5783d1643b1c,Angry Eric,Welcome to Angry Eric! This is the ultimate Games solution. Rise ground cause coach.,Games,1.5,3.8,False,24.23,USD,True,4c7609bb-3acb-4921-ad90-14005e69b206,Kelly Henry,nweeks@nelson.com,Carrillo Group,86dfbf46c8765885,v1,Least behind mother left ask fall information answer.,2026-03-04,paul65,Pick respond religious thousand baby despite. Late southern edge right.,4
ae585fc5-8b0b-4d9f-8d76-ee2ce62db84e,Learn Nathan,Welcome to Learn Nathan! This is the ultimate Education solution. Become west stock class suffer. Range trouble late who these section action situation.,Education,5.9,1.7,True,0.0,,True,58af5a59-338b-4867-8ad9-72a8fcfc3aca,Dr. Tyler Jordan,wford@baxter-brown.org,Marshall-Anderson,f154efc4be8ecc34,v4,Mrs away or agree.,2026-01-16,matthewpatterson,Management art actually protect. Investment walk tree.,5
6292395f-731c-406f-b18b-f53cd680ee47,Beige Saver,Welcome to Beige Saver! This is the ultimate Finance solution. Open important until. Station memory woman end although.,Finance,7.0,2.7,False,17.1,USD,False,189606c2-f791-4dea-a19d-377cc10a596b,Colleen Ramirez,icopeland@delgado.com,"Ellis, Mathis and Romero",3abd354328116d2c,v1,Light order upon memory issue science.,2026-01-15,proctorryan,Way energy every test talk painting morning. Never artist they reveal again own.,2
6ea1752d-db04-4b8a-a0af-28229bba5c02,Pixel Ashley,Welcome to Pixel Ashley! This is the ultimate Games solution. This another sense plant.,Games,2.9,2.7,False,38.54,USD,False,f16d5af9-81f1-4e25-b3de-99c1e2f77c04,James Duncan,hward@bowers.com,Russell-Andrews,ca56fd06e9c84c9a,v3,Trade outside hospital teach.,2026-02-24,tking,One factor people send second.,2
9fc04633-2050-4f28-a9b0-d2068f86a75f,Study John,Welcome to Study John! This is the ultimate Education solution. Natural give return.,Education,4.3,4.9,True,0.0,,False,838d022c-83bb-4895-893a-c13aed100625,Tiffany Aguilar,gfernandez@lucas.net,Harris and Sons,87c29445624a7ecf,v3,Exist say show practice foreign foot task.,2026-01-29,matthewwang,Accept much wife I knowledge yes.,3
23def7c0-3e82-4eb7-a5b3-3d4a5c3b2ca0,Study Erin,Welcome to Study Erin! This is the ultimate Education solution. Generation analysis piece out physical. Why give watch.,Education,4.0,3.5,True,0.0,,False,7da4e0c9-8b7e-4fd4-af56-5f5c255edbf5,Carla Gonzales,vhogan@wright.com,Wright-Blake,d1628a7e03f66c61,v2,Three poor carry plant strategy consider husband.,2026-02-03,jonathanweaver,Poor enough central rest sister reveal. This each image suddenly technology.,4
26ee4d7f-afc3-49cb-9f7a-ee5c667e3f7a,Neal Run,Welcome to Neal Run! This is the ultimate Games solution. Evening minute only show her physical. Machine health current cold now.,Games,7.2,1.3,False,44.84,USD,True,0d7bfe11-b03b-46d1-b27c-34c39bd13dbf,Robert Joseph,davidbaker@daniels-page.org,"Li, Johnson and Rojas",a1d0d6772182da9e,v1,Kid enough up friend wife manager.,2026-02-12,johnsonamanda,Fine service child ok that team when shoulder. Brother bring mother newspaper can point.,2
55499199-4d19-4aa2-b859-a4c6ab8311e9,Cunningham Planner,Welcome to Cunningham Planner! This is the ultimate Productivity solution. Term paper ground vote allow very. Article set response head arm.,Productivity,2.3,2.4,False,44.91,USD,True,f29843a2-3126-4294-85bb-c4dbda02ecad,Mary King,melaniehardy@west.info,Harper LLC,1a2e59080090c9a6,v4,Wrong my finally.,2026-02-02,sarnold,Line themselves project today dark world. Health we vote explain.,1
46181a99-cb09-4d90-bd1b-949128e99af8,Battery Utility,Welcome to Battery Utility! This is the ultimate Tools solution. Real goal home change see doctor appear.,Tools,10.4,3.1,False,7.19,USD,False,e669690e-d50b-4050-91b7-efcfcdde4f87,Christine Deleon,melissa13@hansen-smith.net,Weber Ltd,436002d96e8bf5ba,v2,Back father hand step traditional.,2026-03-12,theresaalvarez,Compare office likely doctor. Only style goal right group since true.,2
7a067d4c-16b8-4dce-956f-4f4618ac1a8d,Gold Care,Welcome to Gold Care! This is the ultimate Finance solution. Share prevent woman next positive hotel international. Talk view often but.,Finance,4.3,1.8,True,0.0,,True,7163ce4e-9414-41de-b9c4-38ecfb69f368,Taylor Villa,esparzajeremy@holloway.info,Miller-Johnson,7d124e7f6555892e,v5,Let war nothing economy.,2026-02-22,brownbrittany,Nature budget summer. Maybe success dream build over series. Reason rate remember professional.,2
57fd67c5-28cc-418d-8b24-084dcfac3d18,Aquamarine World,Welcome to Aquamarine World! This is the ultimate Games solution. Letter play song police none within.,Games,12.9,3.3,False,44.64,USD,False,8d8246c3-b066-4814-a35d-0820bba784e7,Ashley Wells,ygreen@davis.org,Richards-Davila,f35c944365e83830,v4,Without happen middle right.,2026-01-05,dixonlaura,Economy list while suffer hospital ask according garden.,3
fab84890-684b-4ffd-85b7-e06360859135,Quick Deep,Welcome to Quick Deep! This is the ultimate Productivity solution. Design allow claim may road action certain sing. Suddenly without record small.,Productivity,2.4,1.9,False,7.25,USD,True,8b51d6d8-d900-47c2-bc3a-930178256725,Paul Smith,joannaherman@thompson-robbins.com,Waters-Williams,5646e88a741cbde7,v1,Individual already cause ground season response pass parent.,2026-01-27,kristinbowen,Well measure wall for scene. Artist several character whose defense. Deal reveal catch focus.,5
7179c4d8-bcaa-4472-bf87-ff5980662553,Penny Invest,Welcome to Penny Invest! This is the ultimate Finance solution. Hand special where happy agency yard minute.,Finance,1.1,4.1,True,0.0,,False,b3d82a88-c3bc-4ef3-b3c8-0f167fa387fe,William Ward,strongkim@smith-cooke.com,Lewis-Howard,7bea3a68592953cd,v5,Would teacher beyond effort body.,2026-01-16,ustephens,Evening no free out human senior whole. Support protect rather visit crime city.,4
4698b07c-c3ff-4fc9-9ea4-53b59e108596,Study Amanda,Welcome to Study Amanda! This is the ultimate Education solution. Once dark describe.,Education,2.4,4.6,False,18.99,USD,False,8e4c7b45-36b4-47a9-9d60-e4fcb6d4f360,Allison Gomez,kathygarcia@hernandez.com,Clark PLC,c5627b5529e084a8,v3,Whom young model rest keep.,2026-02-16,jose31,Director vote enter reduce institution. Per cut dinner south hear.,2
3c7981c2-ef45-4863-824b-e4c6af732585,Anderson Track,Welcome to Anderson Track! This is the ultimate Finance solution. Under end drive. Get population bag senior this federal.,Finance,3.9,1.8,True,0.0,,True,1116a039-5823-44cd-a8ca-039ffd0fa866,Rodney Macdonald,cohencassandra@hansen.com,"Robinson, Costa and Skinner",6e99eedcf5c2aad7,v1,They like role civil official write guess success.,2026-02-21,mejiacrystal,Role my rest ability by break behind. Both different point kid power.,5
212dd62a-4dc5-4af1-a303-caac8685d040,Gold Finance,Welcome to Gold Finance! This is the ultimate Finance solution. Long goal address nothing. Easy trip human community.,Finance,2.5,2.1,False,4.82,USD,False,0da5da52-7e2e-4f19-a7b0-4181adfdd719,Michael Mills,krystal31@jimenez-wilson.org,Brown-Lawrence,6567a95ca03b6d24,v4,New firm interest the room.,2026-02-06,shanejackson,Bank take maintain light.,3
c1411b2a-2404-404d-9990-3288accc11c3,Jones Run,Welcome to Jones Run! This is the ultimate Games solution. Store one degree community.,Games,3.3,3.1,False,13.43,USD,False,58e24f6e-5315-4ff0-9629-be88d0530b2a,Tricia Garrett,bclark@lucas.info,Perry-Hart,7ecc4c199481b1e4,v3,Moment miss realize she laugh.,2026-02-24,jasonhernandez,Nor born word show. Analysis young those experience paper.,5
85dc1342-9e05-4257-9ba3-a39c0a99181d,Connect Hub,Welcome to Connect Hub! This is the ultimate Social solution. Garden visit clear because keep. Central within might design avoid.,Social,8.1,2.6,False,43.53,USD,True,be97dcb5-1236-4c65-9a52-d186690a94e3,Courtney Jones,berryjeffrey@peterson.com,Stanley PLC,d8e37103564d6b4e,v5,Condition easy fill tend guy.,2026-02-18,caitlin30,Suffer pass pressure more. Let detail understand thus.,5
f61a708e-45a1-4038-a1d0-577f0c9f75ec,Circle Gram,Welcome to Circle Gram! This is the ultimate Social solution. Arm personal president throughout at drop cover.,Social,1.4,1.7,False,18.97,USD,False,90a4f392-2c32-4110-bc92-4aa5c9e9fc1c,Christopher Brown,miguelbrown@mack-pacheco.com,"Williams, Hardy and Williams",7681790578276ca0,v2,Various service letter three themselves set end.,2026-02-09,vnewton,Watch network Republican until.,2
881e899a-6c9a-48bc-9fff-22d0bb047401,Orchid Cash,Welcome to Orchid Cash! This is the ultimate Finance solution. Attention tough east home drive base. Same out southern help identify write.,Finance,2.6,4.3,False,31.0,USD,False,9d6ebb0b-94b6-4975-b0d7-32c41d563246,Daniel Garrison,tmoyer@lane.com,"Sanchez, Phillips and Holland",2eb8a432cba29b3d,v1,Will usually tough able become voice.,2026-02-04,jeffrey31,Popular there anyone painting be of. Necessary black edge company group data.,1
c2096884-bcd0-4b36-b669-6508bd6ab123,Stone Organizer,Welcome to Stone Organizer! This is the ultimate Productivity solution. Capital most road term today. Indeed third shoulder sense serve.,Productivity,9.6,2.3,False,8.49,USD,False,d82ef338-ede3-40bf-8117-9dde1562f775,Joseph Silva,walterbutler@key.com,Mullen LLC,fde075060f8076fe,v1,Region start term interesting alone what specific great.,2026-03-03,lesliegarrett,Learn shake chance standard might young. They during generation get.,1
6837cf85-3b1c-445e-931b-64373cbfebf5,Quiz Juan,Welcome to Quiz Juan! This is the ultimate Education solution. Throw couple scene recognize appear little down. Forget stuff director hard represent series participant.,Education,5.5,3.9,True,0.0,,True,d35dca13-2a35-4a9e-9a69-c962b1d27abd,Matthew Kirk,larry91@campbell.com,Garcia Ltd,7b0c53c195f419c5,v3,Him later believe trade democratic allow big.,2026-03-03,cookangel,"Woman mother few international.
Thought challenge dark. Service politics somebody who.",5
a6ff307f-d25b-4b8a-aebe-57d9c800461e,Shadow South,Welcome to Shadow South! This is the ultimate Games solution. Someone friend pick old.,Games,8.6,3.7,False,33.85,USD,False,4943e073-300f-45af-a34b-6e02b32e39e5,Carol Mueller,cheryl86@parker.com,Ruiz-Burgess,ac6116a55ea922b6,v5,Table pick education memory next practice class.,2026-01-26,wilsonjohn,Design themselves middle evening clear cell. Start second here moment beyond.,5
313ccf6b-ba11-4d4c-af33-f2222f187519,Wallet Ahead,Welcome to Wallet Ahead! This is the ultimate Finance solution. Cut standard fire four. Husband evening move doctor.,Finance,3.4,3.5,False,31.92,USD,False,25a1a0e0-9fe8-44e9-8d99-40983e65e5f9,Michelle Moore,cfry@ruiz.com,Wang-Morales,b38b9f7fde17456b,v2,Social they citizen drop growth rule amount seat.,2026-01-18,bobbyrobinson,Power someone second. Statement receive thus.,5
109b6feb-78c7-4446-8732-0fb45b901cb0,Budget Our,Welcome to Budget Our! This is the ultimate Finance solution. Bill smile again finish. All within move candidate level almost us lot.,Finance,3.6,2.5,False,23.43,USD,True,941ca1b9-a960-4bc8-b0d4-17ece539ac03,Christine Garcia,njenkins@thompson-bolton.com,"Mcneil, Jackson and Jones",4e497bc15340755a,v3,Argue company anything research later also nature.,2026-03-09,moliver,Reason so trial thus event reality should. Anyone how billion offer teach.,2
a7ff0073-468c-4005-bd22-31b089514dac,Green Task,Welcome to Green Task! This is the ultimate Productivity solution. Threat big step reason issue long.,Productivity,5.1,3.9,False,40.95,USD,True,56bf0d32-bc38-4dc7-b533-99d39904313a,Johnny Hill,mitchelldawn@mcguire.com,"Edwards, Randall and Morrison",2d13be83a580b4c0,v2,Hope foreign writer act.,2026-03-09,davilajose,Probably poor blue nature it former follow. One both arm three. Indicate miss true then community.,4
f43a7694-5191-4c1b-baed-d93518f0544b,Pixel Seth,Welcome to Pixel Seth! This is the ultimate Games solution. Spring foreign reduce half fill protect. Street personal opportunity least.,Games,6.2,1.6,True,0.0,,False,41c565b6-689f-4b51-8ce1-eff99b67a6fb,Jonathan Washington,garrettjerry@jenkins.com,Kelly Ltd,94bb0a6460364ab4,v5,Set common indeed.,2026-02-28,srios,Star feel above realize husband. Key throughout general many common option beyond worry.,4
c13963db-579c-467d-bf11-cabc914c00ef,Clarke Editor,Welcome to Clarke Editor! This is the ultimate Productivity solution. Simple message what themselves read. Analysis special happen.,Productivity,10.5,1.8,True,0.0,,False,c9f160bb-73c4-453e-943b-df1e432a7dc5,Leroy Fields,adriankemp@fox-mcgrath.com,Stevens Ltd,ba3931a58dae93c7,v1,Not animal home must bag.,2026-02-18,michael32,Left window professor thought. Receive government manager identify take.,3
9b60b80f-1ff5-411a-87a5-dfeb4050ec28,Vasquez Scanner,Welcome to Vasquez Scanner! This is the ultimate Tools solution. Receive former hundred. Community other use.,Tools,5.6,2.3,True,0.0,,True,1611a0b8-9840-4231-9582-c7253453a517,Annette West,fergusonapril@williams.com,Rice-Sampson,01ddd7652f27044d,v4,Pass describe sport population order operation attention federal.,2026-03-04,sandra21,Why too coach consumer feeling. Eat understand black speech we.,4
bc7011ac-a28c-487a-941f-899f693a171f,Master Guard,Welcome to Master Guard! This is the ultimate Tools solution. Daughter analysis size so manager blue. Whatever music wonder.,Tools,6.7,2.9,True,0.0,,True,bd19bd2d-0334-4a86-a066-1f09ff4201b6,Christian Nelson,singhsteven@frost.net,Weaver-Ray,6d311294ed88c4e5,v4,Town college nothing account former.,2026-02-14,crobinson,Think most place number you participant possible. Truth black thus throw challenge.,5
1e9a3fb0-5092-4381-a08d-09fbf049ae79,Tax Mean,Welcome to Tax Mean! This is the ultimate Finance solution. Show over yeah candidate board.,Finance,3.5,3.6,True,0.0,,True,f15ea89b-69f0-4474-ab86-22499d73b389,Alexander Burns,abowman@hernandez.com,Lopez and Sons,d8ee843c3f7ff81d,v1,Miss fight bad imagine.,2026-02-19,qhicks,Amount game amount dog those strategy within. Finally you first.,4
db7184a6-a193-4ef2-8a31-bfc97b3641e7,Shadow Test,Welcome to Shadow Test! This is the ultimate Games solution. Spend improve model study mind wish too. Sport imagine art moment.,Games,11.1,2.9,False,14.72,USD,True,890bb09b-4282-4d5c-a8cf-7cdd06388d7c,Amanda Lopez,john25@gardner.net,"Lopez, May and Mahoney",efc67ef4d04c6cb0,v5,Country red artist.,2026-03-13,ibarrett,Feeling these him fight. Political stage degree necessary machine age provide.,4
a35b8254-fc17-4f77-8d3f-0d8aed36f0f1,Master Zachary,Welcome to Master Zachary! This is the ultimate Tools solution. Hour smile already scene.,Tools,7.4,1.3,False,32.26,USD,True,2a08a788-f25e-4b10-9030-2f25ab362e1f,Jack George,thomas44@strong.com,Ferguson-Buck,3e44422912545161,v2,White defense feeling share debate ago.,2026-01-10,corycarter,Car nation cell second.,1
2ec2286d-6f0f-4e3c-9477-9fb78bb9893a,Lightsalmon Editor,Welcome to Lightsalmon Editor! This is the ultimate Productivity solution. Unit possible garden.,Productivity,7.1,4.1,False,37.93,USD,True,0feda1e6-2301-4e14-a9b1-74c898858fd7,Debbie Perez,gstewart@brady.com,Todd and Sons,600e540a8a593e35,v4,Those woman task another since cause your.,2026-01-22,ffrey,Care operation until actually. Student hotel foreign factor.,1
c62aca34-047f-4367-95fa-436091a54ff0,Khaki Pro,Welcome to Khaki Pro! This is the ultimate Tools solution. Read president message manager.,Tools,8.9,3.1,False,33.86,USD,False,d823f167-7d2a-4d86-82b1-7b3970e2423b,Robert Wilcox,greenrichard@walsh-miller.org,Rose PLC,3343f5b0bc542d88,v2,If trip city front.,2026-02-19,duncankimberly,Away memory amount. Evening follow security garden yeah account college.,1
ceb5568a-f5d2-4939-a590-2741bde777a5,Easy Adam,Welcome to Easy Adam! This is the ultimate Productivity solution. Choose thank whether structure employee continue.,Productivity,1.6,2.1,True,0.0,,True,2b785b29-4ae5-4291-ae85-3b396025d958,Leah Rodriguez,paul02@dickerson.com,Arnold-Harvey,e8deabeb16fee557,v1,Left than majority describe system explain.,2026-03-11,jtorres,Customer performance alone behind whether. Above red per born.,2
20bff0e9-feec-4dd3-9ede-f48e245b72d6,Whitesmoke Social,Welcome to Whitesmoke Social! This is the ultimate Social solution. Camera red newspaper oil party somebody political job. First move response test per guess.,Social,11.4,1.3,False,4.53,USD,True,e96dca8f-2159-4aa0-9c9d-f871cd3202cb,Jeremy Russell,ginaalvarez@torres.com,Murray-James,a980742d89d1aef5,v4,Sea military talk remain loss.,2026-02-12,karinamyers,Matter suddenly general population. Although floor development along control boy.,4
ca159cbe-1928-4e0d-a997-730cbb941b81,Circle Idea,Welcome to Circle Idea! This is the ultimate Social solution. Political eight pick five than inside believe. Plan heavy work find central give.,Social,8.2,1.9,True,0.0,,True,e2a331de-749c-483b-94a6-1503bfbb4cfe,Sherri Smith,whitekimberly@smith-king.com,Haas-Henderson,2f54a4aaede6f2ac,v3,Lose subject glass ever almost especially.,2026-02-05,sandralowery,Sport night often actually. Surface explain much strong.,2
ca9cff67-8cc5-468e-820e-75fc8d256b27,Darkorchid Arena,Welcome to Darkorchid Arena! This is the ultimate Games solution. Executive wall base stop.,Games,4.0,4.9,False,8.37,USD,False,1469867a-5aa0-45f6-8b89-5a92759eefdf,Kristin Fuentes,michelle50@farmer.biz,Gardner-Fisher,cc0921d2edb428d4,v5,Any huge when subject executive yet begin.,2026-02-22,lwilliams,Vote door notice its enough wonder. Sister point letter increase item baby.,2
463f9b13-2b7b-4bf1-bb0d-e32577f55e70,Callahan Post,Welcome to Callahan Post! This is the ultimate Social solution. Great seven threat film short perform. Whose plant quality maybe site analysis.,Social,5.0,3.8,True,0.0,,False,7381764b-f650-4e2e-9094-9e4e1ddc8561,Nicolas Burns,jonathanfigueroa@white-porter.net,Reyes Inc,97f9c63af9050069,v3,Today ready key that note.,2026-02-12,samanthaedwards,Wonder east appear always. Agree possible son until market wonder. Soldier attorney not exist name.,4
d2ac77c6-65d8-4c1c-9c22-da73a4113796,Penny Sharon,Welcome to Penny Sharon! This is the ultimate Finance solution. Education policy name hot fear.,Finance,11.9,1.4,False,14.33,USD,False,b99bce99-b1b0-4eff-b55e-06a5df3226cc,Jack Zamora,paulhuang@clay.com,"Rogers, Smith and Jones",b9ba3ac690026310,v1,Finish none lawyer let so important ok finally.,2026-02-01,maryross,Guess or us specific safe data. Improve week relate bag thousand me yeah.,4
8369a1cb-a7a0-4026-b470-e2019a00766e,Ellis Tutor,Welcome to Ellis Tutor! This is the ultimate Education solution. Analysis billion region hour such she answer.,Education,12.9,1.5,False,43.16,USD,True,25a9e3ea-057a-4593-834d-c3c595f38da4,Roy Yates,dgarcia@mccoy-moore.com,Briggs and Sons,cbec2399a3932b0f,v3,Fear many successful course without explain owner.,2026-03-09,christopher30,Somebody teach week eat.,2
c0aeeced-9ef7-4294-859a-1454e2cf6a2f,Lawrence Gram,Welcome to Lawrence Gram! This is the ultimate Social solution. Help room cause eight. Agency candidate few social marriage.,Social,12.4,4.2,False,4.14,USD,True,019afd53-a314-4d64-93e7-12a6133d84dc,Jessica Foster,enichols@berry-scott.com,"Higgins, Carlson and Walker",4090f01e18e43406,v4,Itself international option.,2026-01-17,grantryan,Bit Mr late gas allow professor bill. Large newspaper manager.,5
f4ed606c-a701-4614-9ee8-0c4fd2ba44bf,Master Collection,Welcome to Master Collection! This is the ultimate Tools solution. Three medical us responsibility.,Tools,7.6,2.9,True,0.0,,True,422b06eb-72c0-40b9-889d-bc53f7c495ef,Benjamin Nguyen,dboone@austin.biz,"Hill, Meyer and Mccullough",2128fda6e1497c01,v3,Industry marriage hotel seven.,2026-02-02,blakejones,East while table yet. Head talk television remain fish.,1
8c020b43-4d0c-4b4e-b8e7-0396b45ae455,Talk Network,Welcome to Talk Network! This is the ultimate Social solution. East need play that yourself father.,Social,11.5,2.2,False,19.33,USD,True,95116b09-6283-4f8d-9d05-654731f14e90,Mary Long,karen85@washington-garcia.net,"Gentry, Garrett and Willis",0c99b0aa9f4b66b6,v4,Up practice seem attorney reality.,2026-03-03,andrewjohnston,End player wide his avoid stay. Vote space eye class any end near. Eye form life some work give.,5
d839f5a6-744a-48ae-97eb-f09661ddab9a,Cadetblue App,Welcome to Cadetblue App! This is the ultimate Tools solution. Play difficult ask beyond always treatment little. Huge level hit unit difficult agent morning need.,Tools,10.1,2.5,True,0.0,,True,a5464cb2-6cdd-484b-8dd7-77cf8fefd40d,Matthew Nelson,sarahcollier@gibson.com,"Douglas, Bell and Huerta",101e8db637704737,v5,Kid political maintain fear understand country they.,2026-02-20,brian90,No significant training so loss. Country all perhaps pattern his. Back act detail hear real.,1
40e18609-3b38-4259-86ad-f441ca9d577c,Cleaner Boost,Welcome to Cleaner Boost! This is the ultimate Tools solution. Pick walk this choose work player. Suddenly anything wife animal.,Tools,10.0,3.6,True,0.0,,False,08f21d8b-1301-4bb5-b9dd-f18d1071fb52,Felicia Bullock,vturner@smith-price.org,Horn PLC,175ac50773786100,v5,Where particularly well position charge.,2026-03-03,christinacruz,Actually young my purpose. Only break apply figure serious serious.,5
77de14c8-ac77-46c0-9000-e1ffc12075e3,Vibe Social,Welcome to Vibe Social! This is the ultimate Social solution. Score social let two western. Might ask arrive provide despite.,Social,4.5,2.7,False,34.61,USD,False,a7b00450-2bb9-4cb6-ab1c-092a9929c5b7,Veronica Carpenter,patrickespinoza@mercer-meadows.com,Wood and Sons,86230208c0765334,v1,Relationship thing her rate his.,2026-03-02,huntnicholas,"Clear democratic with.
Message step two happen.",2
9434b140-8394-4834-9b3a-c74e355534f5,Phillips Tutor,Welcome to Phillips Tutor! This is the ultimate Education solution. Where meet short. Single compare crime knowledge together.,Education,8.1,1.6,False,42.04,USD,True,a1789e80-20a7-4b79-8f36-5659b887fd49,Justin Brown DDS,ijimenez@lopez.com,"Porter, Gonzalez and Schaefer",5b38e4349b91260d,v4,House option usually fight.,2026-01-02,glara,"My speak building safe parent.
Town gun involve box opportunity. Where first whose couple.",4
b2dc7269-c69c-4804-8a4e-d33ae5445fb0,Focus Financial,Welcome to Focus Financial! This is the ultimate Productivity solution. Health last full. He fall environmental clear consider create hair manager.,Productivity,11.7,4.3,False,33.26,USD,False,701edf20-eaff-4c44-8213-5c66539ec40e,Jeffrey Howard,reginajohnson@reynolds.com,Scott-Colon,49bd06fda7bc8b2b,v2,Left because truth high.,2026-01-21,andrewsmith,Wear sea total true customer strong. Total civil win moment unit middle performance represent.,1
4fa44433-e4b4-4dba-8436-9f5c4622ee8b,Miller Bank,Welcome to Miller Bank! This is the ultimate Finance solution. Discussion future professor hotel knowledge blood. Thing anyone who movement.,Finance,4.7,2.3,True,0.0,,False,d5e12356-3cf1-48ce-99d1-f16806d21af4,Joshua Bennett,tbaker@barron.net,Kim-Andersen,e2d01b5f658caac9,v1,Career eye product nice.,2026-01-10,tammyadams,Look face dog. Fly young field fall.,1
a4373482-1f31-4cd6-a49c-5b81fb45f5fa,Papayawhip Scanner,Welcome to Papayawhip Scanner! This is the ultimate Tools solution. Here west concern like exist keep.,Tools,3.8,3.3,False,32.61,USD,False,4e6564df-c6ab-462a-b649-e86564758a13,Darryl Young,ohowell@sullivan.com,"Powell, Thompson and Dickson",b33ec8de34b963bf,v2,He much group window but choose fight.,2026-03-03,lbrown,Left interest letter outside. May visit hot final forget.,5
af701f07-ea1c-4104-b268-87dcc8295de7,Shadow Angel,Welcome to Shadow Angel! This is the ultimate Games solution. Write least official. Camera name choice authority.,Games,2.5,1.4,False,28.23,USD,False,a38feb28-cd39-4853-9456-33b89fa530b8,James Dorsey,angeladelacruz@swanson.info,Martin-Ramirez,9f1008d1d77a5e24,v1,Front serve well far parent give degree.,2026-01-17,justin00,In others identify.,4
2e036668-f75b-4fea-a7f5-2924dc0475a2,Baldwin Tool,Welcome to Baldwin Tool! This is the ultimate Tools solution. Play charge machine focus less peace.,Tools,2.0,1.1,False,3.75,USD,True,f4cd740a-0973-4e91-8eaa-98acfe9c952c,Devon Gardner,robertbarnett@porter.com,Blackwell-Smith,0d4fc1b6a19bd996,v3,Ten only on agreement into.,2026-01-06,brandi58,Then movement house yeah. Affect maintain look former day including car.,1
2962905f-ce0e-4934-8e8c-ad20bb0fa06e,Simple Planner,Welcome to Simple Planner! This is the ultimate Productivity solution. Nature nor stand Republican.,Productivity,10.8,2.4,False,43.37,USD,True,ac05cd39-1fcf-4990-82cb-d6a49bd89428,Tommy Ayala,omiller@king.net,"Martinez, Franco and Buchanan",f991c26aa1599ca7,v5,Need unit room ready smile fear enough.,2026-03-10,jilljohnson,She they site treat science dog us. Work big development nation school each.,4
81d33784-335b-4e2f-afff-251c26f57e43,Mediumorchid Stream,Welcome to Mediumorchid Stream! This is the ultimate Social solution. Authority to walk. Course across have nature can.,Social,12.3,2.0,True,0.0,,True,4b1b0894-3b23-48d8-8057-51c11e545294,Linda Thompson,ericajohnson@todd.info,"Carr, Lloyd and Chaney",0242a5350007922f,v5,Source should dark provide.,2026-01-29,ncarter,Expert indeed study cup them. Computer consumer recent wait paper manage left.,3
09c2b653-bc73-48dd-9313-ea7931bc301f,Darkolivegreen Manager,Welcome to Darkolivegreen Manager! This is the ultimate Productivity solution. Despite reason painting. Value daughter well sea prevent.,Productivity,11.8,2.9,False,2.34,USD,True,a42fd57a-d885-44a2-b3ca-a8b7b081cdda,Christina Ortiz,barrykimberly@vega.com,"Lopez, Gentry and Harris",ed609f0dbcd8fb93,v3,Build play mother social write large event.,2026-01-07,oliverstephen,Discover goal available keep design before performance as. Very wide special along let hope.,4
2e6eae52-4550-47f5-9bbb-8c17f076890e,Cloud Manager,Welcome to Cloud Manager! This is the ultimate Productivity solution. Quite civil food interesting admit.,Productivity,2.1,5.0,True,0.0,,False,62debc52-1184-451c-befe-291fe1ea3af7,Lindsey Brewer,gclay@lyons-jones.com,Porter Ltd,615fd9195bdcbef5,v3,Sport interesting institution answer.,2026-03-13,crystaljackson,Prove role for heavy out story foreign. Material including however world choose such.,4
7813c6df-3c6e-4b7a-8719-6a829baa67c6,Connect Caleb,Welcome to Connect Caleb! This is the ultimate Social solution. Opportunity accept sea better child.,Social,11.9,4.2,True,0.0,,False,c9c38d77-56fe-482f-83df-14f64a9b927a,Abigail Galvan,mcclureeric@ortiz.com,Smith Group,9dd4c93f5f8689e8,v4,Occur Democrat college.,2026-02-21,kennethsmith,Really soldier suddenly consider. A everyone walk air when response thing.,1
0c4dae15-d78b-4054-8d56-84e90a6647af,Secure Significant,Welcome to Secure Significant! This is the ultimate Tools solution. Why adult force suddenly. White dog line charge behind probably unit when.,Tools,5.8,4.7,True,0.0,,True,b9289ba9-a84d-4503-8711-f651f211b8f8,Joshua Perry,amclaughlin@johnson-murray.net,Rodriguez PLC,1070dac3a2dd684c,v5,Series work town you.,2026-01-28,alexiswilcox,Thank share point protect. Sell which popular break. Together cost high someone attorney we.,2
4d945fb3-b589-4d47-8a9f-1e669cfe14b7,Chat Post,Welcome to Chat Post! This is the ultimate Social solution. Off might record despite enough kind up because.,Social,4.7,2.1,True,0.0,,True,3c1e81c6-2d15-491f-b01a-1c702cfda94c,Ruth Walter,cookscott@payne-caldwell.com,Martin-Wilson,294aa1a2561aaa35,v5,Less line yeah fear.,2026-02-18,joneshunter,Court until growth way foreign. Whom raise much.,5
e87c1a5d-d492-4151-8f62-d570398013cd,Cooper Guard,Welcome to Cooper Guard! This is the ultimate Tools solution. Federal fast same certain vote throughout look. High create likely red.,Tools,3.8,3.1,False,37.06,USD,False,1c4fc517-8033-427a-9a5e-c298516dbcec,Melissa Clark,clarkeric@henderson.info,Bailey-Rodriguez,25b9c6ad38adc3dc,v3,Sometimes wife inside military point.,2026-01-09,zclark,Right soon try easy sea. Minute light professor whole law.,1
174c9a74-7aea-4693-8a15-523b59d2c3ec,Ferrell Network,Welcome to Ferrell Network! This is the ultimate Social solution. Form that theory along. Ten possible side political prove every lead.,Social,1.4,3.9,False,32.35,USD,False,8548940d-663b-49bd-9d2f-5366f71d2f3e,Andrew Howard,petertaylor@gillespie.biz,"Bruce, Cochran and Baker",c898d09182d12dae,v1,Purpose sort fill lay.,2026-02-12,fischerelizabeth,"Think and about project quality.
Moment everybody open budget. Audience product at tax speech all.",2
4e5ca46b-f196-4f41-a7dc-22026f12b0dc,Master Boy,Welcome to Master Boy! This is the ultimate Tools solution. Process owner always position environment message because. Record history rich before town.,Tools,7.2,4.0,True,0.0,,True,59ff0168-9eb4-4fe5-8313-0c72120cdb16,Andrew York,karaking@sanchez.biz,Jackson Ltd,f3b354d13c575a87,v4,Recently under piece area space.,2026-03-01,otrujillo,Hospital soon TV write page all whether. Chance education sense like state.,2
9c5fd28a-9c7b-4c32-b70c-0fd7693223f0,Baker Task,Welcome to Baker Task! This is the ultimate Productivity solution. Become blood series manager surface hand moment.,Productivity,9.3,1.2,True,0.0,,False,ebe9622c-2ba0-42e8-908b-a9c87c175595,Jerry Singh,tonywilkins@robertson.net,Smith-Walker,b71573c11fc67f18,v1,Relationship lead worry Democrat term.,2026-03-01,ttapia,Simple state TV hit director behavior. Decade city human line sister major get.,2
67690aee-3b14-4d0d-ab8a-a2a411e30d20,Fix Yes,Welcome to Fix Yes! This is the ultimate Tools solution. Similar home politics hour.,Tools,1.5,3.8,False,40.12,USD,False,f79ba194-9eb1-4c00-96a9-a2e090e961a6,Austin Moore,kathyhodge@taylor.com,Martinez-Chapman,cbbd204894e1c816,v2,Bill national popular lose.,2026-02-09,holdenrobert,People notice foot team. Late born fall almost against.,4
c76a3f72-fabd-4565-a629-a603c16c0d50,Williamson Planner,Welcome to Williamson Planner! This is the ultimate Productivity solution. Some carry two history entire exactly. Finally because person more.,Productivity,8.6,3.4,True,0.0,,True,ed0b589a-5bd3-4224-a020-a2e4c5c3a375,Cheryl Wilson,robertsmary@james.com,Hunter-Green,363ea4feb4e7c4f7,v1,Thank whom north lose perform PM.,2026-02-12,erika06,Benefit continue nearly peace range. Lose hear kitchen event player.,1
d8403e0d-70b1-4317-9bda-b7d4421dc498,Friends Why,Welcome to Friends Why! This is the ultimate Social solution. Consider along century visit little several face. Deal us buy condition western.,Social,2.0,1.3,False,38.26,USD,False,2c2d4073-2d05-4633-86ef-e172ad13cc7f,William Ortiz,randyryan@ford.com,"Gibson, Bradley and Gomez",66571894b67509c4,v2,Well floor mission.,2026-01-19,haleyramirez,Mind upon yet experience market if. Statement skin Republican without big.,3
3f4056e0-694e-4c3d-9746-d9db26f450d1,Shadow Discuss,Welcome to Shadow Discuss! This is the ultimate Games solution. Light stand apply value it able small.,Games,11.0,5.0,False,13.34,USD,False,fd9325bf-b093-447b-a5e0-877dd4a149d2,Mrs. Monica Hill,deborah36@roman.biz,Conrad-Willis,cfe3815120b51104,v5,Site owner knowledge military total.,2026-03-06,donald51,Ok key turn. Wear sea indeed another quickly. Federal program only.,3
d4533d1d-ec4f-43da-824e-700cf1494291,Money Madeline,Welcome to Money Madeline! This is the ultimate Finance solution. Billion season central.,Finance,6.2,4.8,True,0.0,,False,3fe14c78-4558-41ee-8ee0-4fabcad3e961,Sheila Johnson,lisa97@gonzalez-williams.org,Fox LLC,a83a45ff53b78dc1,v3,Color stuff without the decide better.,2026-01-21,teresa29,Skin team enough just own peace travel. Team shoulder happen person arm or language.,1
29f27e6a-6ee5-494e-93e7-4386e5b81b39,Live Article,Welcome to Live Article! This is the ultimate Social solution. Increase truth say near out fact late.,Social,6.4,3.3,False,8.25,USD,True,10a5ce54-d00c-414b-ad45-78ff7a654449,Micheal Bradley,smarshall@colon-holt.net,"Johnson, Barker and Taylor",ece68805e1dc92ce,v5,Send another act bed drug condition.,2026-01-01,lisaclark,Late care type they bad end. When company truth study.,4
4e9b1dff-eff2-48d5-9692-58eb0fba3794,Penny Explain,Welcome to Penny Explain! This is the ultimate Finance solution. Every word lawyer green race majority country page.,Finance,10.0,3.2,True,0.0,,False,4e96256a-792a-4ea1-bb88-e4978c10c590,Denise King,cpeterson@james.net,Gonzales-Wright,1c2b1e5bebdcdc0b,v5,Reality production hit.,2026-03-02,dgreen,Article new enough. Class avoid unit clear to short arm.,4
88d332a0-927d-4cf9-9400-6813e08e8959,Darkseagreen Hub,Welcome to Darkseagreen Hub! This is the ultimate Social solution. Firm information actually best many.,Social,9.9,3.6,True,0.0,,False,c8e46ebd-12de-4d0e-b727-06379119a663,Danielle Bryant,sheila91@wallace.info,Garcia Group,f4ba7ce045faf281,v5,Throughout newspaper few.,2026-03-12,kevinking,Religious ten or even many popular. Per bring remember relationship Mr mouth peace.,4
55abcd4a-5a4d-47b7-8cb6-9d7b74cee79e,Beige Invest,Welcome to Beige Invest! This is the ultimate Finance solution. Point rest partner local those.,Finance,11.8,4.3,False,33.49,USD,False,9affe033-3150-44dc-b9b3-750d6f449a58,Steven Whitehead,jamie88@barnes-buchanan.com,Hernandez-Weiss,1b9949b04b51ff62,v5,Respond job fire.,2026-02-18,wabbott,Who popular culture shoulder technology career room. Attention here worry officer.,2
0b5654b6-57da-4565-91fb-80d97227c39b,Vibe Post,Welcome to Vibe Post! This is the ultimate Social solution. Modern service network probably billion PM.,Social,11.9,2.0,False,39.51,USD,False,087f599d-0cf0-4403-8d0b-c41be7c842ff,Stephen Lewis,bryantimothy@taylor.org,"Turner, Phillips and Forbes",5d91c38803df4954,v3,Feel add course item artist son difference.,2026-01-15,colinwilson,Once southern almost thank exist forget federal. Style success although civil.,5
4ca78503-4f0f-4d07-8f6d-7e06e615e537,Lightseagreen Invest,Welcome to Lightseagreen Invest! This is the ultimate Finance solution. Science there choose call already attack. Force official them need public center concern cost.,Finance,3.3,1.7,True,0.0,,False,0e20e07f-e512-4f29-82ce-6f23340397ff,Ashley Jackson,jerryjones@thomas.com,"Anthony, Taylor and Carr",891ac579f7844b31,v1,Time establish admit must you how front sea.,2026-01-14,angelaallen,Cell well drive participant least improve computer. Quite cause though street.,1
cd1006dc-1957-45fa-922d-3a5b05dab4f2,Pro Keith,Welcome to Pro Keith! This is the ultimate Productivity solution. Region structure news sometimes physical.,Productivity,6.4,4.4,True,0.0,,True,9039e720-9c78-4c8a-b277-77f5ab77b651,Lindsay Gonzalez,ustewart@vasquez-adams.com,Michael-Leonard,c70abfc8016453c6,v4,Commercial surface world thousand training Mrs future.,2026-02-12,sosajustin,Improve charge these add. Produce individual total sort west.,4
c43383f8-e8c6-44c8-8250-6d3bbe3560d7,Pink World,Welcome to Pink World! This is the ultimate Games solution. Head candidate wait.,Games,6.6,2.0,False,36.8,USD,False,d8c6eae7-7880-4d25-9f2a-0700015948da,Hannah Murphy,rhoffman@johnson.com,"Green, Grant and Vasquez",a72ba5089e7b88cf,v4,Dream good near.,2026-01-23,sarahadkins,Peace much common behind. Manage rule home should mean among something.,4
14409f0f-ce89-4dbd-aff6-a6365cf7f500,Darkred Post,Welcome to Darkred Post! This is the ultimate Social solution. Series beautiful thought sell whether into after.,Social,12.1,3.7,False,14.69,USD,True,a67f35a4-fe31-4749-ac8b-9cb3dbf60b50,Nathan Kim,adamherrera@howell-rogers.com,"Williams, Taylor and Martin",62b82db86688e8eb,v3,Human film fine high heavy parent.,2026-03-04,fmcdonald,Outside investment inside approach matter represent.,2
c29594df-a520-4bfa-8c53-cf49de1c3864,Whitesmoke Manager,Welcome to Whitesmoke Manager! This is the ultimate Productivity solution. Action nothing each find.,Productivity,3.1,3.3,False,2.68,USD,False,be8bd992-f5d0-4960-b3e9-c3ad18307f49,Matthew Smith,joseph26@mcconnell.com,Holland-Cohen,9819003db796ac0d,v4,Like imagine admit current common fact crime alone.,2026-03-02,sarahhenderson,List knowledge vote reach head.,3
a3f91423-aa7e-4151-8cfa-96e79748be99,Crypto I,Welcome to Crypto I! This is the ultimate Finance solution. Foot low forget town how suffer risk. Early cell cover performance along.,Finance,11.5,4.6,False,49.35,USD,True,2e3861c1-268f-4863-b1b5-016a2cebf78f,Erika Hall,samantha38@parsons.net,"Ellis, Schmitt and Strong",2aee64b776d0d99d,v3,Debate glass there almost almost name conference industry.,2026-01-31,edwardswilliam,Seek during color. Someone court economy evening whatever.,4
edff103c-1917-4dd2-88f4-93bc2a27672d,Skill Lab,Welcome to Skill Lab! This is the ultimate Education solution. Continue include theory music international throughout trouble. Why accept question conference arrive bit wait herself.,Education,6.7,3.1,True,0.0,,True,868687a3-993e-40be-a530-3e3753f6454a,Angela Figueroa,tayloranderson@booth-rodriguez.net,Reed-Smith,ff49b8b06e42b658,v5,Easy improve six.,2026-01-18,richardreed,Spring single box certainly right general. Offer indicate road individual.,1
ad9bd18d-5fa9-43cc-a50e-7598f4246bfa,Wallet Bank,Welcome to Wallet Bank! This is the ultimate Finance solution. Project knowledge bank read. Including alone project PM.,Finance,4.6,1.8,True,0.0,,False,c745a0c3-a7e5-48ab-b6a6-d81f15b9d715,Roberta Johnson,johnsonchristie@monroe.biz,Burns-Ramirez,fa048bfd9d68dec0,v5,Reflect woman able use federal cut firm.,2026-01-05,natashastewart,And approach these camera direction. Series environment respond minute scene.,4
d1fdc2ff-af7c-488b-b39f-0cb2f8f25121,Talk Michael,Welcome to Talk Michael! This is the ultimate Social solution. Difference low begin six state.,Social,7.6,1.4,False,6.9,USD,False,b81d4b71-3af4-465f-bc09-cea2e0d2d2f1,Elizabeth Krueger,cunninghambrandi@miller-dillon.com,Williams-Diaz,72e5de869ae97210,v5,Type perhaps view prove law by.,2026-02-04,kathleenrobinson,Important technology eat method. Current she president.,1
a8c2426f-4288-45d8-b00a-180bf3ac9283,Montoya Boost,Welcome to Montoya Boost! This is the ultimate Tools solution. Beautiful necessary indeed alone. Point work wrong court truth three me.,Tools,10.6,3.2,False,3.47,USD,False,d8f5edd2-bb2b-4ad2-9692-67a7828bf65a,John Lambert,gutierrezrichard@harmon-rich.com,Yu-Matthews,859dd1ca0e3f38d3,v1,Area teach throughout energy.,2026-03-11,sandraschroeder,Knowledge window guess sit focus. Such long data tough theory success how.,2
1557da73-df43-4dc0-8fe6-fb14f0a6578c,Battery Something,Welcome to Battery Something! This is the ultimate Tools solution. Home assume they interview. Special seek training low coach nature project.,Tools,6.3,2.5,False,46.25,USD,False,1deadc40-fc65-4098-90c7-9711def8516e,Wendy Allison,kenneth56@marquez.com,"Hoover, Gonzalez and Obrien",b3f53ad87ee4836f,v1,Once around meeting drug fine recent.,2026-02-13,caldwelldarren,My part cold sister. Subject level simple century. Member player hold.,5
5303dffb-72e6-4b9d-b04e-c5252b4cc35a,Lingua Jason,Welcome to Lingua Jason! This is the ultimate Education solution. Could north assume raise ready sister.,Education,12.0,2.5,False,16.64,USD,False,6d053002-3502-457c-b409-cc82f5aa9ccb,Brian Adams,bmathis@king-green.org,Hunter Inc,1deb1c65f6f9de75,v1,Street anyone avoid improve worker moment when.,2026-01-12,xmendez,Community military kitchen serious.,5
b3dfc71c-8593-4220-9a3d-da6d7d437694,Quick Lisa,Welcome to Quick Lisa! This is the ultimate Productivity solution. Life very than able. Outside partner husband he later.,Productivity,4.5,3.5,True,0.0,,True,08415e04-bbcb-4920-93c6-9b117fcacea3,Juan Hughes,malexander@allen-walters.net,"Smith, Chavez and Anderson",141d79e7b9cef4d1,v1,Reveal away near.,2026-02-05,davidyang,Him result method interesting win particular must same.,3
0398ec36-dd55-4965-ba61-88dd2c04ba86,Safe Vault,Welcome to Safe Vault! This is the ultimate Finance solution. Crime cost happen. List I yeah high election make.,Finance,1.8,2.6,False,31.19,USD,False,b8a9e483-52c3-4967-90aa-5a19f8f0564d,John Figueroa,davidbaker@wood.com,Simpson-Bird,da7e0f51d3629597,v3,Challenge among range maybe those.,2026-02-20,sherri15,Go responsibility issue success. Yeah can nor own than.,4
ffff2b3d-8849-47e4-8281-47afeed64aa0,Darkorange Utility,Welcome to Darkorange Utility! This is the ultimate Tools solution. Can million admit contain expect.,Tools,11.8,1.5,False,41.49,USD,False,7878ab9d-3d72-4c39-bcb3-72e15b9dc8ca,James Huerta,melinda65@james-silva.net,"Wells, Anderson and Wilkinson",475b972eebfc93e4,v5,Music leave maybe happen why camera door.,2026-01-03,davidrollins,"Since they civil business five whole.
Factor book computer.",1
2b554a0d-3a6f-477c-a5a9-b186e679418e,Yellowgreen Tutor,Welcome to Yellowgreen Tutor! This is the ultimate Education solution. Family response attorney lay series.,Education,2.7,1.4,False,40.03,USD,True,bc0d6e7b-6598-43e6-bdda-af16d46dcc7d,Kelly Gutierrez,fergusondaniel@smith.net,"Schultz, Kramer and Schultz",8a345f7278b00c18,v4,All better will game environment.,2026-02-24,shellydyer,"Show should good issue address.
Hospital believe soldier else true sing. Late law just shake court.",3
45b436fd-8315-4ba3-bb05-3ec09bd3781a,Lime Expert,Welcome to Lime Expert! This is the ultimate Tools solution. Practice camera top else author.,Tools,11.6,1.2,False,22.19,USD,False,e2608c72-eab1-4e29-89ce-063d81f1421a,Kathryn Kramer,vbailey@king.com,Little LLC,8aefa72b87b5d725,v3,Agree clear scientist recent produce another mention.,2026-02-26,debbiegonzales,Book least federal kitchen. Win special cold yet.,5
d16f58c5-37bc-4ae9-9528-7ea55d383061,Chat Despite,Welcome to Chat Despite! This is the ultimate Social solution. Control energy would office million point. Mother interview yes stock heart early.,Social,1.4,4.1,True,0.0,,True,dceeedb4-2233-4097-9cd0-5672b6fa0bf9,Kevin Simpson,stevendouglas@beck.com,"Zhang, Bennett and Friedman",1f17e323412aadf9,v1,Each of people.,2026-03-08,tanderson,Realize including deep lay. Range research professional.,5
941da70c-a437-495f-8888-e9150b48766e,West Run,Welcome to West Run! This is the ultimate Games solution. Alone top career case benefit company. Production final within before now I level seven.,Games,8.3,3.4,False,2.34,USD,False,276c1bc7-1883-4bf3-8783-827bd64022ca,Heather Henderson,patrick51@jackson-meyer.info,Wang-Smith,d6e6d1a8cdb86dc2,v1,Increase middle identify offer.,2026-01-22,kmitchell,Ever sea there simple pressure table him threat. Summer follow allow sort trouble marriage.,4
19c8bd60-b209-41df-ba54-e56179277da3,Epic Good,Welcome to Epic Good! This is the ultimate Games solution. Year watch season message sign two.,Games,8.2,2.4,True,0.0,,False,00cf3351-bd47-4e98-be0b-66e36bec14cc,Jordan Martin,ewilson@jackson-clark.biz,Wiggins LLC,e2df60c9588efc89,v4,Who throughout usually money scientist decade national.,2026-01-28,fernandezbrianna,Tax voice represent worker best.,3
ee215412-33f0-4617-bd85-d425ee1b9873,Morse Course,Welcome to Morse Course! This is the ultimate Education solution. Despite career since coach. Chance hear reality break check yeah on successful.,Education,4.5,3.6,False,33.13,USD,False,f6980709-6f4b-4432-9c01-44c1c7d16fa0,Richard Reese,rmassey@smith.org,Myers Group,b8859a3aba8ac3f8,v3,Listen meet discussion ok walk.,2026-02-07,hrice,The start discussion rest young building return. Easy TV where effort bank executive.,5
fef91a56-cc00-4f7c-8ca0-f0e0309c18d9,Live New,Welcome to Live New! This is the ultimate Social solution. Today order record next. Save bag believe.,Social,9.0,2.7,True,0.0,,True,e7e8598e-f996-4c8d-8907-e070f7463a5d,Sandra Larson,robert72@davis.com,Jones-Padilla,c3429e3abf3e96b9,v5,Create south thought soldier note serve field.,2026-01-15,holly56,Right relationship focus language leader. Nice focus TV social consumer form.,1
e3e90037-9c90-472c-be4c-bc3a9dd464fd,Smart Manager,Welcome to Smart Manager! This is the ultimate Productivity solution. Participant mother music such clearly which. Heavy be really break success.,Productivity,7.6,4.6,True,0.0,,True,69f98af5-b7b9-4b46-bcee-7f02df0c565c,Eric Landry,qfaulkner@wells-harris.info,Stevens LLC,c4fb13911b23fd9f,v1,Campaign loss pretty democratic skin money station.,2026-02-01,erinbarker,Him pretty economic. My investment plant service that.,2
91821196-a785-4cd8-a7d5-b972ff95e480,Wallet Specific,Welcome to Wallet Specific! This is the ultimate Finance solution. Nearly because pull spring happy west return impact. Theory far candidate customer ever continue.,Finance,9.3,2.0,True,0.0,,True,84621308-8de7-47ee-9407-dd4802af73e0,Donald Leblanc,amanda77@fowler.biz,"Evans, Morris and Fletcher",39efbf88f76b3d3b,v5,Alone rule food Republican physical.,2026-01-13,davidortiz,Include late claim parent. Protect security down set. Decision candidate to old all up.,4
06b555e4-de7c-49ba-9384-57d752df7248,Academy Campaign,Welcome to Academy Campaign! This is the ultimate Education solution. Pm consumer stock attorney.,Education,8.5,3.1,False,49.12,USD,True,6a032a74-fcd6-426c-9672-bd22532a1930,Sierra Ortiz,michaelnguyen@perez.net,Jennings-Cherry,2f4f0460a5c1b525,v3,Floor treat only bed focus.,2026-01-07,gregorybaker,Discuss war sell choice better customer rather apply. At significant director figure.,2
2e3e9de1-53f6-4299-aa23-c4f7c07b5113,Vibe Christopher,Welcome to Vibe Christopher! This is the ultimate Social solution. Religious suffer begin subject.,Social,8.8,2.1,False,31.16,USD,False,812af2a9-c664-495a-b39a-bfc5725fa164,Jason Hahn,sdavis@silva-graham.com,"Martinez, Mckay and Richard",24ff21b317c1a203,v4,Just already month federal by nearly democratic.,2026-02-09,nortonchristina,Network west help matter edge minute. Town street card indicate. Change but many short.,5
c3d4aea8-b848-4f9f-bdd2-d2b3ca7f3263,Cloud Peggy,Welcome to Cloud Peggy! This is the ultimate Productivity solution. Book as father price. Save country job center.,Productivity,2.5,4.8,False,7.74,USD,True,ddadd92f-25de-4c89-a97e-0b68de7f421e,John Jones,catherine28@massey.com,Morales-Williams,cd28448d83650a15,v5,Step machine soldier race cut usually mean beyond.,2026-01-18,hsingh,Despite past source trade. Write wall what economic. Result anyone history term growth rate their.,2
0cf5ae66-cd9c-4de6-94ef-d8c5b2173f8e,Power Mr,Welcome to Power Mr! This is the ultimate Tools solution. Itself you ten would yourself.,Tools,11.4,3.7,True,0.0,,False,ec201002-5bcf-4134-ad3d-3abddf9ed174,Ian Olson,jellis@atkinson-carson.net,Dawson Inc,25bcb211e40809c9,v3,Itself tough parent if understand very.,2026-01-01,dsanchez,Also worker over expect rich instead hair per. Deep hospital type single new.,4
3c501588-0df3-46cc-b0f9-ffc2959ddb63,Live Benefit,Welcome to Live Benefit! This is the ultimate Social solution. Wear part good.,Social,2.2,4.7,False,31.76,USD,False,5969f0c3-61f0-4dc9-9d30-998c8793f062,Renee Myers,taylorlarry@fowler.com,"Grant, Clark and Oconnor",f50532935d0dd67c,v4,Learn thank indicate good less life claim.,2026-01-15,gjones,Type design fact meet all. Plan these allow.,2
20dcad3b-0947-4c15-94a7-241a52a6e540,Cornsilk Editor,Welcome to Cornsilk Editor! This is the ultimate Productivity solution. Rich executive theory culture during job.,Productivity,8.9,4.7,True,0.0,,True,5589aa2a-bd9b-4798-b28a-b4a8c3b05da0,Pamela Holt,mooreerica@castillo-blair.biz,Johnson PLC,33263a7d0c628f29,v1,Just others recognize challenge.,2026-03-13,alicia76,Policy beautiful reflect dog probably. Site miss everybody.,4
d1c71517-2818-4e8b-8e1c-e788d7b93f96,Fix Hannah,Welcome to Fix Hannah! This is the ultimate Tools solution. Every weight significant agency itself price choice.,Tools,10.8,3.6,True,0.0,,True,8530d085-36cc-4a01-833d-f427bc2494ac,Jennifer Perez,robingarcia@hurst.com,Adams-May,3998fc6115286e0c,v3,Follow a huge would PM boy within.,2026-03-05,patricia70,Already page bed bar start response. Three body message else rise.,3
9fb765d1-cba3-412a-9cd9-c7590ac024e7,Cloud Amy,Welcome to Cloud Amy! This is the ultimate Productivity solution. Carry number above government process.,Productivity,5.6,2.6,True,0.0,,False,35005c22-16c3-4e25-8415-e0fe1e063a04,Melanie Curtis,jordan35@chambers.info,Robinson-Williams,335eb77f36f237b3,v5,Lead card never ok list.,2026-02-11,jacksonmark,Reduce south environmental little morning. Walk effect fill open stop apply.,5
f6ee5442-f74c-477a-84a9-336aa78cb80a,Kelly Saga,Welcome to Kelly Saga! This is the ultimate Games solution. Particularly another performance through. Bag house defense community local such small section.,Games,5.0,3.0,False,37.47,USD,True,e01fa212-25c1-4799-9773-d8d64045ec58,James Grant,henry66@raymond.com,Griffith-Collins,41fb784c1a94281e,v3,War evening heavy practice particularly level not.,2026-02-09,gonzalescarmen,Yourself writer Mrs science stuff low. Now edge contain their top cut bad.,2
45851ce5-9662-4a7f-9296-af49a1b85e8f,Master Blue,Welcome to Master Blue! This is the ultimate Education solution. President painting blue within.,Education,2.2,3.1,False,31.55,USD,True,8ba2d8b2-64b0-4878-a264-e740141d178d,Ronald Smith,todd59@ford-barber.com,"Hicks, Prince and Kelly",eaab61d7c19d0278,v4,Book center laugh above sometimes.,2026-01-21,ryan98,Resource to keep strong budget enter card. Rather other language.,5
5f0d5938-d3b4-40d7-934c-1d3268dfd752,Vibe Connor,Welcome to Vibe Connor! This is the ultimate Social solution. Then arm attention suddenly necessary pattern. Stock herself describe give.,Social,9.2,1.3,False,29.23,USD,False,f629848d-31a8-4776-bbde-6a742cbfa4ad,Amy Underwood,vwalker@drake-jenkins.com,Graves-Delgado,68758c7c59206027,v1,Interesting agree listen choose.,2026-01-01,lhood,Major look three. Teacher total stop understand without trade. Other blood pretty happen main.,4
848a246b-d273-44b9-b0a0-e26c07e5e5da,Hartman Finance,Welcome to Hartman Finance! This is the ultimate Finance solution. Level majority arm material. Century political realize remain value.,Finance,6.6,4.6,True,0.0,,True,bf7e1e98-df76-4609-a470-c40f8666b63e,Julia Taylor,jasmine02@allen-keller.net,Gilmore-Fields,e01bfecc149b4fa9,v2,Modern would one four.,2026-01-07,santiagokatie,Name factor car beyond relationship.,4
30bfefca-d4a8-4a67-ab91-7230821e0499,Live Tell,Welcome to Live Tell! This is the ultimate Social solution. Such me it travel.,Social,3.2,2.9,False,7.06,USD,True,6bb23a3b-91ca-4322-8061-ff9f0dde012d,Douglas Skinner,jonesjohn@levine.com,Pope LLC,98e15610e066e763,v4,Thousand artist personal.,2026-01-07,irodriguez,Remain reduce all rich shoulder risk difference huge. Back win mean year.,4
88656c2a-41a5-4db5-a517-0848495d6556,Word Although,Welcome to Word Although! This is the ultimate Education solution. Though usually expect wind mention art. Hope least want indeed not.,Education,3.4,4.4,True,0.0,,False,a80597ee-d3a4-4f0c-9f77-9e20a9c909b9,Daniel Black,arice@cordova.com,Evans-Hill,d2643d3ba27694d7,v3,Successful white together it meet election hundred.,2026-01-18,lisaclark,Congress individual suffer cell money sign hear. Nice book likely page law dark film positive.,2
1360eb94-2bf8-45a0-a4f2-3ee38b9506a7,Pixel Through,Welcome to Pixel Through! This is the ultimate Games solution. Then people turn environmental. Ahead ago everybody short executive.,Games,5.6,1.8,False,4.44,USD,True,3ff37bc8-8141-4f65-a146-78957b270736,Cynthia Herrera,michaela56@blair-wong.biz,"Martinez, Perez and Bell",f71ee0f141a339a5,v4,Case movement hospital past resource argue.,2026-01-13,caitlinphillips,Seem might foot foreign from skin.,4
3026af32-f0c1-4339-b7ae-f37512619a0c,Thompson Battle,Welcome to Thompson Battle! This is the ultimate Games solution. Manager yet speak especially.,Games,1.1,4.7,False,30.84,USD,False,7583b672-6301-40c1-8b4d-fe2313642ed4,Elizabeth Silva,ipace@rogers.com,"Strong, Harper and Pierce",876fba64ffbb1601,v4,Any soldier than.,2026-01-29,paul09,How everyone reality newspaper past.,3
c4f9c1fd-d418-428d-a97d-89f63fc74d99,Gold Coin,Welcome to Gold Coin! This is the ultimate Finance solution. Land home pull way tell. Within rule leg piece near especially.,Finance,10.5,4.4,True,0.0,,True,13d42da5-a8db-4500-af29-7462d4a0015d,Alyssa Murphy,bryanramirez@brown.com,Reed Ltd,4242c42e1455f12f,v3,Street near seem together claim scene.,2026-02-09,crose,Home current bar major personal gun. Item goal foreign southern while capital.,5
c51dd944-f73c-4e12-ab6c-2dc59a947030,Fix Already,Welcome to Fix Already! This is the ultimate Tools solution. Career product decade suffer difference sound many.,Tools,8.8,4.1,True,0.0,,True,6dfdc690-5c83-4ab1-9d52-543ffd5d1bf7,Shane Stewart,tamara16@stevens.com,"Moore, Leonard and Cordova",aa04289f674a5ab7,v3,Something owner growth stop.,2026-02-09,pharris,Station provide effort lay somebody start son. Society happy father your short.,1
fab37752-d9fe-490e-85f5-1314ad84f23d,Angry Run,Welcome to Angry Run! This is the ultimate Games solution. Section pull resource message speak.,Games,3.2,3.4,False,41.02,USD,True,a646e387-0251-4f6d-a26a-925d73da11b2,Vincent Fox,charles95@thompson.com,Ballard-Hernandez,d8dd8238223702a2,v1,Compare after weight floor.,2026-03-08,pittmanchad,Speak society significant. Collection pretty news manage whose sound again.,4
076fd597-f39c-4cf1-b16a-07637e8c9aeb,Rosybrown Organizer,Welcome to Rosybrown Organizer! This is the ultimate Productivity solution. If try ok improve job.,Productivity,7.7,1.5,False,23.91,USD,True,caa08ad6-23e4-4131-b31f-136fb38cd1e4,Elizabeth Watson,susanmendez@miller-taylor.com,"Whitaker, Cooper and Williams",58a377ec55c4431e,v2,Challenge which by tonight government third protect.,2026-03-12,awilson,Area could wide main situation involve. Enough history home. Senior must sign others it.,1
53224c8e-ce7e-4d7d-be80-6c93afeb9e22,Fix There,Welcome to Fix There! This is the ultimate Tools solution. Reach follow federal. Specific conference capital prevent maintain four since bill.,Tools,3.6,3.9,True,0.0,,True,1f70156c-d7a3-48af-8853-e79abf49888f,Eric Fry,martinstephanie@flores-richardson.org,"White, Pugh and Smith",0f48212bbb738694,v3,Any loss election.,2026-01-03,michaelcooke,Important bad raise surface statement across.,5
d830e174-7406-4e49-861e-6f26ff6fb4c6,Darkred Quest,Welcome to Darkred Quest! This is the ultimate Games solution. With nature computer watch course article. Yard feel another much.,Games,11.2,3.5,False,1.36,USD,False,6751ec7a-40e0-4f1d-a778-098cc7c6a9cf,Angela Bradley,jennadavis@palmer-brown.info,Wilson Inc,dcc0bd84cba03ad1,v5,Force card day.,2026-03-10,tonyamorris,Away newspaper list whole news common soon. Foot technology issue seek.,2
f57023ad-1063-4f38-8c4f-966e49728caa,Extreme Next,Welcome to Extreme Next! This is the ultimate Games solution. Turn than herself work garden little decade want. Prevent research community body number ground.,Games,1.3,4.1,True,0.0,,False,6ad97a95-b9de-4807-80c4-a51c6a03d51e,Curtis Reed,josephjohnson@briggs.info,Johnson Inc,06dff05678a006fa,v4,Direction avoid yes.,2026-03-02,christopher35,Body organization nearly book. Push need store though organization process who.,1
8cd83acf-00f6-4a9e-a977-83127783f485,Navajowhite Boost,Welcome to Navajowhite Boost! This is the ultimate Tools solution. Before Mr year discover garden west southern sometimes. Us half serve still plan community.,Tools,10.0,4.9,False,23.0,USD,False,e70f9a11-72d4-4294-99b9-5266b092d763,Steven Graham,shanegilbert@thomas-wood.biz,Schwartz LLC,25c85d274040e207,v5,Read skill performance.,2026-01-25,ryanrivera,Land skin price improve. Later paper full consumer Mrs. Tv base those true young interesting ok.,4
049153f2-df32-4da5-99cd-8af1a933c4aa,Orangered Flow,Welcome to Orangered Flow! This is the ultimate Productivity solution. Something task maybe perform hundred identify. Sport sometimes whose fear investment.,Productivity,3.2,4.5,True,0.0,,False,d2dcbd90-05e6-4377-96d8-236a7243c6af,Kelly Smith,williammorris@soto.com,"Brown, Becker and Torres",340147d76352150a,v4,Hospital visit prepare help religious according now.,2026-01-05,shelby02,Eight sort network life under send white. Across ten Democrat head year week.,2
87c75295-9969-4b91-8dd9-74d6d476edb7,Lewis Task,Welcome to Lewis Task! This is the ultimate Productivity solution. Else federal position science church alone.,Productivity,10.5,3.1,False,40.3,USD,False,d8a63d22-2586-4d7b-9377-c3474e82d83c,John Anderson,sarah75@buchanan.biz,Mahoney PLC,dd2dc9ef028d5f3d,v2,During fish to necessary.,2026-01-07,briannabailey,Outside couple foreign friend structure end maybe. Point data president open him see room as.,2
028b13c0-b2ab-4b21-a7b4-3cf8ddf6ab8d,Warner Helper,Welcome to Warner Helper! This is the ultimate Education solution. Plant street born million personal. Participant believe senior reflect.,Education,4.8,2.4,False,14.72,USD,False,6392c9d1-bd65-4d4e-b80f-828646bd91ae,Kim Murillo,dvincent@stewart-barr.info,Everett PLC,a37f46eaaf147e36,v2,Each party write traditional paper our.,2026-02-18,tinaparker,Half pull drop reason book. Eat easy behavior occur beat. Break decide morning news.,3
0b4d2216-b332-4ba3-95d7-742d70b2b18a,Harrison Study,Welcome to Harrison Study! This is the ultimate Education solution. Go group cause the century born table significant.,Education,2.2,4.4,True,0.0,,False,43970e56-13a1-477f-bea3-d43177a55dc0,Susan Young,juantucker@mcdonald.net,Brown-Jacobs,f46c9539e8127011,v5,Food money traditional fast purpose enjoy area.,2026-02-12,daniel48,Seem college third campaign official describe real.,1
082fd473-8a69-4b22-850a-9c62a23dbcb8,Ghostwhite Helper,Welcome to Ghostwhite Helper! This is the ultimate Tools solution. Policy run attorney national central. Seat herself industry far huge.,Tools,2.8,3.1,False,8.62,USD,False,b8a58564-4dde-43d9-881d-60602cde9c8a,Robert Gallagher,curtis55@lee.net,Scott-Garrison,1fb513dee81d72de,v4,Show cover over goal.,2026-03-04,robin43,Heavy without age similar strategy example.,5
b8f36c48-4df9-434d-8a19-f01bbed182d9,Word Tutor,Welcome to Word Tutor! This is the ultimate Education solution. Imagine he against natural they public.,Education,1.7,1.0,False,47.94,USD,False,5f84f0f2-4b5b-4fb9-bf2d-253cb8a77e20,Timothy Johnson,duncanhailey@solis-davis.net,Holloway-Thompson,4dc30de11b7b588e,v5,Significant choice like body.,2026-01-12,christopher59,Season feeling protect common whole. About firm offer speak glass phone.,3
27a9e6e6-b8a7-46a4-a90d-526cec6e282b,Snap Off,Welcome to Snap Off! This is the ultimate Social solution. Laugh arrive evening technology.,Social,7.4,4.7,True,0.0,,True,f19d10ad-c466-4b99-bcb8-21a04c7b309d,Aaron Ford,christinawebster@mcclure.com,Smith Group,df9cf0939f256890,v2,Skill see theory month involve best happen.,2026-01-28,fergusonpamela,Church call human general. Team fly indicate degree partner ground perform.,5
8a1ad558-cbf7-4d0f-a14a-3fdb137d536b,Orchid Helper,Welcome to Orchid Helper! This is the ultimate Tools solution. Through receive important bill really. Future water often prepare.,Tools,11.4,2.7,True,0.0,,True,26935014-120d-4409-a239-b4aabd6b523c,Holly Ferguson,cmurphy@frederick.org,Lewis-Peterson,16ccea1db290e437,v1,Blood case cell find least serious structure member.,2026-01-28,martinamy,Fear whole identify discover who. His maintain else car after. Leader television student son.,3
b7ee3581-6212-4bed-921f-30c5a38a9fe8,Honeydew Cards,Welcome to Honeydew Cards! This is the ultimate Education solution. Everybody another give exist. Stop campaign need form involve safe.,Education,10.9,2.9,False,23.52,USD,False,e04d54d8-5d0b-41fd-ad27-c36db6c156b1,Alan Mercer,ericvargas@reeves.biz,Lee Inc,93cab4df79095b2e,v5,Study course information much marriage.,2026-03-12,heather33,Word everyone world lay. Resource international six many campaign. Prove might reality either low.,3
3c47900d-329a-4a70-9c24-70d157a47750,Hill Battle,Welcome to Hill Battle! This is the ultimate Games solution. Activity with officer expect college.,Games,9.1,3.8,False,18.79,USD,True,19c08c29-2116-4176-89c8-2a560762c8ab,Thomas Bright,drakechad@lloyd-davila.com,Clayton Ltd,88bbe0f261e43a84,v1,Force get fall yeah threat store very.,2026-02-28,john44,Doctor consumer plan American. Whatever everyone price receive on arrive turn.,2
6f6886d8-f605-4283-8f25-89070d2e21e3,Budget Invest,Welcome to Budget Invest! This is the ultimate Finance solution. Bank religious meet subject. Even article help almost different decade happy.,Finance,11.9,1.5,False,46.52,USD,False,ff1c6a22-aa65-4e97-82f0-9f3dcf5da009,Karen Watson,inguyen@lyons.org,Webb-Lopez,b10b6139310b2799,v4,Computer mention cut and my land film.,2026-02-15,pwright,Charge social however of player far. Action exist point feeling green long.,3
98e2f1f7-7824-42be-b66d-38cd578c1f06,Extreme Knowledge,Welcome to Extreme Knowledge! This is the ultimate Games solution. Professor discover big piece this chance job. Carry itself coach.,Games,4.3,3.9,True,0.0,,True,4790f608-b6b9-4539-af5d-198febbf7791,Mrs. Anna Hernandez,gruiz@gross.com,Hall-Hurst,c1b77dc7fabc3b30,v4,Provide relate impact notice.,2026-02-09,ryoder,Bring trouble company officer why. Government note book unit than voice politics system.,1
ecfe1ac1-48e9-4f36-9590-7375c4dbc07e,Easy Jill,Welcome to Easy Jill! This is the ultimate Productivity solution. Capital defense eye second system both. Government his before raise.,Productivity,12.3,4.9,False,11.38,USD,True,6211015b-6af8-43f1-b074-c7fa89f1498f,Helen Montes,waynehood@baird.net,"Obrien, Martin and Abbott",587712a1820b4b76,v5,Increase letter western cup thousand common.,2026-02-02,wagnererika,Western activity long toward common low. Court our car different.,3
a7d34ad8-5ab9-4cd0-8d5b-2713cd57c8a8,Quiz Make,Welcome to Quiz Make! This is the ultimate Education solution. Understand wish address model cell especially.,Education,5.1,3.4,False,14.63,USD,False,7280e28f-895c-43ac-aca3-56e9ad696b17,Sue Davis,audreypayne@nielsen.com,Ward LLC,67ebe35d95834a39,v3,Public then close near goal message pull pick.,2026-02-26,stanley41,On subject artist deep. Change family skin land for tell.,3
c15fd7a4-4259-45f4-9707-91da5e423621,Wise Task,Welcome to Wise Task! This is the ultimate Productivity solution. Seek worry check particularly product. Watch total though expect also former anyone true.,Productivity,2.3,4.9,True,0.0,,False,a1371418-eff4-43e6-87e7-987f03f44481,Maria Huerta,nancy31@stevenson.com,"Gutierrez, Jones and Simmons",efe1dad7f5dc8177,v2,Social same pick relate.,2026-01-11,shahrobert,Notice interest building food apply president improve. Home build hospital. Year pick watch heavy.,4
37e3f939-cf91-4b64-85b4-c44a869255b0,Lingua Special,Welcome to Lingua Special! This is the ultimate Education solution. Common difficult you left. People attack particular education ball something officer after.,Education,11.0,2.6,True,0.0,,False,42ba2627-fac5-4fbb-a359-a4cdaf8e0fb6,Luis Griffith,edwin43@hernandez.biz,Turner Ltd,89b75ab0eb3462cf,v5,Matter quite yourself.,2026-01-22,ocannon,Social region bad analysis food civil. Can home guess dinner than sometimes social south.,5
f0ae8b43-8bd6-455f-a29d-6098fa1f2557,Penny Amy,Welcome to Penny Amy! This is the ultimate Finance solution. Vote government court able cultural. Sign smile worker resource.,Finance,8.8,2.9,False,42.36,USD,False,075e3573-4a6f-4926-9faa-1f85c15fadd2,Melinda Cooper,hector79@robles.net,"Lyons, Wilson and Russell",10cd22ad6b1543f4,v2,Foot list suddenly across who stand.,2026-02-03,christinaowens,Dog both wish. Participant focus until.,4
a4bb914c-189b-42ea-be2b-7bcf5ad85e1d,Burch Notes,Welcome to Burch Notes! This is the ultimate Productivity solution. Argue Republican value sort member ago.,Productivity,4.6,1.7,True,0.0,,True,a68331f7-24fe-4edd-b40c-9f24d3bf6bc6,Andre Gonzalez,rrobertson@nicholson.org,Stevens-Benson,3ea45f6d9966e268,v4,Mouth result resource cold.,2026-01-18,fisherjoshua,Most possible particularly position health court interest. Place ahead always onto as.,5
68674379-379d-44dd-b070-cbe1dd743310,Darkseagreen Battle,Welcome to Darkseagreen Battle! This is the ultimate Games solution. Executive enough against human such.,Games,9.1,2.0,False,9.5,USD,False,eaa68388-dbf0-4343-85c8-136c4d1f1681,Kelly Johnson MD,andrademelissa@hogan.com,Hudson Ltd,4c829fa4f56c989e,v5,In sell mean government list line.,2026-03-14,monicagood,Buy oil future. Reduce gun information rich none.,1
f329dc3e-bb87-4ce4-bcc6-ccd94173a838,Focus Caleb,Welcome to Focus Caleb! This is the ultimate Productivity solution. Call figure worry.,Productivity,5.0,1.3,False,22.57,USD,False,cbac538b-aaf3-4ec3-975d-50266cb38f25,Scott James,lisadean@barber.com,"Murray, Wright and French",42ad7e8280a7a384,v1,Manage buy sing finish.,2026-02-23,cynthia24,Recent among film back. Staff rock seem foot west. Job future design modern consider question his.,5
3dda920d-3fde-45ac-a231-fdf8057c4b2f,Gold Cash,Welcome to Gold Cash! This is the ultimate Finance solution. Purpose study technology market case serious already.,Finance,1.8,3.2,True,0.0,,True,fbe5e391-4471-4c4b-8140-2a643705b4e0,Joseph Hernandez,bpayne@rodriguez-hill.com,Nguyen PLC,3229bd8b83aaa3c8,v4,Room do image agreement result may.,2026-01-15,sheilawhite,Phone themselves final growth a blue off.,3
413bbe94-1387-4738-9511-be36f472eabe,Dodgerblue Flow,Welcome to Dodgerblue Flow! This is the ultimate Productivity solution. Particular energy else computer. Seat exist stock.,Productivity,6.9,2.4,False,11.74,USD,False,a2adeb8b-b00f-44c2-81e6-97b54366661d,Mallory Nelson MD,bzavala@payne.com,Cook LLC,18e704347fd978b5,v3,Fire claim party anything Mr become act.,2026-02-26,michaelcoleman,Else modern more television. Many organization our deal level box suggest.,4
3d1deace-3922-4fbb-98e5-39f01f712fd9,Mitchell Do,Welcome to Mitchell Do! This is the ultimate Productivity solution. Once agree picture task cut treat policy. Nice writer free cultural window.,Productivity,5.6,3.9,False,43.59,USD,True,42104329-8937-46f5-9036-781f46d406cf,Jackie Fields,darlene35@navarro-werner.info,Williams-Tran,b6c493592dad9c93,v4,West cover heavy southern education money speech.,2026-02-07,dbaker,Whose mind month report. Pay what able several.,1
6fdd1c9a-7ead-4db6-a2c9-7be6268bd68f,Talk Susan,Welcome to Talk Susan! This is the ultimate Social solution. Perform before economic beyond.,Social,12.5,4.1,False,27.14,USD,True,c766b2de-8a8a-4799-a872-a8e8208f3822,Chelsea Hunter,byoung@patel-gray.com,"Scott, Chan and Duffy",c10dd5d19bba8b7e,v1,Most live thank.,2026-02-23,carlowens,Race game himself thousand.,1
1f3feb69-bf62-4e08-8ef8-c8472b1ceaac,Simple Notes,Welcome to Simple Notes! This is the ultimate Productivity solution. Citizen will ever mention hard cell. Loss let such economy son.,Productivity,3.4,2.5,True,0.0,,True,750c9497-5617-425b-a692-07a038bbd403,Christopher Park DDS,baustin@young-cooper.info,Page-Shaw,8133774140e558b4,v1,Explain support strategy system.,2026-02-02,jessicaharris,Against section team focus manager. Six skin despite. Pattern TV other TV.,4
6bd19fea-eb34-4794-9c56-40fc4b27f766,Ramirez Helper,Welcome to Ramirez Helper! This is the ultimate Education solution. Get quality knowledge rate person and.,Education,1.1,1.3,False,23.78,USD,True,14a69b34-3850-4894-b7ff-6f4f9f5bd29d,Carol Banks,derekferguson@santos-moses.com,Martinez and Sons,82732bb7cec6f511,v3,Need future decide.,2026-02-22,cmoon,Hot any time understand. In particularly pay do skill garden suggest.,1
ee3062df-8698-45ee-bad5-375ca2f32407,Darkorange Post,Welcome to Darkorange Post! This is the ultimate Social solution. Him quite door story success herself. Notice other here matter me guess call.,Social,10.1,3.7,False,21.02,USD,True,e5bc9a65-2d3a-488f-a4d9-095af5b89038,Cole Green,gregoryturner@hammond.org,"Taylor, Knight and Fowler",4374e25cb09500bc,v3,Enough eye stand try.,2026-02-21,melody94,Right upon affect buy yard size offer. Painting keep entire born attorney company high wide.,4
7b2b35e8-b1bc-4148-9a99-6c63cbf47815,Easy Maureen,Welcome to Easy Maureen! This is the ultimate Productivity solution. Project and this. Leg mission best whose away wish.,Productivity,9.9,4.1,True,0.0,,False,fdb93988-da2f-48ae-b6e5-81441749be01,James Phillips,mirandadonna@mcdonald.biz,"Walker, Wolf and Williams",f15881f70c40dd56,v2,Similar issue cause former fire officer.,2026-03-04,steinjoshua,Because mouth my need issue Democrat. Sign statement government establish.,2
dca77a76-92cb-4816-8fbb-600655748993,Cloud Planner,Welcome to Cloud Planner! This is the ultimate Productivity solution. Rate study goal mention ahead. Scientist truth behind simply pretty throughout.,Productivity,1.4,2.1,True,0.0,,False,a2ce7cae-eda6-417b-9a8b-5ad910d371ed,Shannon Cortez,kirbynicholas@watkins.com,Mccarthy-Perez,5ef5f91e61977a95,v2,Avoid item sort sea positive way whether.,2026-01-29,fvasquez,Beat character enough anything. Like choice check citizen spring. Look thank for improve bill.,5
e7b39aee-b22d-4d68-86ec-482b802cb1ac,Smart Use,Welcome to Smart Use! This is the ultimate Productivity solution. Moment practice Mrs bar spend race. Consider to tax cup may himself little.,Productivity,8.3,3.3,False,5.74,USD,False,219c731a-4f18-41d1-8454-18340e8e23f2,Monica Clarke,benjaminalexander@raymond.info,"Franklin, Mendoza and Cooley",dd2bd953315cb160,v5,Feel between analysis.,2026-01-01,pgray,Sort down although analysis skin often soon knowledge. Hard out herself bank to write.,3
b4c291f7-82f9-4175-817b-a6a3939f671a,Master Guide,Welcome to Master Guide! This is the ultimate Education solution. Name prevent significant job station federal out goal. Point reach how section others drive.,Education,4.4,2.2,False,29.29,USD,True,f11fa259-cb28-4ac7-bb9d-6567212dec2c,Anthony Smith,carl80@lopez.com,Stewart PLC,232980e7437b33e2,v2,Stuff learn edge economy approach leader.,2026-03-10,kristincarson,"History remain issue store. Whatever cut at.
Treat us key catch. Music among why become.",4
9d4e09f5-9849-4f2d-83d9-ff1302e4e900,Plum Pro,Welcome to Plum Pro! This is the ultimate Tools solution. Hour service as admit.,Tools,11.4,2.0,True,0.0,,False,fe6cf706-0beb-42e4-a4bf-e4dda1babb77,Daniel Russo,annetteochoa@young.info,Becker and Sons,ea9e62c2551091e9,v2,Nice yeah financial environmental up one.,2026-01-16,william34,Deep condition piece anyone fear laugh. Find point family three authority drop color.,3
85578275-0b31-4aad-a219-d99a6dd1e57a,Secure Reason,Welcome to Secure Reason! This is the ultimate Tools solution. Manage business adult.,Tools,3.4,1.2,False,18.13,USD,True,62ad5839-d8d1-4280-bc69-55c1639c9b53,Randy Gomez,ibeltran@armstrong.com,Reed-Garcia,45b6e46a258d2047,v2,Indicate dream sort policy.,2026-01-14,smithamy,Indeed wonder business dream whose usually offer. Seat employee almost stay.,4
8f90afd4-b5a5-4247-afc3-004dc21539d4,Vasquez Do,Welcome to Vasquez Do! This is the ultimate Productivity solution. Enjoy away human officer enjoy over. South late keep yet.,Productivity,9.2,5.0,False,26.22,USD,False,dbd30246-0bb6-4b51-aa89-b2a1d4baf5e1,Denise Young,coleangela@patrick.com,Wilson-Flynn,47b08596131e48ea,v3,Security home number Congress note recognize.,2026-01-07,cindy63,Develop ready security nature. Enough deep call local. Table peace from present matter notice.,4
0a50decd-d979-4f26-ae8a-3255c236adb0,Red Lab,Welcome to Red Lab! This is the ultimate Education solution. Impact tax student population animal out health consumer. Box cup include foot true ability save.,Education,6.9,1.5,False,49.6,USD,False,00d17ae1-75af-4edb-8c24-ddbd032acedb,Michael Brooks,kkaufman@scott-lawrence.biz,Martin Ltd,2975633b7cf98688,v5,Never method nation poor task entire race political.,2026-02-06,jessebrown,Sound its across. Country stop him eight your.,3
81d1124b-f6a2-4b1e-b6b9-fba7b69bd2a3,Chavez Messenger,Welcome to Chavez Messenger! This is the ultimate Social solution. World available natural imagine act event.,Social,9.4,2.3,True,0.0,,False,13728ae7-8452-4119-95ba-0e7224cb17bf,Diana Rivera,marvinwilliams@dawson.net,Wheeler Inc,7843cf5a32e987fe,v2,Less tax issue center degree.,2026-02-13,alisonguzman,Which south heart hope. Police it only growth continue. Win during catch media mouth.,1
2a43bc7d-ee2e-45e6-a582-1825f0811867,Easy Planner,Welcome to Easy Planner! This is the ultimate Productivity solution. Get next must policy listen peace. Maintain seven page expect high whose technology computer.,Productivity,1.5,1.3,True,0.0,,False,ce33d6ed-ca51-4273-bf10-6f6726c8afad,Brian Robbins Jr.,ajohnson@delgado.com,"Dennis, Blanchard and Castaneda",b6074f5a13f30bb4,v5,Tv per a.,2026-02-09,josephcohen,Else author travel product first speech city early. Mouth see far appear house.,1
08df0a20-524a-4660-abcc-c8a6fa34fcfc,Legend of Town,Welcome to Legend of Town! This is the ultimate Games solution. Baby mother senior north.,Games,7.7,1.1,False,9.81,USD,False,7c27b8c8-f4b0-48c8-a439-d3620c04f59d,Charles Jones,patriciadalton@brown-smith.biz,Noble Group,9886941c97198fa4,v4,Will power explain take five that mean.,2026-02-19,jwong,Current movie memory table when party brother record. Medical together guy start.,5
e22f6da4-deae-407a-bc31-8acacd4f305d,Space Hero,Welcome to Space Hero! This is the ultimate Games solution. Will structure movement big power much.,Games,9.0,1.7,False,5.69,USD,False,dc6b7f59-3555-48a2-8cf2-68e4bc8ed5ba,Rachael Burke,hjackson@moore.com,Reyes Inc,3766a88ff4ec3bc3,v5,Main area democratic suffer only break shake.,2026-02-25,michaelwright,Leg war agreement court discuss field better world. Consumer consumer baby race.,1
55159fc2-177f-4264-9360-2f0b52a386bd,Penny Joshua,Welcome to Penny Joshua! This is the ultimate Finance solution. Decade generation century center budget. Contain town wall still work.,Finance,2.5,3.5,False,38.21,USD,True,f51c2393-8dab-487f-94b0-bd9b0ab72e13,Jody Dixon,donaldcruz@cruz.com,Cole-Anderson,00e6800484da527e,v3,Provide general against list start.,2026-01-25,wsmith,Take ability material experience pull common tree. Whether seek blood through color.,3
74379ca6-b1c9-417c-a912-26273fa47323,Gold Coin,Welcome to Gold Coin! This is the ultimate Finance solution. Generation eight government develop any owner throughout. Rock similar with their boy themselves without full.,Finance,3.8,2.2,False,43.29,USD,False,3276a248-28f8-49ac-8e0a-00af8c0d160e,Michelle Tate,amanda86@miller.com,Garcia PLC,45680cdddf360b8b,v4,Beautiful spring begin against question firm.,2026-01-16,cristian16,Family let resource surface. Pretty from color player.,5
704e35c4-e839-4123-bd5c-2d24eb9997f4,Master Change,Welcome to Master Change! This is the ultimate Education solution. Play well pick range. Hope imagine consumer our ground.,Education,4.0,3.9,True,0.0,,True,6f1f649f-d9f7-4e02-8f3a-76d130977e19,Jonathan Ellis,bobbygomez@williams.org,"Hines, Barrera and Wong",25e4a10140514144,v3,Force money tend scientist beautiful force.,2026-02-20,tamaradominguez,List environmental story science main. Whole live mind.,5
43bee166-39a8-43e3-86a1-a7939964cbbe,Focus David,Welcome to Focus David! This is the ultimate Productivity solution. Former build respond discuss newspaper environment trip. Yes administration believe no.,Productivity,12.1,3.5,False,17.69,USD,True,ec5c5718-7538-4691-ad32-1c6cd886cd72,David Gregory,shellygonzalez@carney-andrews.info,"Baird, Gregory and Conrad",1e6b7c8550f8e8d9,v5,Structure receive sell talk institution chair we.,2026-02-09,ualvarado,Middle fall page idea. Discuss of hold report analysis.,1
ec755291-895c-4cfa-9cd3-e0ee263f0bfb,Wallet About,Welcome to Wallet About! This is the ultimate Finance solution. Western crime alone course strong yes these. Resource firm task election explain.,Finance,3.3,2.9,True,0.0,,True,a462b660-a92f-4acd-9bbb-e4e47acdebf9,Michael Davidson,vwells@lindsey.com,"Flores, Mcintyre and White",be86dffd14cee0ff,v2,Activity edge police child pretty suddenly player.,2026-01-08,susanmills,Treat Mr form student. Spend another your may. Still but service federal write coach.,1
2f618b2c-31b5-4892-bc9f-03ce50011d1f,Lightsteelblue Organizer,Welcome to Lightsteelblue Organizer! This is the ultimate Productivity solution. People they herself paper example rise call. Attention marriage collection game top green your how.,Productivity,3.8,4.7,False,37.6,USD,True,fcd442bb-2333-4ca2-bdd9-ed746de11875,Logan Black,heather32@yates.com,"Fisher, Mitchell and Murillo",a381d98fbb500678,v5,Land suddenly thank nature threat.,2026-02-01,kschaefer,Animal prepare discuss identify age. Rest race walk even.,4
b78b2c5d-1f90-4197-9dda-b1e9ec61cd2f,Chat Gina,Welcome to Chat Gina! This is the ultimate Social solution. Pm economic friend discover option. Wear size candidate doctor onto town.,Social,6.9,2.3,False,17.34,USD,True,cafb39f6-9482-4d86-90fc-a0a71943bbb7,Anthony Roberts,blove@summers.com,"Pham, Dixon and Stevens",ff71ad51176e5cd7,v5,Front question always.,2026-01-14,ushepherd,Again professor practice level institution. Economic operation community hit building.,5
add57ad3-ec87-4a30-a5af-d6bfb7e489e8,Lightgray Tool,Welcome to Lightgray Tool! This is the ultimate Tools solution. Day difference morning nation science senior. Wife coach something expert him herself work get.,Tools,3.3,3.4,False,42.0,USD,False,3e06cb65-4f66-4273-8261-7060613432f1,David Baker,karendaniels@bowen-bell.com,Allen-Riley,0b9fd8ef7b020bdc,v3,Wear in herself character very program.,2026-02-16,joshua87,Popular stay health mean civil you. Forward operation kid every quality small cultural.,3
3a28e5ae-fe10-4707-8636-9eb0d14a8a4d,Horton Post,Welcome to Horton Post! This is the ultimate Social solution. Various hotel board adult culture.,Social,1.2,2.8,True,0.0,,True,d642fe6b-3b6d-4404-91d4-39f5383442e8,Sydney Smith,tayloraguilar@harris.info,Black-Walker,8f5c0ba5085c3f46,v4,Road other carry truth.,2026-02-05,corey45,"Interview example rule trade author left hard.
Machine one especially do. Budget he prepare and.",2
92a48e3e-3eae-41b0-a4eb-09030abb640b,Epic Nature,Welcome to Epic Nature! This is the ultimate Games solution. Prevent clear others how court important woman boy. Word suffer study me leader conference.,Games,3.1,3.7,True,0.0,,False,0063d997-d128-4728-844c-d2710fc23ae9,John Avila,cstewart@thompson.com,Flores-Davis,61079a464381f6bc,v3,Miss international lot run country until.,2026-02-22,brittany78,"Network single nothing opportunity. Pay husband relate son.
Wide two particularly.",2
5846477b-5810-4ef6-8bdf-6fabf35063a0,Gold Jonathan,Welcome to Gold Jonathan! This is the ultimate Finance solution. Read firm our marriage raise.,Finance,11.0,1.7,True,0.0,,False,f040d73e-c1cd-4729-85e7-dd97adb4f435,Madeline Rivas,griffithdevon@hunt.org,Mckinney Inc,19f3427fcd9aad69,v3,Age decide require these sort several toward.,2026-03-01,joshuahall,To hold in. People center rock half natural. Box store others individual door because.,1
205decca-9e74-45cd-b3c5-f8fd109f4582,Cloud Task,Welcome to Cloud Task! This is the ultimate Productivity solution. Morning town item middle lawyer finally political.,Productivity,3.1,1.6,True,0.0,,True,d2bb2e18-6345-4b34-8587-f69633be7999,Frederick Rodriguez,cblair@mckay.com,Pierce-Smith,0bf5ae98a44091a8,v5,Behavior particular offer information great upon college contain.,2026-01-26,xtrevino,Past want ask table drug matter.,5
78cbabc1-18ab-4b98-8a03-160dda8112ec,Pocket Pressure,Welcome to Pocket Pressure! This is the ultimate Finance solution. Measure point rest stay.,Finance,11.0,2.5,True,0.0,,False,c0c9dc9e-3e9a-4678-9c51-91b73b5d39d6,Kimberly Warren,agriffith@orr.com,Abbott Ltd,43420b5412e691ed,v4,Both structure lead just.,2026-02-01,lewisandrew,Central determine stock nothing top. Collection director should around say feeling into.,5
37c6a354-9c71-4f50-8f67-471084fc0fdc,West Arena,Welcome to West Arena! This is the ultimate Games solution. Become reflect realize health argue explain. Hit even break.,Games,7.4,2.9,True,0.0,,True,b539605f-617c-4682-a384-077de2a20441,Stephen Robinson,msoto@gallegos.com,"Davis, Walker and Lee",834e4b04d366c898,v3,Father size rule early despite.,2026-01-02,phillipsdaniel,"Pass suffer break matter.
Especially minute sit audience my summer. Agency animal adult hand.",2
5b1305ad-f0eb-41f6-bef1-d605281520d1,Pocket Kevin,Welcome to Pocket Kevin! This is the ultimate Finance solution. Wear factor ago wonder though owner serious. Whom fill style skin address want system.,Finance,1.8,5.0,False,17.99,USD,True,03dd02a6-701c-43a3-aa7e-205a61f49e5a,John Anderson,mjones@benitez.biz,Rubio-Mendez,dfaa29941b6cc341,v2,Activity let whether some.,2026-01-31,john32,Reflect south class figure. Trial will window pressure feel break over.,4
0fe44547-f49c-4f85-bab2-834b500b14ed,Connect Improve,Welcome to Connect Improve! This is the ultimate Social solution. Baby rule ask because want their.,Social,5.0,2.9,False,30.57,USD,False,78b28c1d-5dc9-455b-8ea0-1cba5919a173,Brian Maynard,powellkimberly@harper-lawson.net,Williams Inc,feb04c996ce7525e,v1,Century entire concern above agency meet.,2026-02-19,fjones,Nothing political something. Tree put list job condition owner team. Reveal view clearly occur.,5
858a6e13-0f6d-4b38-8b1f-f9e4cd4bb789,Mega World,Welcome to Mega World! This is the ultimate Games solution. Carry choice walk feeling south seat.,Games,1.5,3.5,False,41.65,USD,True,0d8bcd9a-72a7-4407-adf3-b38f0d50a8f6,Jared Garcia,saraharris@fernandez-scott.com,Donaldson-Mcdaniel,2695d47e44476f75,v4,Marriage professor chance character almost.,2026-01-29,michaelmiller,Necessary contain nice whose image. Himself matter capital position exactly.,4
03924cae-80ca-4855-9391-dbd9f8e55d1b,Lightyellow Space,Welcome to Lightyellow Space! This is the ultimate Social solution. House entire degree. Contain white democratic stand tree step.,Social,11.6,2.9,False,35.48,USD,True,868ccec5-ec54-4f1b-adb8-ced69a03a33a,Cynthia Bryant,kyle16@dawson.biz,Davis and Sons,3997e337bd3680fe,v1,Simple fact tend describe.,2026-02-05,freemancassandra,Professional summer since idea.,3
870d5c78-04e7-40c9-a5de-946aac2a4776,Study World,Welcome to Study World! This is the ultimate Education solution. Nor dream threat part become enough tonight. Continue send eye resource product.,Education,3.9,4.0,False,37.28,USD,True,39b8c58f-6442-40e9-860d-440cb66952c2,Sharon Rivera,hclark@lopez.info,"Salas, Goodwin and Gonzalez",c42a453a7e494e93,v4,Tax concern two other night shoulder property.,2026-03-03,stephen57,Professor our buy mother cost. Idea though painting world especially loss however.,3
de172164-481b-4789-81b9-54f13c929978,Cloud Value,Welcome to Cloud Value! This is the ultimate Productivity solution. Focus be since out marriage hope her. Ask low reality present hair hear.,Productivity,5.9,4.3,True,0.0,,False,48d9ad5b-fcd4-48e7-8a62-a642125448c5,Justin Bartlett,walkerbrian@newman-johnson.biz,Gomez PLC,0b14f6875cf6291e,v1,Range ability good knowledge cup imagine worker.,2026-03-13,carlosanderson,Environmental medical forward every commercial. Right trouble serve happy manager face.,5
c93244a2-d352-44cd-bab1-dbc8ec7097bc,Connect Parent,Welcome to Connect Parent! This is the ultimate Social solution. Thousand author meeting still spring build.,Social,4.6,2.1,True,0.0,,True,79f5c920-398a-4614-8781-c9f9a34b624d,Wanda Scott,jayfrank@berger-hernandez.com,"Suarez, Curtis and George",b2aa0f5bef53a624,v5,Run leg argue candidate sell experience toward.,2026-01-21,dannybrown,Team suffer cover cost capital. Agree amount than occur. Executive thing seven.,4
8b5fa165-3d0d-4bab-bb7f-6bd0f9ed8a6b,Quiz Start,Welcome to Quiz Start! This is the ultimate Education solution. Hot forward use yes subject suddenly.,Education,5.4,4.4,False,7.14,USD,False,35eaef56-9c13-4705-81e2-67dcb9fdeafe,Katherine Wallace,hunterbennett@grimes-king.info,Bell-Douglas,3a0cb5adf69903c7,v2,Door when rather make choice learn official.,2026-01-11,sstephens,Campaign world tax. Class want education various increase reality.,3
6fa6a70d-cc21-42d7-9b3f-d55bafb30f80,Extreme Such,Welcome to Extreme Such! This is the ultimate Games solution. Box teach discover part fine window.,Games,1.3,4.8,False,4.96,USD,True,90a1ee1c-2102-46b7-93d3-852e9cec5785,Andrew Ibarra,cindyjennings@king-fitzpatrick.info,Roberts-Dixon,f4042a868fd9961f,v4,Thus player specific visit rate.,2026-03-08,juan71,Ground loss management security very.,2
6bfa2475-ec93-4e2a-b156-3c686063e242,Turbo Prove,Welcome to Turbo Prove! This is the ultimate Tools solution. Suffer resource chance alone thing foot. Watch move agency through course.,Tools,6.0,3.0,True,0.0,,True,8b5ffb01-f6ae-4744-bf53-e7bfa9132ac2,Timothy Castillo,rodriguezzachary@forbes.info,Mercado-Giles,47e825ae9d7fae01,v1,Weight phone good suggest parent blood.,2026-01-08,rodriguezmelissa,During whether thousand. Choice thus include marriage. Make us against soon big.,1
827cea63-7d48-4083-b820-0cefdcab5948,Scan Terri,Welcome to Scan Terri! This is the ultimate Tools solution. If value protect.,Tools,7.5,2.4,False,12.27,USD,False,d241f65e-08e3-4c24-b8c3-f8467660a0ea,Brandon Mcgee,davidstewart@jackson.com,"Meyers, Smith and Meyer",5c4f20c1033831e8,v1,Wrong wait industry woman.,2026-01-25,sandybowers,Series center wonder plan test. Foot room your increase federal power economy.,3
b17c421e-16bc-4982-ac8d-7dd05bf2d5b8,Orangered Study,Welcome to Orangered Study! This is the ultimate Education solution. Minute summer store return dog business.,Education,8.8,3.5,False,42.85,USD,False,d1954fba-1efb-4283-aec7-e73bcbfe78c0,Brandon Fletcher,lovelindsey@curry-jones.com,"Davis, Wells and Miller",2ef24ac6058fb091,v4,Employee impact pass tree style speak improve already.,2026-01-13,jessicabrown,Meet class information side. Kid dark commercial school effect decide.,3
01e07070-1666-461d-bac8-5c1cea417ed4,Learn Study,Welcome to Learn Study! This is the ultimate Education solution. Actually run interview billion. Above they owner.,Education,9.9,2.2,False,41.22,USD,False,afd58a2d-3e11-4d4e-bb63-67360c069b0b,Felicia Finley,mary62@fox.com,Wolfe Inc,ac3d1c1004bb2803,v4,Rather our box them might they.,2026-02-02,acostajennifer,Anything nor positive find whom. Subject lawyer so positive point building.,3
6c696b86-1296-41a3-a03b-6cdafb2f8e9f,Academy Linda,Welcome to Academy Linda! This is the ultimate Education solution. Six money who again approach firm talk.,Education,5.1,1.6,False,4.2,USD,True,692870bc-5966-47be-9748-287c70097027,James White,crawfordjames@harris-mendoza.org,Simpson-Kennedy,b57f1c00ec95b3c7,v1,Professor what point whatever focus somebody add.,2026-01-02,rsmith,Stock two service. Line analysis executive resource serve just certainly.,3
e536bee4-12d8-4114-a376-cac341c5f728,Rosario Arena,Welcome to Rosario Arena! This is the ultimate Games solution. Treat data since on sing happy attorney. Nice special everybody pressure fund market.,Games,9.8,2.3,False,40.95,USD,True,258a2b3c-5255-49e6-a652-7afcf353c5d8,Leslie Morgan,williamrodriguez@paul-brooks.com,Tran-Duncan,7cec34bb53640ed6,v3,Guy mother than Democrat quite.,2026-01-19,mnicholson,Crime unit data letter upon. Party rather expect.,5
14331bed-95a1-48f8-98fe-438efd508be3,Legend of Instead,Welcome to Legend of Instead! This is the ultimate Games solution. Surface buy through just however finish hundred score. Head form medical court individual serve.,Games,7.3,3.9,True,0.0,,True,e6ebdfac-2db8-4b9a-9307-43dbd07cb2fe,Cameron Ramirez,ericarobertson@taylor.com,Hall PLC,16542331a5ba598e,v4,Strategy coach simple thank he family best.,2026-02-22,andersontristan,Guess see sing idea thousand century. Rich process close cell value wind. Worker west check media.,2
10dba717-1fc8-4d65-99ea-13f19ae0b314,Turbo Guard,Welcome to Turbo Guard! This is the ultimate Tools solution. Second already black girl charge. Employee most during magazine.,Tools,12.7,5.0,False,22.5,USD,False,1ee039af-2f5f-4e28-80c5-50747cb6c5cf,Carol Barnes,krobinson@schmitt-martinez.com,"Deleon, Jackson and Moss",b09435b2282a6f45,v5,Democrat accept brother building suddenly.,2026-03-10,pamelablair,Top purpose fish. Skin particular leave bit might occur.,3
8163b5ee-9540-48c7-9376-15f68e4b938b,Penny Crystal,Welcome to Penny Crystal! This is the ultimate Finance solution. Ball shoulder employee worker first catch build. Film smile small.,Finance,5.7,2.3,True,0.0,,False,17c3ca05-dc32-4b31-843a-e5c795bc506e,Brandy Wilson,stephanie05@berg.org,Ellis PLC,c2faaddbfc9064e6,v5,Artist else high discussion tough international inside.,2026-01-02,nicholassingleton,Term figure score action. Run fast camera Mr capital.,2
a20c9e5f-27af-461f-9184-de1f56e4f559,Darkslateblue Empire,Welcome to Darkslateblue Empire! This is the ultimate Games solution. Safe million occur. Face notice decade huge call pass certainly.,Games,3.2,2.5,True,0.0,,True,c13aa63f-f1c9-4a3e-91c8-d313ed70a3a3,Michelle Ryan,riosjonathan@jones.biz,Rios Ltd,6822a43d3766664e,v1,Offer method politics catch.,2026-03-08,qrivas,None possible service walk image spring. Throw data energy yard notice friend.,2
ebc6ec3d-2860-4770-a170-84f0b25c8327,Smart Task,Welcome to Smart Task! This is the ultimate Productivity solution. Organization report model five information book child heavy.,Productivity,2.6,3.3,False,1.72,USD,True,e8404743-5ab5-45de-98d4-9b5e3e052cf1,Miss Nicole Cook MD,munozkelly@smith.info,Watts-Jones,6f7f211f2eb8e87f,v1,Table cut mention always their.,2026-01-17,jmccarty,Soon Mrs week rule one western future. Least sit wear.,4
323b0b9c-ae6f-4e93-9a43-e02d6cb5e25d,Space Melanie,Welcome to Space Melanie! This is the ultimate Games solution. Watch life herself senior. When development pay owner find enter woman.,Games,1.3,3.8,True,0.0,,False,b36a0228-dba4-46c6-853b-f9b80b6f37da,Mrs. Laura Brown MD,jordanwest@johnson-cobb.org,Jensen Group,ecc5901cd343c959,v1,Stock item wife country.,2026-02-23,matthewle,Ok send industry notice religious environment.,3
d8375ab2-58e6-4503-832c-bdc3df3e5102,Smart Tony,Welcome to Smart Tony! This is the ultimate Productivity solution. Represent maintain expert whole door. At say Mr author many it.,Productivity,6.8,3.0,False,30.63,USD,False,4b69bc1c-ff81-45d1-a889-5658609e4c5b,Nicole Small,vazquezjason@davis.com,Davenport-Farrell,d1473a4825283363,v3,Your seat scene ever window.,2026-01-03,brian02,Present star clearly detail institution. Live represent when charge. Lose civil pull none ever.,2
d84d7c8e-e0a5-4e5e-8c13-9b471c8e53d1,Darkviolet Guide,Welcome to Darkviolet Guide! This is the ultimate Education solution. Red former feeling write energy.,Education,8.0,4.6,False,44.22,USD,True,e0ff4fec-497b-4331-9c79-0d091801bb33,Kyle Walker,davidrobles@gray-kim.org,Curtis Inc,e2c8ad5a87899caf,v1,Live back something carry time American example.,2026-03-05,xgreen,Hope those man author bring. Weight bill amount edge listen. Strong college collection senior.,5
260c9e1f-58b3-4315-aa3d-f7590634d839,Crypto Still,Welcome to Crypto Still! This is the ultimate Finance solution. Story positive clear range so fast official. Model our who first stock person.,Finance,5.3,4.6,True,0.0,,False,9bfed494-ec26-47bf-9100-1245d34c2457,Tammy Robinson,gstafford@murphy-white.biz,"Shaw, Gillespie and Castro",dc0b3136fb3e8405,v5,Hospital her citizen candidate blue.,2026-01-20,miguel48,Hair seek medical card hold. Easy everyone third public focus provide conference.,1
b72fab64-aa29-41bc-bbb9-571929674769,Darkkhaki Battle,Welcome to Darkkhaki Battle! This is the ultimate Games solution. Arrive do behind. Stuff past professional above allow station tax.,Games,2.0,4.6,True,0.0,,True,f8aa4e2d-7e91-45a5-aa1d-4eaaefa8f964,Samantha Farmer,xrodriguez@lambert.com,"Mckenzie, Gross and Coleman",f59117680fdf11ec,v5,Drop news might certainly thousand movement show.,2026-02-24,churchjason,Baby travel rock line. Condition or truth understand break.,1
e5eaa4d2-23cd-4ca3-a6fc-8f61f5fa4b2d,Secure Sean,Welcome to Secure Sean! This is the ultimate Tools solution. Nothing science usually your job.,Tools,1.7,1.4,False,27.98,USD,True,96920178-381d-445b-939b-ef2ff00acbc0,Joseph Ball,karenwilson@logan-brown.net,Mathews-Williams,8a3ab28029a5ff67,v4,Begin president heart green.,2026-02-06,charlescarpenter,Cost rate fish source interview. Summer them task range important minute expect.,3
01899d59-353c-4000-91fe-940536d29461,Master Study,Welcome to Master Study! This is the ultimate Education solution. Growth detail kind among offer open. Pay author member edge perform increase above court.,Education,10.9,3.2,True,0.0,,False,8b0722b6-9c12-45ac-b2a2-142d2e87c7c8,Joshua Pratt,olynch@cox.com,Miranda PLC,1a5d9351eacbb460,v1,Least end purpose writer whether treatment have.,2026-03-06,dwilliamson,Certain similar beat buy where how research receive. Us much before charge employee question their.,1
9ba68284-6d16-46ae-9714-97833d2e1fab,Candy Quest,Welcome to Candy Quest! This is the ultimate Games solution. Concern through fill bill.,Games,2.2,1.7,True,0.0,,True,0269c17b-9879-444d-8674-42c84405c598,Carl Hudson,connoradams@griffin.com,Alvarado Inc,94f6e34863bb3590,v5,Thought without anyone although memory.,2026-03-08,briana56,Commercial Democrat heart as idea go. Center true however. Fast rate former that as need head.,3
c7193bde-91b0-4015-9bf9-0d91de42f5d0,Candy Quest,Welcome to Candy Quest! This is the ultimate Games solution. Bed early mention administration discover. Along begin student trade.,Games,7.3,1.8,False,5.23,USD,False,7e3b0772-14be-45a8-bcd4-be503f2c53e7,Diana Ellis,shelley18@thompson.net,Brown LLC,6bd868142d8b8581,v5,Court stand ready like.,2026-01-15,zhangelizabeth,Decide sport gun our the. Political good grow contain western purpose few.,1
8e1f8c6a-f0b0-46f1-a70c-1814f359bb00,Moore Stream,Welcome to Moore Stream! This is the ultimate Social solution. Several likely say president power door their. Bed art miss tough gas how management.,Social,12.1,2.4,False,2.74,USD,True,49eca8d4-ff44-4626-8d9e-06a198a78f3f,Jamie Ortiz,jamesbrian@smith-nelson.com,Jackson-Patel,71177146588a8995,v5,Only short song push.,2026-02-15,yhernandez,Including national three. Trial money nice.,4
cff490f0-e961-4aa2-b34e-828a2b42b251,Word Pull,Welcome to Word Pull! This is the ultimate Education solution. Process rather power government determine. Action these source light.,Education,2.6,3.9,True,0.0,,True,23f43b3d-6668-4003-8fb5-40801a837920,Crystal Macdonald,kevin78@robinson.com,Taylor-Shea,c8657523958f8c0d,v1,Anyone ok total sort goal worker simply.,2026-02-15,dsanchez,Guy future evening. Agent family owner family. Able arrive article air send raise article.,2
e216fbbd-7a7b-4d37-a46f-eaaec29030a5,Brain Robert,Welcome to Brain Robert! This is the ultimate Education solution. Increase task commercial debate green. Knowledge talk might crime push.,Education,1.2,2.0,False,42.15,USD,False,40a5376e-367f-4bd5-a95a-43a3ae80e7b3,Rebecca Crawford,erikablair@arnold.net,"Sullivan, Terry and Perez",c42abc781cb1e6f5,v1,Third finish ready window teach value explain.,2026-02-24,masonrobin,Law consumer mother standard. Second six need thousand information opportunity.,3
542db837-ab2e-4040-aab7-9fc65763c6c6,Heath Network,Welcome to Heath Network! This is the ultimate Social solution. Day history with force hair yet force. Leg number success about respond edge.,Social,12.2,4.0,False,3.73,USD,True,f6451d74-bc01-4fc9-9bc9-c86955de0acc,Joy Hanson,bwilliams@miller.com,Mullins Ltd,4257deb8da803b6e,v2,College sign structure staff.,2026-02-19,jasonmurray,"Other choose rate young. Huge data behind.
Various back field despite structure order teacher cell.",2
63de4ddb-cbe2-4f50-aeaa-66f3b53d6377,Ultra Task,Welcome to Ultra Task! This is the ultimate Productivity solution. Believe southern idea crime whole television.,Productivity,11.8,2.9,False,1.06,USD,False,39c456de-dcf3-44e3-8748-ab6f242aa978,Anthony Gordon,donaldrogers@peters.com,Murphy-Peterson,76cbdcb9f35815cc,v1,Market remember here president individual decide.,2026-01-14,nwilliams,Discussion bill decade kitchen better view.,3
4990fbcc-3750-4362-b773-5f32e0938627,Talk Space,Welcome to Talk Space! This is the ultimate Social solution. Within live PM reach despite. Hot event some fast again not west.,Social,11.2,1.2,True,0.0,,True,e8a7d1a0-efd2-4e41-b2a0-47244166e787,Mrs. Theresa Flores,molly64@evans.com,Collins Ltd,bfbdf041d9cc38c1,v3,Long foreign accept tell mother assume hundred.,2026-03-04,tmorris,Give old follow left hundred often. Finish what voice force.,2
ae5e22b4-4565-4557-a33f-8e63ee675b1d,Valentine Pro,Welcome to Valentine Pro! This is the ultimate Tools solution. Loss group month yourself past seat. Appear feeling small choose clear reach argue.,Tools,6.8,1.9,False,27.62,USD,False,02b4ec94-4017-4faa-87a0-f253fbaf3cfa,Pamela Hicks DDS,micheal62@lee.org,Jones LLC,08827c026cde0c19,v2,Behavior race offer amount end sure whatever.,2026-03-06,mossdanny,Somebody full perform science. Middle across draw television receive.,3
ef9f7014-0f3f-4299-80bf-c33244d3a830,Snap Ashley,Welcome to Snap Ashley! This is the ultimate Social solution. Eight team focus development.,Social,6.2,1.1,False,25.43,USD,True,4f507cd3-bfbf-4121-9f3a-41f960aad6c6,Scott Smith,karinatownsend@morrison.com,"Hall, Martin and Daniel",ba768870b7733b42,v5,About our wall collection visit director responsibility.,2026-03-03,chad23,Threat true reflect I government consider performance. Alone either let.,4
d8d0cb33-3ffb-42a9-b759-dce5069e4fba,Navy Editor,Welcome to Navy Editor! This is the ultimate Productivity solution. Place young shake positive wall phone. Agency camera early or degree.,Productivity,12.7,1.3,True,0.0,,False,29b3f211-9637-4b45-93a5-e5402f4d7824,Crystal Munoz,pyoung@horton.net,Calderon-Smith,a59e757f72686935,v4,Audience tonight plan activity.,2026-02-12,fwelch,Much story including down. Seek really hot make action mention. General receive every individual.,3
c83784a4-5ac0-49ed-b9fb-3d9b87bfc522,Fix Stock,Welcome to Fix Stock! This is the ultimate Tools solution. Religious green give training nature natural.,Tools,6.0,3.0,False,27.56,USD,False,354f0d23-2fa2-47ff-8c22-5269bf1e75ea,Luke Ball,vspencer@green-ruiz.com,Evans Ltd,8eed3baec3f75cf3,v3,Push first same class option.,2026-02-18,davidhatfield,Become network able bit. Usually tonight cover at eight grow. Century recently public tend whether.,3
47dc7591-4d76-4f3e-95b2-e29288138035,Shadow World,Welcome to Shadow World! This is the ultimate Games solution. Value us recently.,Games,2.0,4.1,False,12.46,USD,True,fdea3b1a-2857-493e-bd16-43c211c3da2d,Brittany Ruiz,brooksanthony@tran.com,"Johnson, Wall and Robinson",7c953ad8a2681289,v4,Analysis brother market pay five.,2026-02-11,willie56,Else maintain answer with recently garden throw. Government point last and.,5
63eb8ea3-c433-4d5c-a3f6-a7dc5ac6d1b3,Scan Politics,Welcome to Scan Politics! This is the ultimate Tools solution. Husband young whatever which mind tell represent.,Tools,4.3,2.1,True,0.0,,True,87c57637-4412-4aaf-acc6-98cf83a74e36,Tyler Brown,angela22@hendricks-carson.biz,Smith-Stevenson,80e3109f1d00998e,v4,Great central tonight wait garden admit late.,2026-02-11,paul15,Skin wish heavy sound school their court. International look represent arm know.,5
5cc7da6f-4f4f-437a-8cca-0a63aac0447e,Penny Executive,Welcome to Penny Executive! This is the ultimate Finance solution. Police price analysis.,Finance,9.5,1.5,False,2.73,USD,False,f9018915-4814-496f-a3f1-7ecf707c58ef,Kelly Johnson,xjohnson@warren-carter.org,Palmer-Hoffman,5737395d9d819c84,v3,Chance travel sing size.,2026-03-07,owatson,Order quite bank month pretty stay. Wear author each note line young prove. Let memory daughter.,4
22209b7e-016f-4a15-ad53-4c4c9ae6d554,Santos Battle,Welcome to Santos Battle! This is the ultimate Games solution. Get fear Mr between big nature less. Out road Democrat late painting democratic.,Games,1.4,4.9,True,0.0,,False,ad725086-b40d-403f-a92a-a5a20f3d7482,Theodore Cook,karen06@jimenez-holland.com,"Mclaughlin, Holloway and Williams",4047035f34237a60,v4,North ask life.,2026-03-13,claybrian,Leg into green they new. Like everyone toward respond.,1
162892d2-ae1b-4284-8ab5-42f16bc50e6c,Word Long,Welcome to Word Long! This is the ultimate Education solution. Find instead however home serve on. Glass these sing thank.,Education,3.0,4.4,True,0.0,,True,22c10dae-4de1-4fb9-8dd7-9ff6dd6da8d8,Charles Juarez,delgadomelvin@johnson.com,Hoffman-Davis,75b9d4e3d3114755,v2,Relationship stand deep test four design better.,2026-01-20,zimmermanabigail,Growth tough easy join lawyer six. Dinner beyond television let teacher know some.,1
95cf50cd-c6d5-4b6b-8cf9-46943639d19d,Mega Travis,Welcome to Mega Travis! This is the ultimate Games solution. Just open economy news institution season.,Games,6.1,2.3,True,0.0,,True,304d1110-2c2a-4822-bf9d-fa224b82df48,Kimberly Smith,hughesdavid@alexander.info,"Allen, Davis and Johnson",b22a5b2ec959842a,v3,Adult wonder success everything us.,2026-01-13,bcastaneda,Message appear medical once player sometimes. Hour those economic without site scientist.,3
cbc078c3-eecf-4f0c-a2d1-7c9401bfadcf,Learn As,Welcome to Learn As! This is the ultimate Education solution. Eight no recent any cup believe.,Education,5.8,2.1,False,34.37,USD,False,823a7d2e-8d2c-477f-b9c9-919884f4b3f8,Jacqueline Rangel,rodneyoliver@jackson.net,Williams-Pacheco,af42fff15402d039,v1,Sister any chair of.,2026-01-20,james88,Husband where along away green seem. Create maintain short note Mrs hot.,4
4f7ef630-eb0b-4780-9fba-91f6b445ce8f,Chat Bryan,Welcome to Chat Bryan! This is the ultimate Social solution. Husband stop establish.,Social,3.9,4.7,False,36.04,USD,True,276ab2c9-4064-403e-9119-a50f0f1766bb,Michael Thomas,brennanbrian@scott.com,Henry LLC,903824131ace0d6e,v5,Run peace throw threat song speak protect.,2026-02-03,zjohnson,Direction themselves yard education. Send likely we.,1
2e5ee049-a019-42dd-af0e-c325444b885d,Tax To,Welcome to Tax To! This is the ultimate Finance solution. Involve star police dog matter must his. Word fish reveal factor theory forward.,Finance,5.7,1.2,False,5.81,USD,False,13eaa477-480b-4f4e-acde-07bcac843cb0,Becky Torres,stevendaugherty@marsh-stein.com,"Perez, Alvarez and Matthews",f5f24ea21ca1df7a,v4,Material rest best democratic baby us.,2026-02-15,thomaskathryn,"Campaign class wish. Despite defense read practice.
Nearly Mrs modern term job.",1
a8de6423-b6d2-4513-b542-46c9a0c41efb,Easy David,Welcome to Easy David! This is the ultimate Productivity solution. Art some standard Mr improve floor. Understand major move.,Productivity,6.6,4.2,False,14.06,USD,False,bc5b0a76-ad02-4c1b-9bef-13f9863a984a,Kenneth Barber Jr.,coopercrystal@martin.biz,"Thomas, Baldwin and Mccormick",7d75818714bac900,v4,Stuff yes ever still everything return might.,2026-01-25,xtaylor,Tell argue and stock next authority. Smile difference commercial learn record example.,3
4d9b0536-46d5-4c1e-bca6-1e219a5a3ca1,Fuchsia Space,Welcome to Fuchsia Space! This is the ultimate Social solution. Involve design despite great few because order. Plan significant indicate then political country manager early.,Social,12.4,4.6,False,25.97,USD,True,3161eaf8-0359-4101-82d6-3f61417136fa,Melissa Rice,chammond@thornton.com,"Mueller, Peters and Morrow",f14b9c399291b6aa,v3,Road voice front.,2026-01-06,nathanlee,Support trade control film southern history. Summer what nation parent bag citizen figure.,1
a99d4c23-c4ec-4b06-bc4b-0fc99b66576f,Shadow Run,Welcome to Shadow Run! This is the ultimate Games solution. Pay seat evidence believe necessary this drop peace.,Games,10.8,4.9,True,0.0,,False,25831498-0b29-4d99-8cb5-b184e9d0cb7c,Pamela Johnson,rosejohn@lin.com,Oliver Inc,2d9cbd024c9b8b4f,v2,Thus future range trip.,2026-02-24,wesleynguyen,Fill same without me certainly. Drug father building. Build program case certain oil front.,3
a12de788-5687-47c0-a02a-cfe5b6ace693,Goldenrod Guide,Welcome to Goldenrod Guide! This is the ultimate Education solution. Month face structure without role.,Education,8.8,4.1,True,0.0,,True,858d4481-2f7e-4037-9bb6-9780a5fd7adc,Dawn Salazar,michelejones@bell-wood.net,Campbell-Gonzalez,a80cacd0f2b7e195,v5,Risk play reach issue.,2026-03-05,lwoodard,Success know continue cell heavy. View describe wait. Table meet so attorney.,5
d27082cc-f745-48ea-867d-33cb679b6d4e,Study Woman,Welcome to Study Woman! This is the ultimate Education solution. Idea land around body movie what fire.,Education,8.3,2.1,False,8.24,USD,False,8828b411-f273-4380-b7be-f22980c142d9,Scott Mejia,aaustin@orr.com,Parker Group,27bdd044d1c0a442,v4,Cold key so deal.,2026-02-09,loganthomas,Before commercial course bit speech build. Eight size herself car read whose method memory.,5
eaed8909-0e17-4f55-a48f-abd0a102d324,Rogers Manager,Welcome to Rogers Manager! This is the ultimate Productivity solution. Option box majority official rest everybody week event.,Productivity,10.9,3.4,False,30.5,USD,False,bdf615a6-11f6-415b-bbaa-259adef11a9a,Tonya Vasquez,kholmes@weaver.com,Pearson Inc,531c04af937d38a7,v4,Idea edge discuss foreign customer ability.,2026-02-19,zbrock,Read analysis forget Democrat form few first. North defense development catch finally.,3
4c3a2a4c-25d5-4b49-b9fd-d3154f951085,Angry World,Welcome to Angry World! This is the ultimate Games solution. Religious thought government theory campaign save always evidence.,Games,11.2,3.1,False,32.96,USD,False,cd6dba4f-894c-424f-acaf-290cf2d50af1,Joshua Hardin,jessicacameron@jones-jensen.com,Clark-Elliott,ac3704722f8b557e,v5,Skin mind exist financial arrive in public.,2026-02-06,cunninghamscott,Form common until radio stock. Culture social improve interest management.,2
13c9a205-63ad-4f04-a0a7-4a40c0faaa4b,Wallet Sara,Welcome to Wallet Sara! This is the ultimate Finance solution. Air personal position dinner movie action speech.,Finance,10.4,1.6,False,37.31,USD,True,af9210d6-1889-422a-9d4e-7cb04fb3e3a9,Ian Osborn,kathy80@castro.com,Young-Walters,a95d1e7bf55ac84b,v4,Issue cold market air.,2026-03-11,tammytaylor,Hand much magazine kitchen vote. Program attack people. Think arrive goal.,3
499bbb98-caa1-4009-8ccd-30988b845abd,Wallet Scientist,Welcome to Wallet Scientist! This is the ultimate Finance solution. Each quickly cost participant exist live. Baby of base.,Finance,9.1,1.0,False,9.52,USD,True,a6e31fdb-b271-4885-a84e-6113bd341063,Benjamin Nunez,bnguyen@barnett-velazquez.org,Cross-Vargas,47423cfc4bbc7ea2,v2,Charge per camera including month.,2026-03-14,mwells,Model draw board much camera. Away best with upon necessary.,4
903fce31-bc2a-4af5-befc-b18ad86cde37,Garcia Task,Welcome to Garcia Task! This is the ultimate Productivity solution. Any if production mouth finish respond maintain.,Productivity,7.5,2.4,True,0.0,,True,9a5a8f9d-2f61-4f8f-866f-50037d4755d5,Jack Lucas,samuelfields@scott-woods.com,Roberts-Day,3ee5b21acc1177b1,v4,Respond hair others team fund instead television.,2026-03-07,ddavis,New wish response during energy office city late. Appear couple at teach. Know evening decade.,1
636b49db-2ec7-4ac0-9885-22c9b5461083,Cornsilk Track,Welcome to Cornsilk Track! This is the ultimate Finance solution. Deep discover political realize authority base sea activity.,Finance,7.2,2.7,False,33.64,USD,True,f87eac5d-575b-44da-89d0-5c48da800a40,John Juarez,cgarcia@simon.com,Nunez Inc,a1a0a38c5fac3e88,v5,Bed only movie performance week there staff.,2026-02-28,davismelinda,Manager newspaper list. Appear detail they various open fact.,5
396dfa00-02b6-495d-87f6-748dd44aa064,Chandler World,Welcome to Chandler World! This is the ultimate Games solution. Close say even. Walk through purpose boy.,Games,7.2,2.0,False,36.93,USD,True,91653efd-49b0-429d-9162-d4844fceea2c,William Fernandez,tina53@maldonado-davis.net,Carter LLC,9d727e9dd10acf65,v4,Shake behind on.,2026-01-06,cochranjohn,Process office hundred her popular me.,1
ac95e64c-fd2f-4429-a883-458baa2a3835,Guard Evan,Welcome to Guard Evan! This is the ultimate Tools solution. Worry word together unit tonight impact. Director because nearly better case.,Tools,7.2,2.8,False,12.39,USD,False,47d02c13-3098-41c2-a253-351d882d9219,Robert Lin,cherylalvarez@peters.net,Parsons-Lambert,34a01a7848a3431c,v3,Case window recognize few remember education today.,2026-02-25,brownnicholas,Political program nor central. Effect fire condition tax. Risk their others area represent.,1
ce71f439-d422-4447-abdd-9b29b0f4a8e9,Steelblue Quest,Welcome to Steelblue Quest! This is the ultimate Games solution. All music where officer own impact. Care short arrive growth bit poor bar.,Games,11.2,4.7,True,0.0,,True,9fe9420a-bbd2-4588-9bc8-e676d5023985,Joshua Morrow,davidwatson@franklin.net,"Wolfe, Bennett and Simon",59799d884d52d87f,v2,General huge live first soon.,2026-01-06,martinezstacy,Five marriage half. Understand more job more pay where. Person benefit especially lot down certain.,2
a5fabd5a-10bf-48df-bc99-d9b287c02d94,Reid Flow,Welcome to Reid Flow! This is the ultimate Productivity solution. Arm marriage teacher performance live sing last.,Productivity,9.2,3.2,True,0.0,,False,ea0b182a-99ff-4ce1-a801-540674925ea1,Christopher Bennett,juliegutierrez@salas.com,Schmitt-Morton,91524865d8794205,v1,American serve local subject line.,2026-01-01,llopez,Police learn order well soon section. Article serious its main.,4
580e5845-085e-4fa2-98c5-da0aeb8b91b7,Aquamarine Network,Welcome to Aquamarine Network! This is the ultimate Social solution. Allow benefit campaign care. Score bill trouble politics within information door special.,Social,2.7,4.9,True,0.0,,False,1a33cba7-3302-43f2-bc2a-1938e9c8d6ab,James Ramsey,stevenlewis@baldwin.biz,Gomez PLC,7ae2daf10af06f4a,v4,Cause report drive stand husband explain indicate.,2026-03-13,jchen,Last suggest thousand find else continue walk. Research leg under box especially.,1
5ade1279-534c-46b7-ae9b-b513035d7b03,Deepskyblue Helper,Welcome to Deepskyblue Helper! This is the ultimate Tools solution. Fast impact watch Congress indicate present too.,Tools,6.0,1.8,False,47.49,USD,True,8c5cd7dc-6215-4b21-9b48-594ed0bd19ae,Melissa Carlson,mellis@vazquez.net,Snyder Group,54f7d4965bb862b2,v3,Industry small decade over main live catch.,2026-01-20,pettyyolanda,Part one anything tonight official. Skin door himself rest wear help.,5
bc120f07-b48b-4f60-9ec8-e5881ed1c2a0,Space Hero,Welcome to Space Hero! This is the ultimate Games solution. Hour far say wrong case page affect.,Games,11.9,4.0,False,37.45,USD,False,a41ac192-4c92-4c56-bfd3-0e2426522e67,Deborah Johnson,imay@johnson-ross.biz,Baker PLC,f7b49cb0736efcc9,v5,Check name each establish shake will.,2026-02-07,derekrussell,Partner table wonder become machine late section.,2
718a926e-aba2-468f-8a7f-68dc709e4ac1,Study Audience,Welcome to Study Audience! This is the ultimate Education solution. Tonight last school nice save. Where charge community majority heavy though.,Education,12.9,1.1,True,0.0,,False,f6adb313-3302-42a0-ab5f-74df86b4b79a,Jennifer Martin,xbrown@hall.com,Mccormick Ltd,1406b1987acc35c1,v1,Toward want serve old sound.,2026-02-03,jmurray,Act use unit. Poor boy friend wish they even. Lead he head today through probably change.,2
170c1092-7f12-4ed4-8ddc-2496b2460fea,Scan George,Welcome to Scan George! This is the ultimate Tools solution. Bar single discuss owner kind charge. Factor painting nearly.,Tools,4.0,4.9,True,0.0,,True,d8a981d8-0862-44b4-b317-555845c0dd60,Joshua Hall,thomasshelby@conner.com,"Clark, Oneill and Salas",233aae066e5769f6,v4,Similar whose arm office table.,2026-01-21,alexreyes,Keep bar gas professor. The song late go.,5
0c912032-39a0-4395-a396-78f87ab8af38,Crypto Saver,Welcome to Crypto Saver! This is the ultimate Finance solution. Third must ask itself personal rate school. Everyone environmental population push have.,Finance,9.4,2.7,False,47.7,USD,False,965766c1-7c30-40db-89e9-00ab261343ae,Pamela David,jamie13@nguyen.com,Butler and Sons,23fbca33bbb9e141,v5,Recently must present born.,2026-01-04,william29,Radio moment paper response realize second security. Find gas more son spend picture.,2
feb709be-a38c-4cbc-965d-c9c1ff1cd99b,Pixel Clicker,Welcome to Pixel Clicker! This is the ultimate Games solution. Throughout worry war trouble.,Games,8.3,1.6,False,18.88,USD,False,67f501c3-9e7d-4db2-9612-9ed457cba0a1,Christopher Anderson,daniel70@little-mckinney.com,Torres-Bonilla,b675ea647e6d00f6,v4,Listen campaign cold.,2026-01-11,hendersonsarah,Baby so subject either nearly once product main.,4
ba04a65b-4cba-4c2e-9f58-187760792d42,Focus Business,Welcome to Focus Business! This is the ultimate Productivity solution. Rather understand story number stop. Career within call better military part statement.,Productivity,11.7,4.8,True,0.0,,True,a6e83753-b669-4308-9060-bb73801e3cd4,Aimee Martin,calvinwoods@day.com,Lawson-Clarke,3453bbd7ef65413c,v3,Nothing half inside win gas hour artist.,2026-01-22,huntjohn,Interesting growth foot. Fine worry tend anything. Body weight kind improve front.,5
06e8bb44-46a3-42fd-b361-70f5e38a6753,Talk Stacy,Welcome to Talk Stacy! This is the ultimate Social solution. Seek certainly artist figure. More exactly maybe moment indeed imagine charge.,Social,12.3,1.1,True,0.0,,False,0d362024-6270-4b75-bad4-884892de21cd,Karen Williams,robert03@sanchez.org,"Bauer, Anderson and Baldwin",f37d6c3e7b69838c,v1,Person various writer item heavy free how.,2026-02-25,angelamccarthy,Hair administration structure perhaps.,3
903e9c01-1ef9-43da-b850-b5c99de6e630,Quick Nancy,Welcome to Quick Nancy! This is the ultimate Productivity solution. Agree make about now our. Check result mouth star.,Productivity,11.8,2.2,True,0.0,,True,baf9ae93-36ba-4d17-9385-fd8ccf8f67fe,Mrs. Wanda Martin,derrickferguson@johnson.com,"Matthews, Smith and House",cb69b34b92fb403a,v4,Under window anything public.,2026-01-22,zhodge,"Kitchen enter focus organization.
Behavior upon answer front.",2
dd1ecb1f-d97c-40cf-b6ed-ad73f6002556,Daily Agent,Welcome to Daily Agent! This is the ultimate Productivity solution. Us research seat little image.,Productivity,6.7,3.2,True,0.0,,True,71c52b93-c60d-41a4-9283-0443e7c8b780,Mark Miller,thompsongary@freeman-massey.info,Howe Group,7316de1f539d27ef,v2,Oil lay deal.,2026-02-04,jwhitehead,Use wish radio enjoy buy bill. Western rock big through these building high others.,2
0cef5965-c46d-4cc9-802a-3ce7eb3c7658,Limegreen App,Welcome to Limegreen App! This is the ultimate Tools solution. According human model network young gas these.,Tools,6.4,1.6,True,0.0,,False,bfc3350a-9e88-46e4-bc94-058372e50480,Micheal Romero,brandon50@hamilton.info,Kelley-Rivera,e53e52e544e5499f,v5,Money within cup whole.,2026-01-13,cbridges,About sea investment somebody change strategy. Option occur not answer.,1
c3011088-4833-4065-b360-b3453b3302e5,Quiz Tutor,Welcome to Quiz Tutor! This is the ultimate Education solution. While become draw may when yes hard fall.,Education,8.7,1.6,False,38.28,USD,False,28bf46c7-9fa8-42e2-8447-21f2f66dbee4,Christine Sandoval,wwilliams@newton.net,Mcintyre Ltd,68c08f9dfdb98b7c,v3,Eat agency bring develop low.,2026-02-24,bedwards,Very eat reach only Congress. Different better song charge.,3
0d27e2aa-6860-42ec-a7e2-145822d11ff3,Pocket Citizen,Welcome to Pocket Citizen! This is the ultimate Finance solution. More total practice camera.,Finance,6.7,3.0,False,45.08,USD,False,f5bca7f2-3048-4327-847a-83642aee478f,Bruce Matthews,justin76@wallace-johnson.org,Rodgers-Ibarra,3aeb192ddb0dc7c4,v1,Coach its take big.,2026-03-04,gillespieeric,Forward rather same day exist support. Prove standard price within today protect team.,3
715bb3a0-f0c2-4548-aaa1-e30cb114ef80,Midnightblue Hero,Welcome to Midnightblue Hero! This is the ultimate Games solution. Six let check culture although. Really appear treatment three.,Games,10.8,2.7,False,25.76,USD,False,42ed1354-f30a-4a89-8037-7342e8464723,Sarah Williams,mariarodriguez@wilkinson-haynes.com,Morgan-Jones,3aee6e9f5ef31b0d,v1,Life plant project member medical air loss.,2026-03-05,melissa29,I none call cost ground drop. Whether doctor local director remain.,2
cf9a464e-8f9b-486f-9887-0ef1b6f81b38,Epic Rebecca,Welcome to Epic Rebecca! This is the ultimate Games solution. Article join project her number.,Games,6.3,3.1,False,13.89,USD,False,7e6cb66a-6408-4d47-b474-c94824d5e51c,Brenda Morales,heather13@christian.com,Dean-Bradley,1340b4416a08a7a0,v4,Business city not.,2026-02-13,joseph80,Improve relate age east everybody. Over ground rise final. Level myself run table American trouble.,4
8e63a526-b6ef-4af4-8493-178b063e9f90,Extreme Arena,Welcome to Extreme Arena! This is the ultimate Games solution. Commercial question successful story.,Games,10.6,1.4,True,0.0,,True,89863666-99b4-4b7d-ab14-832920aecb84,Jeremy Cummings,ymclaughlin@jones.com,"Williams, Garcia and Schneider",b179cd1845ac0332,v3,Enough room learn type small action traditional.,2026-01-15,walterlucas,Significant human site. Always push guess agree. Throw today in TV exactly else fall argue.,3
6dedd49a-4161-4a2c-83c5-cd49230fa662,Murphy Saver,Welcome to Murphy Saver! This is the ultimate Finance solution. Method series need fish finish. Trade exactly be pressure purpose sing central.,Finance,3.3,1.3,False,9.23,USD,False,1431f2c0-cbbc-40c1-aea7-425ad72bf992,Ryan White,alyssa95@logan.biz,Williams PLC,f746513025e4e418,v2,Thus own act author a.,2026-01-23,lindaniel,Although seat question street even. Enjoy late account gun.,2
3be64cbb-a67f-42bf-9586-82260cd663be,Quiz Steven,Welcome to Quiz Steven! This is the ultimate Education solution. Line college community last suddenly reach.,Education,5.7,3.1,False,45.19,USD,True,5806575e-ea1f-465a-baf0-6fb6f38c51a7,Matthew Bennett,contreraswilliam@brown.com,Williams Group,2eef3d7f9b1e4f68,v3,Protect cold director instead light fine.,2026-01-24,ryan46,Throughout these be benefit. Participant hour against act edge range.,5
294033a5-6e5a-4a37-a55d-b8e780a7a3ce,Yellow Task,Welcome to Yellow Task! This is the ultimate Productivity solution. See doctor walk rather too free. Just speech tree part thus.,Productivity,10.8,3.2,False,11.06,USD,True,a28eb05e-2dec-4c84-9c0e-3a771847f3cf,Robin Moon,eddiegallegos@chen-cameron.org,Holt and Sons,596c838b6819204c,v5,Meeting accept yard central they author born.,2026-02-14,blevinsryan,Market office make say upon performance once teacher.,5
a4873fa3-ad64-4c78-9f56-79c82ea71470,Mega Find,Welcome to Mega Find! This is the ultimate Games solution. Vote fire part some read team baby. Too night institution score.,Games,4.9,1.1,True,0.0,,True,fa65c22a-af8e-40b6-913c-77d6fc08370c,Eric Pena,clinecaroline@castro-gray.info,Welch-Dalton,0285321bc6348547,v5,Before oil position history.,2026-03-13,herreradavid,Bring enough or mother. Never foreign beautiful that whose none above three.,1
fce2d0f7-c102-4548-9a21-d74844e5d2c2,Shadow New,Welcome to Shadow New! This is the ultimate Games solution. Baby many word year my same ability. During real sort size upon push before edge.,Games,4.9,2.1,True,0.0,,True,c365fa36-f814-4924-858e-9650987b60f1,Timothy Harrison,wrichard@chaney.info,Williams-Ware,4a3511f778fb2d5c,v1,Indicate eye until gas.,2026-02-18,stevenbell,Bed fine factor difference result.,2
20cd9c3e-27d9-46ef-ba6b-c23525ca39fb,Word Anthony,Welcome to Word Anthony! This is the ultimate Education solution. Here industry same there.,Education,2.6,1.2,True,0.0,,False,2f5ba0db-9f10-4d00-b0e1-510e11f6ce25,Cindy Smith,joelgeorge@harding.com,"Adams, Jones and Parsons",ea0e1972c67f55d2,v3,General paper hand will.,2026-02-12,fwhite,Instead music stage machine between can under. Woman environmental make myself turn summer edge.,1
3eab3313-25f6-49d4-80f0-2f1c5a9775db,Myers Space,Welcome to Myers Space! This is the ultimate Social solution. Strong add college whether.,Social,2.8,4.2,False,49.65,USD,False,25273d7b-b097-4b07-ade6-c4028649949e,Sandra Fuller,zachary71@benson.com,Weber-Phillips,ca15529ffe467439,v3,Others floor appear fight east.,2026-03-04,charles51,"Color manage often yes cost bank.
Also on next work support. According everybody positive fact.",3
a23f8312-a761-46fb-a9d5-2e3271cb1518,Rivera Editor,Welcome to Rivera Editor! This is the ultimate Productivity solution. Sure quickly up box blood song water.,Productivity,3.3,2.1,False,49.12,USD,False,001a2ce4-a3af-41d5-8538-9b04154c057b,Julie Parker,leah70@flynn-lane.com,Mullen Inc,cb337c5510160fbf,v4,Plant teach benefit sign item.,2026-02-20,stephen97,Talk describe difficult forward. Over pay small likely program might.,5
2bd6b110-0bef-4cb3-8c0e-3a2ba2e89d43,Extreme Saga,Welcome to Extreme Saga! This is the ultimate Games solution. Soldier Congress system themselves. Cultural true piece day top.,Games,6.7,2.9,False,5.63,USD,True,0ee82f59-1e63-4686-b253-281ae5fde452,Sherry Nelson,abigail70@mann-mcdonald.org,Poole LLC,33417c7292a22893,v3,Beautiful hard medical voice be administration according.,2026-02-17,pwolf,Onto real plant family idea threat son cause. Whom respond material drop girl only water.,4
37b1c389-6add-4c33-a4af-8c0b51cf298b,Daily Around,Welcome to Daily Around! This is the ultimate Productivity solution. Recent relate pay draw hair reveal form.,Productivity,7.7,4.6,False,46.36,USD,False,0a83752f-7ffc-4d7c-b5d3-d9c8785c331c,Curtis James,jnicholson@perez.info,Oneill Group,7af5082bf7af241b,v2,Laugh manage heavy any build evidence.,2026-01-14,fjordan,Daughter boy resource member own hospital go. International seek analysis debate cost practice.,4
1321e200-75a5-451c-9ff3-0074be644698,Simple My,Welcome to Simple My! This is the ultimate Productivity solution. Service kid admit attorney.,Productivity,5.9,1.2,True,0.0,,False,32cd2a61-8579-4c1d-a12e-2411b0cd2aa3,Michael Johnson,beniteznancy@ewing-reyes.com,Moran Inc,684747d1e66fbf14,v3,Cover campaign discuss article doctor.,2026-01-10,rmiller,Next yourself where surface.,4
5e7b00b5-1773-4171-bae6-b47ecfe24a43,Word Need,Welcome to Word Need! This is the ultimate Education solution. Perhaps cup fly key alone some. Institution nothing able name color place.,Education,2.6,1.6,False,3.38,USD,False,5f62bb84-b6a0-4455-b7db-f0381f9e2ef4,Heather Lamb,collinscrystal@webb.org,Anderson-Craig,3920d6fddc2f969c,v2,Thank everything raise happy national.,2026-01-17,mark78,Talk difference executive me how. Ability easy civil particularly discuss strong couple.,3
ad5cd439-54e6-4b39-b6f8-98b9e8dc8cef,Quick Craig,Welcome to Quick Craig! This is the ultimate Productivity solution. World specific join natural firm number player. Arrive firm next step fall push discussion.,Productivity,10.4,4.2,False,36.12,USD,True,1d891c6b-3369-40cd-81ad-e952ac20c476,Rebecca Davis,william89@holloway.com,Gordon-Jones,13a264f1cf03948f,v3,Blue vote international necessary mission.,2026-03-02,chill,Performance analysis wear feeling tend. Grow lot word cause sell investment staff.,3
b00af342-9b39-4f32-a6c9-034251e3b7e8,Penny Plan,Welcome to Penny Plan! This is the ultimate Finance solution. Culture that rock argue democratic.,Finance,4.3,4.1,True,0.0,,False,836b90ca-5f9c-4a1c-8fbb-997e1c6de3cd,Brenda King,wilsonangela@peck.org,"Smith, Campbell and Martinez",27750e30edbfdd71,v4,Hear spring catch exactly daughter society today.,2026-02-02,paul53,Attorney job me something. Cell brother space listen plant. Resource end likely doctor past.,3
78eb25c5-b365-4d53-a4ad-e3111d7bfcab,Chat Robert,Welcome to Chat Robert! This is the ultimate Social solution. Same deep you group environment significant.,Social,2.0,1.6,True,0.0,,False,a9874990-bc28-4763-893d-a18d9d57c57f,Douglas Green,gmartinez@daniels.com,"Anderson, Martinez and Nelson",3399d42ee2ec3823,v2,Receive expect high business identify.,2026-01-03,andrewdavis,Mrs store happen soon. Food hair move fly charge.,5
d2140a19-9ab6-47a1-bdce-9bac087a76b0,Battery Per,Welcome to Battery Per! This is the ultimate Tools solution. Employee they fight look. Bit garden factor just know.,Tools,7.9,4.4,True,0.0,,False,11dce308-d602-4f3d-b88d-cc0b76eec01d,Kathleen Thompson,hubbardstacey@miller.com,Ochoa and Sons,f3403412d1e43fe0,v4,Lose like buy follow their foreign.,2026-03-02,eramos,"Environmental ask few seek.
Money without shake. Others news try shoulder magazine want choose.",5
b5cb5127-315b-49ea-aa6e-8d8336ae8de6,Gold Sandra,Welcome to Gold Sandra! This is the ultimate Finance solution. Ago allow my. Figure hit expect possible likely.,Finance,11.4,4.8,True,0.0,,True,44906ff9-1c90-4892-a785-80b6d7a7becd,Robert Beck,frussell@marks-brock.com,Johnson PLC,eb53a2fd1c24cf65,v1,Maintain find assume method itself.,2026-01-19,brian71,Seek mind check career ball arrive cut region. Front identify attorney friend hour eat able action.,4
8eb6eb43-d5a5-46dc-a0e8-44a8366d6530,Robinson Guard,Welcome to Robinson Guard! This is the ultimate Tools solution. During or behind.,Tools,8.4,2.4,False,23.15,USD,True,b8f991bb-be48-47d7-8ea8-c2bd4fd4b9d8,Lauren Lopez MD,gvega@edwards.com,"Robertson, Swanson and Kirk",c944ba4a48aa3767,v2,Court power have.,2026-01-30,matthewclark,"Ever through when only.
Future class weight treat meet pretty everything operation.",2
e530c2b0-b95f-4df1-a3e3-014c8457e69e,Skill Lab,Welcome to Skill Lab! This is the ultimate Education solution. Traditional high believe sense safe game direction.,Education,9.3,1.1,False,38.97,USD,True,e340c3c9-a782-4bbd-b7fb-81206780a1e9,John Charles,parkersaunders@berger.com,Beasley-Carter,dd5a91dbb9121dd4,v1,Above station scientist fight billion agency us.,2026-01-03,lauren19,Defense effect employee election hair. Financial every seven mind college.,5
8347e082-8c6d-4243-b132-702344a7c93d,Quick Near,Welcome to Quick Near! This is the ultimate Productivity solution. Challenge health wonder statement agent.,Productivity,10.2,2.0,True,0.0,,False,da61c4d4-59f9-4383-8179-b6cd14db73b1,Glen Cox,nellis@patel-ramos.com,Morse-Washington,ea101290645e4b4d,v2,Case have level dog resource dream capital.,2026-02-20,allisonlopez,Camera experience you again.,1
cf6b101c-39d7-4c93-bc7a-8874303c61fe,Farrell Quest,Welcome to Farrell Quest! This is the ultimate Games solution. Degree total never. Much sort price own nature.,Games,2.3,1.5,True,0.0,,True,07fdcbea-1b2b-4065-a527-53ad4a90fe80,Jennifer Atkins,matthewroberts@young-mooney.org,"Smith, Vincent and Brooks",d4a8164e81b4f60e,v2,Right everyone approach drug.,2026-02-23,michaelgomez,"Quite lawyer window. Mean evidence or enter.
Truth perform mouth. Billion assume single to.",5
80cd57d0-1e7d-439f-9cdc-f63bf9f1f841,Olivedrab World,Welcome to Olivedrab World! This is the ultimate Games solution. Size Republican consumer make increase science bed system.,Games,9.6,2.2,False,2.65,USD,False,52ff0478-ece1-42bc-ae46-204828b6064d,Thomas Butler,davidbrady@wolfe.com,"Lane, Walton and Khan",41ba6493dc619bd9,v3,Gas though Democrat although.,2026-03-13,mlawrence,Political pull here Mrs room. Particularly next buy stage.,5
7c8dd79b-0045-4f4d-8a49-d1c600d3acca,Guard Tool,Welcome to Guard Tool! This is the ultimate Tools solution. This own star nothing yard simply.,Tools,3.4,1.5,True,0.0,,False,70e016aa-6acb-4ce9-98c4-d17a89059bd8,Chase Lawrence,gregoryharris@haynes-craig.info,Ball Group,0351f983a2d11fcb,v1,Cause account anything just.,2026-02-17,cody03,Data read gun there management have treat.,2
d78e04d2-d38e-4d60-879a-8da54284dce5,Brown Cash,Welcome to Brown Cash! This is the ultimate Finance solution. Learn over machine. List per nor small everyone.,Finance,12.9,1.9,False,48.26,USD,False,061e52b6-113f-4fe9-a45e-3d44ffe3c136,Morgan Mcmillan,rogerschristina@thompson.com,"Shannon, Turner and Taylor",a123f1505ee33ab0,v5,Everybody very size may growth.,2026-01-08,uvazquez,Enough power carry suddenly skill without evening.,5
f21a6e13-818f-4a10-8708-181d55012a84,Darkgoldenrod Planner,Welcome to Darkgoldenrod Planner! This is the ultimate Productivity solution. Box need model much network significant.,Productivity,10.3,4.1,True,0.0,,True,aae2a831-61ea-4ddf-8d90-d36ab6c18af6,Kelly Rodriguez,cperry@schroeder-gregory.com,Holmes-Owens,db06794845f81d8a,v4,Peace point responsibility mission travel.,2026-02-16,robertporter,Laugh region water sign wide hit. Clear down well song do. Two develop cultural wear case.,3
61dabf2a-07eb-4815-81fa-b465770512e0,Fix Edward,Welcome to Fix Edward! This is the ultimate Tools solution. Moment stuff mouth mother town in.,Tools,10.1,2.4,False,44.71,USD,False,96fcf45e-1920-42f1-aed2-17513e093e13,Angela Gilbert,fjohnson@vaughn.com,"Ford, Miles and Gardner",2187f8e3be3bc66c,v2,Cause opportunity according other cost contain.,2026-02-01,carol79,Point number glass air however particular certainly. Base there difficult same trip.,4
185f1c9b-c003-4643-9125-fc37243469cb,Battery Guard,Welcome to Battery Guard! This is the ultimate Tools solution. Kind happen significant great goal they subject.,Tools,7.8,1.0,False,15.99,USD,True,a19df3cc-934b-4122-be68-52b5d8adc4bf,Daniel Douglas,stephanieberg@nelson.info,Keller-Day,1d24288f5cd52471,v3,Day how once small.,2026-01-05,ereed,Without myself law along write. Increase can mean. New be wear learn test show.,2
a20c8925-cbf7-4cfa-ac82-10ae59751bad,Epic Jonathan,Welcome to Epic Jonathan! This is the ultimate Games solution. Event main less accept various treatment. Interesting life they add note.,Games,2.2,2.5,False,15.47,USD,True,6993b48b-3b35-4eb2-95fc-b306dc14d0c7,Elizabeth Stuart,kphillips@medina-smith.com,"Lowe, Rojas and Gamble",3d681235ab6febd2,v5,A safe health.,2026-03-14,cheryl20,Address reflect method husband less way put.,2
adeabb3a-28c2-483b-b232-c90b8c9451e4,Word Frank,Welcome to Word Frank! This is the ultimate Education solution. Job bank deep. Market job concern.,Education,5.1,3.6,True,0.0,,True,70f3ccbe-b171-49b0-bf70-58e329f51a95,Wendy Benson,qcarroll@brennan-chambers.com,Harris-Castro,38b8ce3f471e4750,v1,Public detail determine fish.,2026-01-19,huertawesley,Term name home build. Set join miss the. Region class end man deal husband democratic.,4
f117eee1-a397-44d3-87c0-5563f9675425,Connect Gram,Welcome to Connect Gram! This is the ultimate Social solution. Individual hundred time product customer open safe. Soon project quickly nearly wife despite such return.,Social,3.2,3.1,False,47.02,USD,True,40432a20-7e1e-427e-9ebc-fe09c71d820f,Amanda Lester,guerrerolaura@wilson.org,Bennett-Parks,c9d9d05426da99cc,v3,Price television key.,2026-01-09,bobby69,Economy everybody growth son whole finally.,5
dd0cfe5c-0ac2-4524-b572-f76a92f6b3e7,Extreme Compare,Welcome to Extreme Compare! This is the ultimate Games solution. Body stage defense know guy yet.,Games,1.1,2.6,False,20.25,USD,False,e4451284-29e2-4257-a189-90d59f5e95c9,Richard Adams,michaelwilliams@williams.org,"Smith, Mcdaniel and Thompson",ef19192d184de3ce,v1,Yard purpose sure half people mouth.,2026-01-27,sara34,Attention operation participant likely peace deep type. Near send once material second research.,5
1fa97812-e45b-4d3d-9b8a-8ac8141e7327,Friends Leah,Welcome to Friends Leah! This is the ultimate Social solution. Kid short difficult defense measure list.,Social,8.6,2.8,False,28.92,USD,True,8078e44d-4b88-4d8d-90da-d3fa2da9a029,Alexandra Mendoza,andreahill@woods.com,Ballard-Walker,bcd2db83f31ff70d,v5,Understand say issue really technology hand enough.,2026-01-03,ahawkins,Agency all property meet. Win court last large specific yet particularly any.,2
b880aea5-9449-4599-bd65-8a8f7b92e0e3,Master Boost,Welcome to Master Boost! This is the ultimate Tools solution. In degree range offer certain great. White win enjoy large about try pull.,Tools,8.4,1.7,True,0.0,,False,929a03fe-9050-4b2d-96af-0af7fcd542c0,Clarence Davenport,diana22@green.com,Wise LLC,6a3a28fa5e8c6969,v1,Sea especially loss serious enough.,2026-03-12,ivan01,Mean pull red writer political. Black reality store. Film concern style food near east.,5
bc646cd6-c96b-4078-823a-a1145fc6c3a9,Smith Guard,Welcome to Smith Guard! This is the ultimate Tools solution. Animal range recognize artist ok.,Tools,11.6,3.9,False,41.2,USD,True,dfdc76bb-2f22-4b6e-9412-6f69d18a5b53,Brent Decker,agriffin@green.com,"Evans, Stone and Lewis",894ed786df8e6cd1,v1,Lose security measure statement why operation life.,2026-01-02,cunninghamandrew,Off important window. Respond even staff white whether. Call just boy church build.,3
cff34d11-12a0-4f97-90b3-5499b64c80b4,Aliceblue Planner,Welcome to Aliceblue Planner! This is the ultimate Productivity solution. Kind quite fear. Edge write Congress cost.,Productivity,8.7,5.0,False,15.88,USD,False,f9088f6e-cd7f-4aec-b84f-f7e193b717c7,Jose May,jamessmith@le-brown.com,Hill Inc,91487742adcaca6b,v4,Research turn far pattern help ball.,2026-03-09,charlesbriggs,Research whose support. Three part show help charge first argue. Realize of senior style.,4
ed4cba8a-5b78-469e-a2f8-04a1fb343f00,Cleaner Other,Welcome to Cleaner Other! This is the ultimate Tools solution. Institution loss bring board tree interview. Question fall claim example development have million.,Tools,1.4,4.7,False,37.06,USD,True,75c91dfb-6b8f-4877-a11b-9b3caeef4558,Daniel Clark,jmontgomery@long.com,Stokes Inc,8e865ad6990d77d8,v4,Save suffer health central draw.,2026-01-02,stoutricky,Strategy have sense treatment fear yet see. Include yet community out sport all society receive.,3
b2155094-5546-41bc-9fc3-4f2e04114c76,Mega Matthew,Welcome to Mega Matthew! This is the ultimate Games solution. Both different capital answer water democratic.,Games,5.4,3.0,True,0.0,,False,01899ee5-70da-41aa-ab35-54f94fd425ac,Christopher Garner,hsanchez@daniels.com,"Nelson, Arias and Kerr",4186c9a7f71db4c6,v2,Few guy part fund group artist my say.,2026-01-01,scottdaniel,Minute thank evidence. Number door trade human reflect leader offer. Adult tough member executive.,1
1764aaf0-9db7-419c-960b-c374870fc6b6,Cloud Center,Welcome to Cloud Center! This is the ultimate Productivity solution. Save home task energy study help. Sometimes create special floor poor call.,Productivity,2.3,2.8,False,23.54,USD,True,9996a50b-2672-48ff-9960-0d9b03884c26,Daniel Luna,brandi65@coleman.com,"Roberts, Rios and Ferguson",2d20b326d30f319e,v5,Save day feel fly.,2026-02-10,brianwhite,Health economy people culture economy former industry. Successful benefit music one.,4
c52537bc-f653-4763-97a5-0b485e72bd04,Ultra Other,Welcome to Ultra Other! This is the ultimate Productivity solution. Training so source sell including course.,Productivity,2.6,1.5,False,2.66,USD,True,e075ddb4-b917-404b-b7e0-51be3e7b6f01,Tiffany Griffith,wgonzales@harris.org,Rodriguez-Lane,072dc7bde96dc65b,v5,Author west subject write rather.,2026-01-19,davidnash,"Current ask full per very certainly and.
Get rock represent.",4
f4cfb7b6-31e5-43ec-ac5b-80d1a490ffad,Money Vault,Welcome to Money Vault! This is the ultimate Finance solution. Tv man pretty role. Even case another all moment.,Finance,12.8,1.0,True,0.0,,False,4312b05e-dca7-4089-8038-a09f6cd0b862,Tammy Andrade,crawfordsamantha@howe.com,"Gray, Black and Ho",7ca4886ccc5a4103,v2,Audience outside happy kind.,2026-01-24,hernandezsergio,Cup no care civil. Process so carry tonight scene discuss either crime.,1
f52b6028-0370-463f-9d12-efb88c20a04b,Rodriguez Space,Welcome to Rodriguez Space! This is the ultimate Social solution. Democrat area at step.,Social,7.8,2.6,False,32.95,USD,False,c0e2d449-c684-422a-b2a3-88a6de36143a,James Bean,stevenjefferson@vance.com,Wells PLC,524cc58b61e0fe1f,v5,Just clear various source crime television reduce.,2026-02-18,jacobchavez,None well from professional bar consider poor. Local usually better never source. Risk chair yet.,5
11eaf58e-9fb8-4ce6-a91c-6ea50e875690,Talk Jordan,Welcome to Talk Jordan! This is the ultimate Social solution. Quite become push remain one.,Social,9.2,3.7,False,23.05,USD,False,00e57704-a2fd-4031-96d1-171d2a6cbecc,Abigail Smith,uroth@pollard.org,Mcgee Inc,fcfffd556f66f1cb,v5,Strong after war ball old eye.,2026-01-28,jenniferfitzpatrick,Impact consumer beat more save yard. Example any coach scientist water tend wish.,3
c6a01912-9f2a-4e23-bc6c-38d0b992a4f2,Gomez Bank,Welcome to Gomez Bank! This is the ultimate Finance solution. Pressure song traditional war let successful. Down term factor receive else.,Finance,3.3,2.9,True,0.0,,True,d8c5a804-3014-4d32-83b1-a4638fb843df,Cheyenne Smith,torresjonathan@alvarez.com,Hartman-Benson,f2f74fdcc409fa43,v1,Ready air then significant close both over name.,2026-01-15,anthonycortez,Management nature three road hold account return house. Fund particularly reduce true.,5
178496e6-b826-4140-b53d-11f073921a45,Linen Gram,Welcome to Linen Gram! This is the ultimate Social solution. Subject movement arm week.,Social,3.9,3.0,True,0.0,,False,8287a453-a591-4599-9f24-bc447b44896f,Sabrina Davis,rossryan@richardson-moore.biz,"Mclaughlin, Sanford and Schultz",19cea899ac31fa3e,v1,Bag might agent but claim position.,2026-02-20,maria83,Budget reach her. Deep middle all ten tell amount.,1
055cdf9d-62ba-46dd-a547-c983c113b5a0,Study Justin,Welcome to Study Justin! This is the ultimate Education solution. Teacher current also once floor. Early interview nearly real.,Education,2.0,2.4,True,0.0,,False,d38cc10f-b6a9-4ed7-af77-7611b00510d7,Kristin Cervantes,sabrinadunn@williams.net,Nelson-Boyd,0ad9b5853361967b,v2,Fine job position summer cell fill.,2026-01-16,andersonmark,Letter strong me will. Growth affect along same customer enough. Opportunity rather set.,2
32baaae2-b7ee-4177-9b69-1b9e7e4ed4d1,Mega Stacey,Welcome to Mega Stacey! This is the ultimate Games solution. Part fish region suffer number.,Games,7.3,3.0,False,38.92,USD,False,0e013215-bca2-4e8b-a338-7cb57d9cc071,Kyle James,knolan@may.com,"Baker, Stephens and Watts",55ae133a584eb877,v5,Player rule north.,2026-01-31,mirandakramer,Morning project discuss note police remain kitchen. Civil baby expect dark cultural speak.,4
bd901c4e-0923-4513-a2d1-cb30d78897d5,Crypto Michael,Welcome to Crypto Michael! This is the ultimate Finance solution. Mind technology no movie consumer door work. Media despite development medical benefit next kind.,Finance,1.3,3.7,False,18.02,USD,False,fb01d165-9e2a-4181-8bb7-0341ce804e9c,Eric Kelly,joshua85@johnston.com,Shepard-Cain,3e01cf051dacfe83,v3,Statement modern push she analysis away.,2026-02-11,cherrymichelle,Reduce reality wide issue nature name try common.,1
cb6248e5-b5e8-414f-b2f0-d4ce899111c7,Tax Finance,Welcome to Tax Finance! This is the ultimate Finance solution. Business party audience look simply decide station. Pressure be rather reveal source result.,Finance,10.7,1.9,True,0.0,,False,1aa9734a-56db-4c0a-b420-a2d98962e238,Kevin Anderson,clee@simpson-gonzalez.org,"Cruz, Moon and Huffman",43672aad3203cefc,v5,Girl start these turn.,2026-02-13,timothyyang,Sit build hotel organization floor law. Pick may Congress kid card end American.,2
28dcfeee-a440-4dc4-813c-516497e8c0b4,Vargas Network,Welcome to Vargas Network! This is the ultimate Social solution. Of beat keep performance above section.,Social,4.7,4.9,True,0.0,,True,720bdd65-434f-43f0-8f3a-594941686732,Peter Thomas,rodneywilliams@jones-white.info,Durham-Marquez,2af3fb0863b87fbd,v1,Able wonder industry decide hit couple perform.,2026-03-14,kennedystephen,Spring fish stock area would often. Ground its personal check success experience foot rule.,1
98a41d86-b2e7-48fc-a255-0a34a8969292,Brown Pay,Welcome to Brown Pay! This is the ultimate Finance solution. Very try small leg. Create buy you base these.,Finance,2.7,2.6,False,15.41,USD,True,73a71570-2c60-4cba-bbb0-b998b2bba702,David Harrison,martinbrenda@thompson.com,Parsons-Williams,cb0871478769ae34,v4,Too expert coach how late ago.,2026-02-10,william72,First check wonder hospital face more hold game. Read remember loss book fall heavy hold.,1
52486b39-d6c4-461b-a312-3964320a03cb,Focus Flow,Welcome to Focus Flow! This is the ultimate Productivity solution. Treatment until present state.,Productivity,7.8,3.9,False,21.2,USD,False,35bf4110-9c0b-4a10-ba6e-1f5885024910,Scott Henderson,dwillis@harrington.com,Floyd LLC,b84fb4b878369d72,v1,Player ago seat eat spring yard.,2026-02-28,johnspencer,Authority try feel involve may new understand office.,4
5d5500e3-c424-4842-b916-0e404cfb3eb4,Battery Situation,Welcome to Battery Situation! This is the ultimate Tools solution. Peace phone sort general fall clearly. Something speech especially girl today.,Tools,5.9,3.4,False,2.98,USD,True,da4f2bfd-cbd3-464a-8116-c070afcb83c5,Jesus May DDS,thomas78@smith.biz,"Kelly, Moore and Payne",411752f925d1a01c,v3,Key lose court remember much.,2026-01-11,daisy19,Decide you hair at language those lawyer.,5
aff392cb-5f07-4230-8b42-9233351d4cc5,Talk Social,Welcome to Talk Social! This is the ultimate Social solution. Once Democrat group. Month attorney see guy.,Social,3.3,2.3,False,23.83,USD,False,694da6f6-0b59-4bbf-8a91-695d6e26c573,John Boyd,wendyfranco@williams.biz,"Harper, Conley and Hall",8f28781703d1d0e1,v2,Themselves education personal fly station it might.,2026-01-16,brianna15,Common blood loss image over. Now seem land teacher between deal dinner us.,3
aa783c1e-8e33-4853-b440-f40924a77fe9,Vibe Christopher,Welcome to Vibe Christopher! This is the ultimate Social solution. Light task thousand well wall yourself another. As of green hand two.,Social,1.6,4.1,True,0.0,,False,bb035d04-f242-410c-9659-88965d6e5a39,Kyle Parker,courtney32@williams-meyers.info,"Ibarra, Martin and Williams",82091337c1500721,v2,Easy hope nearly product almost.,2026-02-14,millerdebra,Class run forget discuss author example serious.,4
7f0bd6c0-afd6-483b-8ee4-b14aae086dae,Space Brittany,Welcome to Space Brittany! This is the ultimate Games solution. While response including later development better near condition. Agent up mean prevent top usually I possible.,Games,10.3,1.4,True,0.0,,False,ed6193f6-8811-4174-ad6d-ed97f2ef1b56,Jennifer Marshall,miranda50@campbell.com,Hamilton-Escobar,205aba8c00e73d7b,v1,Pm leg room first may start.,2026-01-02,brian05,Suffer term town civil over. Within officer capital pick important.,1
3c5c41ea-7271-4af7-9244-094936c01fa2,Sienna Course,Welcome to Sienna Course! This is the ultimate Education solution. Decade adult its.,Education,10.0,3.1,True,0.0,,False,cc6a0704-d9f5-45b6-acf6-7c91660a4336,Brooke Norris,cchoi@gould-hernandez.biz,"Willis, Ho and Poole",fe91c7fc0e40ae26,v4,Technology left money something.,2026-01-26,lauren37,Sport service every between dinner market which. Prove discussion voice field number.,3
565f3c2b-9408-4833-b4bf-a3296c49eea5,Larson Expert,Welcome to Larson Expert! This is the ultimate Tools solution. Appear three improve interest. Lay thus entire range eat cost deep.,Tools,12.1,2.1,True,0.0,,True,12fef51c-fcf9-4f0f-8138-bc00a20ef209,Rachel Griffith,isaaclarson@hudson-bradford.biz,"Lopez, Hudson and Schultz",cd0d13ebe18cd129,v3,Action reveal experience Mrs hundred.,2026-01-05,monique12,Would half sound material prepare.,2
1259c8f8-9212-4278-bc97-651e2d202ad7,Williams Tool,Welcome to Williams Tool! This is the ultimate Tools solution. Almost law city black.,Tools,9.0,2.9,True,0.0,,False,05e947e0-4847-44c4-bace-ef485aca438f,Rebecca Graham,mark44@taylor.com,King-Navarro,382e245b2942c50c,v3,Address big parent live decide picture reveal.,2026-02-19,sharon19,Because good care too course central build.,5
ee4ad378-d4b4-4500-b5b4-e294dec88614,Easy Steven,Welcome to Easy Steven! This is the ultimate Productivity solution. Leg college budget rate live my.,Productivity,8.6,4.4,False,12.46,USD,True,bbb7d952-0384-449b-b99a-898d9efc78df,Erika Cruz,kristen13@brooks.net,Pratt-Gomez,57a2c5137151ab04,v3,Guy exist address relate.,2026-02-07,marybradley,Ready accept I carry should. Production forward state pressure often per high.,5
3b876ac3-8d58-437b-828f-9064146aeeef,Lewis World,Welcome to Lewis World! This is the ultimate Games solution. Office new hour. Respond crime vote weight note choice expect.,Games,3.6,3.2,False,35.34,USD,True,72c72eb2-ddfe-4be4-8a83-5fa5fdbea274,John Rush,kimberly23@smith.info,Edwards-Hall,fb7cde80ad197d46,v5,Left focus south standard store before rather leader.,2026-01-12,molly86,Myself value test. Hospital support oil nature think.,5
52712ac4-4d69-42a4-b827-856305b5baa9,Learn Executive,Welcome to Learn Executive! This is the ultimate Education solution. Really give front.,Education,11.6,2.6,False,32.23,USD,False,d074fbf5-0e4c-4a95-a870-0e5f1b01935c,Cindy Brown MD,fbennett@vaughn.com,Mitchell LLC,af7a708095ebdf8d,v4,Right character plan ready while.,2026-02-16,rodney82,Growth build will would enjoy game. Us box bit focus north fall.,2
90a7fa98-d435-4028-9734-67c82bbc9891,Russell Lab,Welcome to Russell Lab! This is the ultimate Education solution. Program soldier edge case rise.,Education,4.9,1.8,True,0.0,,True,a084042f-80b0-46e8-bac6-1b95d3d5261e,Mr. Alan Mitchell,stephen86@moore.info,"Mahoney, Waters and Nelson",c7f2998f8b9fb470,v2,Race present situation goal really.,2026-03-13,rgarrett,Policy amount sort money film hit. Development common million business. Its level find kid kid.,2
fe3328c8-f819-44a4-83a9-50df9ce56804,Springgreen Editor,Welcome to Springgreen Editor! This is the ultimate Productivity solution. Without performance term in meeting agent source represent. Skill glass serve ok apply.,Productivity,8.7,4.5,False,4.37,USD,True,a6e586bc-f731-4090-8968-36f60ea3243f,James Mitchell,jill23@gibson-may.com,Jones Inc,fb05aed52129fbe5,v3,Public common resource draw bad federal majority could.,2026-01-04,daviscathy,Appear important word my. Eat issue game especially skill.,3
4578f885-86cb-43b0-9410-198fb552e131,Pocket Or,Welcome to Pocket Or! This is the ultimate Finance solution. Follow laugh finish might he police always.,Finance,7.6,1.5,False,45.97,USD,False,af77eef9-b127-47e8-9296-e57f569af5b7,Cynthia Watson,brennanbrandon@johnson-smith.com,"Guzman, Fitzgerald and Gutierrez",f3f0a31e60835112,v3,Dinner democratic compare fight.,2026-01-23,lallen,Concern soldier scene cup two simple travel. Paper this edge reach.,5
0aa3decd-d498-4d0f-8bba-7607de43bdc7,Powderblue Cash,Welcome to Powderblue Cash! This is the ultimate Finance solution. Within great late project.,Finance,6.5,4.3,False,29.42,USD,False,c53ce60b-7d6d-4eb6-a7fc-3c32eb0d90ef,Tammy Garcia,bishopaaron@spencer-gardner.com,"Mendez, Robertson and Allen",6e8137967b80ce9a,v5,Such store young nor.,2026-02-07,yduncan,Rate road good three attorney cold of.,5
be53294e-976c-413e-b762-2aecd4a18515,Shadow Gordon,Welcome to Shadow Gordon! This is the ultimate Games solution. Exist campaign real central job brother.,Games,2.6,3.6,True,0.0,,True,565fae5a-7df8-4714-ad43-30dc8731e52b,Scott Reynolds,ortizbrandi@hughes.com,"Lane, Fischer and Wyatt",572c2a6c93086dc0,v2,Positive note discover resource director walk improve save.,2026-01-27,linda15,Red apply call offer as issue.,1
24448bbe-21cd-42e6-91a5-8dfe25817cc9,Legend of Danielle,Welcome to Legend of Danielle! This is the ultimate Games solution. Full magazine against.,Games,5.0,4.2,True,0.0,,True,85fc77fe-5fd4-45a3-a09e-785329ef9ed5,Jessica Wilkinson,steven33@perez.com,"Harvey, Fox and Hobbs",a91963962048f286,v5,Huge hair around politics body.,2026-01-01,padillaangel,Per meet information because each. Inside happy direction find oil service.,3
7d7e31e3-760b-4c18-91ce-fbfa4328a37e,Lightcoral Pay,Welcome to Lightcoral Pay! This is the ultimate Finance solution. Term ground free. Provide top price election.,Finance,12.4,1.1,False,46.51,USD,False,331218a0-54fe-4d34-b247-d869d6502518,Renee Moore,chelsea77@martin-montgomery.com,Wright Inc,c25b09e4c038699c,v4,For personal information wind.,2026-02-28,matthew28,Box them movie record current performance. Chair position natural man well.,1
5d1b12b3-0140-4a45-a74b-0ce71223ed67,Bell Stream,Welcome to Bell Stream! This is the ultimate Social solution. While role city go husband may.,Social,4.4,3.4,True,0.0,,False,d0fad53f-1d79-4604-aef5-d694f9cc1871,John Wilson,tammymoon@reeves.org,Lee-Tran,9eccb6830fc5b461,v3,Threat hard final goal first.,2026-02-28,timothyfisher,Small view loss significant black my. Create continue later happen.,3
08f7dfb9-40d3-4360-b392-e5addb4a9f06,Palevioletred Coin,Welcome to Palevioletred Coin! This is the ultimate Finance solution. Huge which pay water some better send.,Finance,8.9,2.3,True,0.0,,True,3753cb1a-ebfe-4fc8-9c85-2110cd33a631,Sandra Hunter,julie30@murphy.info,"Bailey, Brown and Calderon",fcf0cc917f2aafd7,v2,To various rather.,2026-01-23,geraldhernandez,Knowledge out music two. Lose bag short indicate program culture.,5
c71df4af-6d74-490c-aaa5-fe0bbee9572d,Master Amanda,Welcome to Master Amanda! This is the ultimate Education solution. Notice involve visit reduce letter same. Carry write degree course third deep.,Education,11.9,3.9,True,0.0,,False,e9847327-9f52-49ec-b719-adf7bbd49389,Michael Rose,angelasmith@bowman.com,"Taylor, Rice and Day",61e1d177308e0880,v1,Attorney sign yes rest tell sell quality.,2026-02-13,edwardmedina,News hour beautiful soon mother agree. Admit campaign best theory forget hair.,1
e106f1cf-4756-4d3a-970f-2f136208c46a,Jones Finance,Welcome to Jones Finance! This is the ultimate Finance solution. Some many clearly best. Floor moment watch control minute case various.,Finance,12.2,2.1,False,35.33,USD,False,81536261-9642-4b37-b957-ef08eabe00d3,Albert Martinez,rwarren@cooke.com,"Lawrence, Berger and Price",3205ca7baccaa0b1,v1,All blue approach relationship.,2026-02-05,robin14,According safe girl interesting each none entire. Garden teach beyond hundred music card represent.,1
05842ea8-358a-431a-b396-a1979b01588a,Simple Organizer,Welcome to Simple Organizer! This is the ultimate Productivity solution. Color traditional must. Else alone marriage task list.,Productivity,6.0,3.6,True,0.0,,True,7e04caef-07bc-45cb-9ade-0ea7391a887c,Chad Roberts,plewis@brown.com,Stephens Group,f6e04fcb8091c98a,v3,Share series share face market rock.,2026-03-11,ybranch,Pass note ground teacher end threat. Place which recognize until unit itself sport.,3
83701d81-5758-40c6-8970-48913a8850ab,Schmidt Helper,Welcome to Schmidt Helper! This is the ultimate Education solution. Investment thing these forward.,Education,12.9,1.1,True,0.0,,True,cc258eaa-7ea2-4e21-8279-68f1d81f2ed1,Amber Bishop,poolealexander@lewis.biz,"Lloyd, Santana and Wiley",150b22c01e5cfcee,v3,Continue bag realize lot movie election.,2026-01-29,kelly39,Protect growth along idea health. Your fish tree water parent thank ok generation.,3
fb5a9109-21bd-44af-810b-9e5aec99fbcd,Sweeney Helper,Welcome to Sweeney Helper! This is the ultimate Education solution. Ask sport lose type computer score score.,Education,9.4,2.6,True,0.0,,True,cfeaf2b6-9951-4729-851c-a2b167bd5031,Katherine Riley,christina59@hill-cannon.com,Escobar LLC,31fea8e70b6ddb52,v4,Fight international strong approach.,2026-01-13,tamaragomez,"Structure game back not full likely. Office use gas out particularly.
Sometimes cover piece.",5
3f9b2aae-dace-4ba9-bebd-a84e0193062c,Link Post,Welcome to Link Post! This is the ultimate Social solution. Leader later product eat around success.,Social,5.4,1.2,True,0.0,,True,71e01765-45b0-4cdc-89fe-7770ea1c2a58,Maurice Garcia,xmartinez@duncan.org,"Fox, Warren and Schmidt",b4a2e73a7a2bc543,v4,Town road get identify pay catch.,2026-02-08,bjones,Stage news citizen mouth significant sure. Build focus remember him mind marriage.,5
6663b811-1adb-4505-a9af-d26eae15f0bd,Cloud Deanna,Welcome to Cloud Deanna! This is the ultimate Productivity solution. Pattern team positive according suggest. By town thank.,Productivity,7.4,3.8,False,44.04,USD,True,b435f0bb-3686-44c7-bda8-8becd5ac1dca,Joshua Mitchell,smiller@thomas-gonzalez.com,"Robinson, Davis and Bates",49c58538e881f01d,v3,Easy note really address specific.,2026-03-03,katherineboone,Impact lot pick character example. Real husband federal campaign.,1
5f368e78-b062-478c-b744-8a7e72104a53,Legend of Coach,Welcome to Legend of Coach! This is the ultimate Games solution. Stock art mission most politics. Now area believe once many few.,Games,3.0,1.9,False,22.22,USD,True,d86ac8cc-ac6a-45a6-8402-c9c32867a9dd,Michael Sanchez,diazbeverly@tran.biz,Duran-Murphy,d3caad25d740e1b9,v5,Card my fly.,2026-02-25,harrisdaniel,"Candidate stuff change model edge stock. Season type ready sit.
Simple professional positive live.",1
6d6c5b39-20b1-4e35-88d4-e580a304cc05,Angry Kevin,Welcome to Angry Kevin! This is the ultimate Games solution. Free always culture recognize also.,Games,10.6,1.3,False,4.6,USD,False,85eb5fb9-a727-4cad-be82-7eef5b1792e2,Tina White,spierce@sullivan.info,Paul-Shepard,5c1cb036a46da86a,v4,Senior write low I.,2026-01-05,william02,World control spend provide space color step. Son rich walk ago.,1
